user_id,age,gender,country,profession,primary_platform,platforms_used_count,daily_usage_hours,sessions_per_day,avg_session_duration_min,preferred_device,peak_usage_time,followers_count,following_count,posts_per_week,likes_given_per_day,comments_per_day,shares_per_day,dms_sent_per_day,preferred_content_type,scroll_speed,ad_click_rate,purchased_via_social_media,monthly_spend_via_social_usd,primary_purpose,sleep_disruption,self_reported_mental_health_score,screen_time_concern,notification_frequency,privacy_setting,influencer_status,account_join_date,mood_while_scrolling,takes_social_media_breaks,age_group,account_tenure_days,mental_health_level,total_engagement
USR00001,30,Female,UK,Doctor,Facebook,1,1.6,2,48.0,Smartphone,Late Night (12am+),353,99,1,17,1,3,8,Photos,Medium,0.089,Yes,67.72,Entertainment,No impact,3.9,No,Do Not Disturb,Friends Only,No,2022-10-21,Neutral,No,25-34,1293,Low,21
USR00002,25,Male,USA,Entrepreneur,Instagram,2,2.4,5,28.8,Smartphone,Afternoon (12-4pm),276,514,2,28,3,4,16,Memes,Medium,0.065,Yes,1.62,News & Updates,Moderate impact,4.2,No,Selected,Public,No,2024-12-03,Neutral,Yes,25-34,519,Medium,35
USR00003,32,Male,UAE,Freelancer,TikTok,5,0.5,6,5.0,Smartphone,Night (9pm-12am),203,422,3,26,4,2,7,Videos,Slow,0.278,No,0.0,Learning,Mild impact,4.8,Yes,Always On,Friends Only,No,2023-03-29,Happy,Yes,25-34,1134,Medium,32
USR00004,39,Prefer not to say,Pakistan,Other,TikTok,4,3.0,7,25.7,Smartphone,Evening (6-9pm),29083,474,1,16,3,1,12,Entertainment,Fast,0.094,No,0.0,Entertainment,Mild impact,7.9,Somewhat,Always On,Public,Yes,2024-04-26,Happy,No,35-44,740,High,20
USR00005,25,Male,UK,Other,YouTube,3,3.9,7,33.4,Tablet,Evening (6-9pm),104,197,2,27,7,4,7,Photos,Fast,0.075,No,0.0,Entertainment,Mild impact,6.5,No,Do Not Disturb,Public,No,2023-09-08,Inspired,No,25-34,971,Medium,38
USR00006,25,Female,India,Other,Facebook,3,4.6,7,39.4,Smartphone,Afternoon (12-4pm),866,123,3,11,5,2,10,Videos,Fast,0.013,Sometimes,55.01,Business/Marketing,Mild impact,6.1,No,Selected,Friends Only,No,2023-07-18,Relaxed,Yes,25-34,1023,Medium,18
USR00007,39,Female,India,Teacher,Snapchat,1,0.7,6,7.0,Laptop,Night (9pm-12am),1932,212,3,17,5,2,4,Memes,Medium,0.435,No,0.0,Business/Marketing,Moderate impact,6.9,Yes,Always On,Friends Only,No,2022-05-05,Happy,Yes,35-44,1462,Medium,24
USR00008,33,Female,UAE,Freelancer,Instagram,2,1.5,5,18.0,Smartphone,Morning (6-10am),2067,446,4,20,7,2,10,Entertainment,Fast,0.205,No,0.0,Business/Marketing,Mild impact,9.7,No,Off,Public,No,2022-12-25,Bored,Yes,25-34,1228,High,29
USR00009,23,Female,Brazil,Marketer,Twitter/X,2,4.4,5,52.8,Tablet,Late Night (12am+),598,17,6,21,6,1,7,Memes,Medium,0.086,No,0.0,Learning,No impact,3.1,Yes,Selected,Friends Only,No,2024-05-24,Happy,Occasionally,18-24,712,Low,28
USR00010,31,Male,Brazil,Doctor,Instagram,1,2.3,8,17.2,Desktop,Afternoon (12-4pm),431,392,2,13,5,1,4,Educational,Medium,0.197,Sometimes,2.85,Learning,Moderate impact,5.6,Yes,Selected,Friends Only,No,2024-10-12,Stressed,No,25-34,571,Medium,19
USR00011,23,Female,USA,Freelancer,Instagram,3,3.9,7,33.4,Smartphone,Night (9pm-12am),1499,354,5,28,10,1,7,Reels/Shorts,Medium,0.153,No,0.0,News & Updates,No impact,1.0,Yes,Do Not Disturb,Public,No,2022-04-07,Happy,No,18-24,1490,Low,39
USR00012,23,Male,Pakistan,Student,Twitter/X,1,1.0,4,15.0,Laptop,Morning (6-10am),1074,263,2,25,5,5,9,Reels/Shorts,Fast,0.234,Sometimes,15.98,Entertainment,Severe impact,7.1,No,Selected,Friends Only,No,2023-12-07,Neutral,Occasionally,18-24,881,High,35
USR00013,28,Female,Australia,Other,Instagram,4,5.8,5,69.6,Smartphone,Night (9pm-12am),417,204,2,21,3,1,7,Stories,Medium,0.061,Yes,31.78,Entertainment,Mild impact,8.2,No,Always On,Friends Only,No,2024-02-20,Inspired,Occasionally,25-34,806,High,25
USR00014,13,Male,USA,Teacher,Instagram,3,0.9,8,6.8,Smart TV,Late Night (12am+),39,11,3,20,2,1,11,Entertainment,Medium,0.152,No,0.0,Learning,No impact,5.6,Yes,Do Not Disturb,Friends Only,No,2024-12-10,Relaxed,Yes,Under 18,512,Medium,23
USR00015,13,Female,USA,Doctor,Facebook,2,2.9,5,34.8,Smartphone,Afternoon (12-4pm),286,144,4,22,1,3,7,Videos,Fast,0.13,No,0.0,Socializing,Mild impact,7.4,No,Always On,Private,No,2023-10-15,Neutral,Occasionally,Under 18,934,High,26
USR00016,22,Female,India,Engineer,Twitter/X,5,3.0,2,90.0,Smartphone,Evening (6-9pm),84,2095,3,18,5,3,6,Memes,Fast,0.142,No,0.0,Learning,Mild impact,3.4,Yes,Off,Public,No,2024-05-02,Relaxed,No,18-24,734,Low,26
USR00017,18,Female,USA,Freelancer,TikTok,5,1.8,3,36.0,Smartphone,Night (9pm-12am),200,248,4,22,9,0,12,Memes,Fast,0.147,No,0.0,News & Updates,No impact,7.1,Somewhat,Selected,Friends Only,No,2024-04-16,Bored,Yes,18-24,750,High,31
USR00018,29,Male,Nigeria,Designer,Facebook,3,3.5,7,30.0,Smartphone,Night (9pm-12am),706,169,4,16,3,1,7,Memes,Medium,0.036,No,0.0,Networking,No impact,10.0,Somewhat,Selected,Public,No,2022-11-02,Stressed,No,25-34,1281,High,20
USR00019,19,Female,Australia,Other,YouTube,3,3.6,3,72.0,Smartphone,Morning (6-10am),1268,249,5,13,5,3,8,Educational,Medium,0.059,No,0.0,Entertainment,Severe impact,5.5,No,Off,Public,No,2023-09-07,Stressed,Occasionally,18-24,972,Medium,21
USR00020,15,Female,Pakistan,Entrepreneur,Instagram,2,3.4,8,25.5,Smartphone,Morning (6-10am),16396,374,3,21,5,3,7,Photos,Medium,0.096,No,0.0,News & Updates,Mild impact,7.0,Yes,Always On,Private,Yes,2024-02-10,Relaxed,Occasionally,Under 18,816,Medium,29
USR00021,38,Male,Canada,Doctor,YouTube,5,1.8,1,108.0,Smartphone,Afternoon (12-4pm),252,539,2,22,3,1,8,Videos,Medium,0.408,Sometimes,20.88,Networking,No impact,5.1,Somewhat,Selected,Private,No,2023-01-12,Inspired,Occasionally,35-44,1210,Medium,26
USR00022,25,Female,USA,Freelancer,Facebook,1,1.6,5,19.2,Laptop,Morning (6-10am),2682,185,5,15,7,2,10,Memes,Medium,0.083,No,0.0,News & Updates,Mild impact,6.5,Somewhat,Do Not Disturb,Friends Only,No,2024-08-27,Happy,No,25-34,617,Medium,24
USR00023,27,Female,Nigeria,Marketer,TikTok,1,1.9,3,38.0,Laptop,Evening (6-9pm),1153,407,4,27,2,1,6,Photos,Medium,0.01,No,0.0,Networking,No impact,8.2,No,Selected,Public,No,2023-05-09,Neutral,Yes,25-34,1093,High,30
USR00024,15,Female,Germany,Marketer,Instagram,1,1.4,5,16.8,Smartphone,Evening (6-9pm),6855,1829,1,16,9,2,9,News,Fast,0.07,Yes,15.68,Entertainment,No impact,7.3,Yes,Selected,Public,No,2023-04-07,Happy,Occasionally,Under 18,1125,High,27
USR00025,22,Female,India,Marketer,LinkedIn,1,5.1,5,61.2,Smartphone,Night (9pm-12am),1876,818,0,21,6,5,2,News,Medium,0.083,No,0.0,Entertainment,No impact,6.0,No,Always On,Friends Only,No,2023-09-08,Neutral,Occasionally,18-24,971,Medium,32
USR00026,27,Female,Germany,Other,TikTok,5,2.1,2,63.0,Smartphone,Afternoon (12-4pm),108,4057,3,23,3,0,8,Videos,Medium,0.227,Yes,28.04,Socializing,Moderate impact,6.0,Yes,Selected,Friends Only,No,2022-10-23,Stressed,Occasionally,25-34,1291,Medium,26
USR00027,17,Male,Nigeria,Entrepreneur,Instagram,5,2.9,7,24.9,Laptop,Morning (6-10am),29,111,5,18,0,2,5,Memes,Medium,0.077,Sometimes,73.34,News & Updates,No impact,4.0,No,Selected,Friends Only,No,2024-08-06,Neutral,Yes,Under 18,638,Low,20
USR00028,30,Male,USA,Designer,Instagram,2,4.3,2,129.0,Smartphone,Night (9pm-12am),1164,1828,4,20,9,3,12,News,Medium,0.07,Sometimes,1.49,Business/Marketing,Mild impact,8.0,Somewhat,Always On,Friends Only,No,2022-04-29,Inspired,No,25-34,1468,High,32
USR00029,22,Male,Australia,Student,Snapchat,3,1.3,4,19.5,Laptop,Evening (6-9pm),256,94,9,13,7,1,7,Videos,Medium,0.035,No,0.0,Networking,No impact,7.5,Somewhat,Selected,Public,No,2024-04-25,Happy,Yes,18-24,741,High,21
USR00030,24,Female,Pakistan,Researcher,Facebook,5,0.9,5,10.8,Tablet,Morning (6-10am),113,374,1,15,4,3,8,Educational,Medium,0.072,Sometimes,24.98,Networking,Mild impact,3.9,Yes,Always On,Public,No,2024-05-03,Relaxed,No,18-24,733,Low,22
USR00031,22,Male,UK,Marketer,YouTube,5,1.4,4,21.0,Smartphone,Late Night (12am+),67,589,2,25,1,0,9,News,Slow,0.378,No,0.0,Learning,Mild impact,6.5,Yes,Selected,Public,No,2024-12-21,Relaxed,No,18-24,501,Medium,26
USR00032,41,Male,Pakistan,Marketer,YouTube,3,3.1,4,46.5,Smartphone,Late Night (12am+),888,132,3,21,5,2,10,News,Fast,0.146,Sometimes,0.03,Networking,Mild impact,4.5,Somewhat,Do Not Disturb,Public,No,2022-10-02,Bored,No,35-44,1312,Medium,28
USR00033,26,Male,India,Marketer,Twitter/X,4,3.0,5,36.0,Smartphone,Afternoon (12-4pm),10035,271,7,21,5,6,7,Educational,Fast,0.023,No,0.0,Learning,Mild impact,5.4,Yes,Selected,Public,Yes,2024-03-06,Happy,Occasionally,25-34,791,Medium,32
USR00034,18,Female,USA,Marketer,Pinterest,1,3.4,4,51.0,Smartphone,Afternoon (12-4pm),318,729,4,33,2,4,7,Photos,Fast,0.03,No,0.0,Entertainment,Moderate impact,7.7,Somewhat,Always On,Public,No,2023-05-13,Bored,No,18-24,1089,High,39
USR00035,33,Male,Australia,Designer,TikTok,5,2.4,4,36.0,Smartphone,Late Night (12am+),1924,104,6,16,5,1,11,Memes,Medium,0.123,Sometimes,2.76,Business/Marketing,Moderate impact,8.0,Yes,Do Not Disturb,Friends Only,No,2023-06-07,Stressed,No,25-34,1064,High,22
USR00036,17,Male,Nigeria,Freelancer,Twitter/X,5,0.5,5,6.0,Laptop,Evening (6-9pm),553,1813,3,22,5,1,12,Photos,Medium,0.043,No,0.0,Networking,Mild impact,7.5,No,Do Not Disturb,Private,No,2023-02-21,Happy,Yes,Under 18,1170,High,28
USR00037,28,Female,Pakistan,Marketer,Snapchat,1,2.4,7,20.6,Desktop,Night (9pm-12am),65,46,4,13,5,2,10,News,Fast,0.041,No,0.0,Business/Marketing,Mild impact,5.7,No,Do Not Disturb,Friends Only,No,2023-11-08,Happy,Yes,25-34,910,Medium,20
USR00038,13,Female,Nigeria,Designer,Facebook,5,4.7,6,47.0,Smartphone,Morning (6-10am),2496,2508,2,15,2,3,8,Stories,Medium,0.282,Sometimes,157.07,Business/Marketing,Moderate impact,7.0,Yes,Do Not Disturb,Private,No,2022-06-11,Bored,No,Under 18,1425,Medium,20
USR00039,16,Female,Canada,Marketer,Snapchat,3,5.5,6,55.0,Smartphone,Evening (6-9pm),92,813,1,30,2,1,13,Educational,Medium,0.2,Sometimes,47.78,News & Updates,No impact,4.8,No,Do Not Disturb,Friends Only,No,2024-07-10,Stressed,Occasionally,Under 18,665,Medium,33
USR00040,28,Female,Pakistan,Other,Facebook,5,2.8,8,21.0,Tablet,Evening (6-9pm),691,219,1,23,5,3,3,Reels/Shorts,Fast,0.108,Sometimes,18.39,News & Updates,Severe impact,7.6,No,Do Not Disturb,Friends Only,No,2024-01-30,Inspired,Yes,25-34,827,High,31
USR00041,32,Male,USA,Researcher,YouTube,2,3.0,5,36.0,Smartphone,Night (9pm-12am),359,150,2,24,6,5,10,Entertainment,Medium,0.11,Yes,152.12,News & Updates,Moderate impact,6.2,No,Always On,Public,No,2022-07-09,Inspired,Occasionally,25-34,1397,Medium,35
USR00042,28,Male,Brazil,Student,Instagram,5,3.8,2,114.0,Smartphone,Night (9pm-12am),3319,133,1,16,4,0,6,Photos,Medium,0.034,Yes,28.76,Networking,Mild impact,5.3,Yes,Always On,Friends Only,No,2023-01-26,Relaxed,No,25-34,1196,Medium,20
USR00043,26,Female,USA,Entrepreneur,TikTok,1,5.4,4,81.0,Smartphone,Night (9pm-12am),99,207,3,21,1,4,9,Photos,Fast,0.168,Sometimes,57.58,Entertainment,Mild impact,4.9,No,Always On,Friends Only,No,2022-04-16,Relaxed,Occasionally,25-34,1481,Medium,26
USR00044,24,Male,UK,Marketer,TikTok,3,2.6,6,26.0,Smartphone,Night (9pm-12am),1344,230,1,15,3,2,3,Reels/Shorts,Medium,0.084,No,0.0,Entertainment,No impact,7.4,Somewhat,Selected,Friends Only,No,2023-07-04,Neutral,No,18-24,1037,High,20
USR00045,15,Male,Canada,Other,Instagram,5,3.8,3,76.0,Smartphone,Afternoon (12-4pm),146,1103,2,17,4,1,8,Reels/Shorts,Fast,0.188,Yes,98.08,Entertainment,No impact,6.0,Yes,Always On,Private,No,2024-02-12,Relaxed,Occasionally,Under 18,814,Medium,22
USR00046,21,Female,Canada,Teacher,TikTok,4,1.7,3,34.0,Smartphone,Morning (6-10am),265,2597,2,27,6,4,8,Reels/Shorts,Fast,0.03,Yes,106.66,Networking,Mild impact,5.3,Yes,Do Not Disturb,Private,No,2022-03-22,Relaxed,Occasionally,18-24,1506,Medium,37
USR00047,23,Male,Pakistan,Doctor,Instagram,3,1.0,5,12.0,Smartphone,Late Night (12am+),0,310,2,23,3,4,10,Videos,Fast,0.061,Sometimes,69.71,Learning,No impact,5.3,Yes,Selected,Friends Only,No,2022-05-30,Inspired,No,18-24,1437,Medium,30
USR00048,35,Female,India,Other,TikTok,3,1.9,5,22.8,Smartphone,Evening (6-9pm),28732,88,5,18,4,2,4,Memes,Fast,0.147,No,0.0,Socializing,No impact,4.0,Yes,Do Not Disturb,Private,Yes,2023-01-21,Inspired,Yes,35-44,1201,Low,24
USR00049,29,Male,USA,Doctor,Facebook,4,6.1,6,61.0,Smartphone,Evening (6-9pm),1791,127,2,18,10,4,3,Videos,Fast,0.028,Yes,0.12,Networking,Severe impact,6.5,Yes,Always On,Friends Only,No,2023-03-21,Relaxed,Occasionally,25-34,1142,Medium,32
USR00050,13,Female,UK,Engineer,TikTok,5,3.9,2,117.0,Smartphone,Evening (6-9pm),167,196,5,14,3,1,4,Videos,Medium,0.144,Yes,80.06,News & Updates,No impact,6.7,No,Selected,Public,No,2024-09-08,Stressed,Yes,Under 18,605,Medium,18
USR00051,29,Male,Pakistan,Freelancer,TikTok,2,1.1,6,11.0,Smartphone,Night (9pm-12am),87,71,5,20,2,3,10,Stories,Medium,0.045,No,0.0,Learning,Moderate impact,3.5,No,Selected,Friends Only,No,2023-03-04,Bored,Occasionally,25-34,1159,Low,25
USR00052,23,Male,Germany,Researcher,Instagram,1,4.0,4,60.0,Laptop,Night (9pm-12am),272,59,3,23,10,2,4,Reels/Shorts,Fast,0.074,Yes,15.79,Socializing,Mild impact,4.3,Somewhat,Selected,Private,No,2023-11-13,Inspired,Occasionally,18-24,905,Medium,35
USR00053,21,Male,Australia,Designer,TikTok,3,1.1,3,22.0,Smartphone,Night (9pm-12am),2417,3030,4,25,7,1,6,Videos,Medium,0.15,Yes,22.24,News & Updates,Mild impact,3.2,No,Do Not Disturb,Friends Only,No,2023-09-13,Relaxed,No,18-24,966,Low,33
USR00054,31,Non-binary,India,Teacher,LinkedIn,2,3.3,4,49.5,Smartphone,Late Night (12am+),22,351,2,18,4,2,6,Educational,Medium,0.028,No,0.0,Networking,Moderate impact,8.4,Somewhat,Off,Private,No,2022-02-01,Inspired,Occasionally,25-34,1555,High,24
USR00055,35,Female,UK,Other,Facebook,1,1.3,2,39.0,Smartphone,Evening (6-9pm),515,90,0,21,4,2,6,News,Fast,0.076,No,0.0,News & Updates,No impact,7.3,Somewhat,Always On,Public,No,2023-03-10,Neutral,Yes,35-44,1153,High,27
USR00056,34,Female,USA,Marketer,Facebook,1,1.0,6,10.0,Smartphone,Evening (6-9pm),16109,651,1,25,5,2,12,Memes,Fast,0.137,Yes,18.08,News & Updates,Moderate impact,8.2,No,Selected,Public,Yes,2023-01-25,Stressed,Yes,25-34,1197,High,32
USR00057,20,Male,Pakistan,Teacher,Instagram,5,6.7,8,50.2,Smartphone,Night (9pm-12am),86,59,5,25,4,1,7,News,Medium,0.186,No,0.0,Learning,Moderate impact,9.1,No,Always On,Public,No,2022-08-29,Neutral,Occasionally,18-24,1346,High,30
USR00058,24,Female,Pakistan,Teacher,YouTube,2,2.1,5,25.2,Smartphone,Afternoon (12-4pm),768,65,5,20,1,6,9,Stories,Slow,0.024,Sometimes,1.13,Entertainment,No impact,7.0,Somewhat,Always On,Friends Only,No,2024-09-07,Neutral,Yes,18-24,606,Medium,27
USR00059,29,Female,India,Freelancer,Instagram,3,3.8,6,38.0,Desktop,Night (9pm-12am),35100,93,5,27,6,2,7,Videos,Medium,0.022,No,0.0,Business/Marketing,Mild impact,6.1,Somewhat,Do Not Disturb,Public,Yes,2023-05-12,Neutral,Occasionally,25-34,1090,Medium,35
USR00060,34,Male,Nigeria,Researcher,TikTok,3,2.7,5,32.4,Desktop,Afternoon (12-4pm),2075,1781,2,17,4,2,3,News,Medium,0.086,No,0.0,Business/Marketing,No impact,6.6,No,Off,Private,No,2023-02-23,Stressed,No,25-34,1168,Medium,23
USR00061,23,Male,Australia,Entrepreneur,Pinterest,5,1.2,5,14.4,Smartphone,Afternoon (12-4pm),834,180,10,22,4,1,9,Entertainment,Medium,0.104,No,0.0,Learning,Moderate impact,5.0,Yes,Selected,Friends Only,No,2024-03-23,Happy,Yes,18-24,774,Medium,27
USR00062,25,Male,USA,Student,Facebook,3,2.2,6,22.0,Laptop,Evening (6-9pm),1655,13,0,12,2,1,4,Memes,Medium,0.175,Yes,22.72,Learning,Moderate impact,4.8,No,Selected,Public,No,2023-05-06,Neutral,Occasionally,25-34,1096,Medium,15
USR00063,18,Prefer not to say,UAE,Marketer,Twitter/X,1,1.2,4,18.0,Smartphone,Evening (6-9pm),323,1045,4,23,2,1,6,Memes,Fast,0.029,No,0.0,News & Updates,Mild impact,5.4,Somewhat,Always On,Public,No,2023-10-21,Relaxed,No,18-24,928,Medium,26
USR00064,17,Female,Australia,Entrepreneur,Facebook,5,9.6,4,144.0,Tablet,Night (9pm-12am),6900,169,1,20,2,2,6,Entertainment,Medium,0.243,Sometimes,52.82,Entertainment,Mild impact,5.8,No,Do Not Disturb,Friends Only,No,2023-08-03,Stressed,Yes,Under 18,1007,Medium,24
USR00065,33,Male,USA,Teacher,Snapchat,1,4.2,5,50.4,Desktop,Late Night (12am+),324,26,3,24,6,0,11,Reels/Shorts,Medium,0.033,Yes,25.67,Socializing,Mild impact,3.2,Somewhat,Off,Private,No,2024-02-19,Inspired,No,25-34,807,Low,30
USR00066,37,Female,UK,Engineer,YouTube,1,2.6,5,31.2,Smartphone,Morning (6-10am),19,167,3,13,1,3,3,Stories,Fast,0.062,Sometimes,44.39,News & Updates,Mild impact,4.0,Somewhat,Do Not Disturb,Public,No,2024-08-12,Neutral,Occasionally,35-44,632,Low,17
USR00067,26,Female,Canada,Entrepreneur,TikTok,4,3.7,4,55.5,Smartphone,Morning (6-10am),328,457,4,23,7,2,10,Videos,Fast,0.07,Sometimes,61.91,News & Updates,Mild impact,3.9,No,Selected,Friends Only,No,2024-12-28,Neutral,Occasionally,25-34,494,Low,32
USR00068,35,Female,India,Other,Instagram,4,4.1,4,61.5,Tablet,Night (9pm-12am),116,397,1,18,3,4,12,Reels/Shorts,Medium,0.169,Sometimes,48.67,Networking,No impact,3.8,Yes,Selected,Public,No,2024-01-06,Bored,Yes,35-44,851,Low,25
USR00069,29,Female,Pakistan,Teacher,TikTok,5,4.1,7,35.1,Desktop,Afternoon (12-4pm),400,2117,0,29,2,3,7,Reels/Shorts,Medium,0.137,No,0.0,Networking,No impact,7.3,Yes,Do Not Disturb,Public,No,2023-09-24,Happy,Occasionally,25-34,955,High,34
USR00070,21,Male,India,Teacher,TikTok,1,4.0,5,48.0,Smartphone,Evening (6-9pm),417,87,4,12,4,1,11,Videos,Fast,0.06,Yes,21.25,Business/Marketing,Moderate impact,5.6,No,Off,Friends Only,No,2023-06-20,Bored,Yes,18-24,1051,Medium,17
USR00071,29,Female,Nigeria,Other,Instagram,5,3.8,4,57.0,Smartphone,Evening (6-9pm),5740,258,3,16,10,1,8,Videos,Slow,0.091,Sometimes,37.25,Learning,Mild impact,5.9,Yes,Off,Private,No,2024-01-07,Happy,Yes,25-34,850,Medium,27
USR00072,39,Male,Pakistan,Researcher,LinkedIn,4,2.8,3,56.0,Smartphone,Night (9pm-12am),2325,105,5,20,3,4,11,Educational,Fast,0.112,Sometimes,48.26,Learning,Mild impact,6.9,Yes,Selected,Private,No,2024-11-16,Inspired,Occasionally,35-44,536,Medium,27
USR00073,26,Female,Canada,Student,Snapchat,5,6.4,9,42.7,Laptop,Morning (6-10am),1068,38,4,22,4,0,6,Photos,Slow,0.253,Sometimes,16.29,Entertainment,Mild impact,7.7,Yes,Always On,Friends Only,No,2024-10-15,Neutral,Yes,25-34,568,High,26
USR00074,39,Male,UK,Student,TikTok,2,2.9,6,29.0,Smartphone,Night (9pm-12am),661,708,2,28,6,2,8,Reels/Shorts,Slow,0.039,Sometimes,52.71,Business/Marketing,Mild impact,7.0,No,Selected,Public,No,2024-08-12,Stressed,No,35-44,632,Medium,36
USR00075,13,Male,UK,Marketer,Facebook,5,2.7,6,27.0,Smartphone,Night (9pm-12am),98,426,4,16,5,2,10,Stories,Fast,0.15,No,0.0,Business/Marketing,No impact,9.1,Somewhat,Always On,Friends Only,No,2022-07-21,Neutral,No,Under 18,1385,High,23
USR00076,33,Female,Australia,Doctor,TikTok,2,2.9,4,43.5,Desktop,Evening (6-9pm),13,343,0,20,4,2,8,News,Medium,0.12,No,0.0,Entertainment,Mild impact,6.3,Yes,Always On,Friends Only,No,2024-08-19,Stressed,Occasionally,25-34,625,Medium,26
USR00077,27,Male,UAE,Marketer,LinkedIn,5,3.1,7,26.6,Smartphone,Night (9pm-12am),815,408,1,23,3,1,8,Stories,Medium,0.104,No,0.0,Networking,Mild impact,6.6,No,Always On,Public,No,2023-10-18,Relaxed,Occasionally,25-34,931,Medium,27
USR00078,24,Male,USA,Entrepreneur,Twitter/X,2,0.7,6,7.0,Smartphone,Evening (6-9pm),2780,107,4,23,4,4,4,News,Fast,0.163,No,0.0,Entertainment,Moderate impact,5.1,Yes,Do Not Disturb,Friends Only,No,2023-02-21,Happy,No,18-24,1170,Medium,31
USR00079,27,Male,Canada,Engineer,TikTok,2,1.4,6,14.0,Smartphone,Evening (6-9pm),547,73,0,23,4,5,5,Photos,Fast,0.066,Yes,28.83,Business/Marketing,Mild impact,2.8,Yes,Do Not Disturb,Public,No,2024-01-30,Neutral,Occasionally,25-34,827,Low,32
USR00080,13,Male,Pakistan,Teacher,TikTok,2,2.4,2,72.0,Smartphone,Late Night (12am+),253,255,6,22,5,1,6,Reels/Shorts,Slow,0.031,Sometimes,1.43,Business/Marketing,No impact,6.3,No,Always On,Private,No,2023-10-03,Stressed,No,Under 18,946,Medium,28
USR00081,25,Female,UK,Entrepreneur,Twitter/X,2,0.6,6,6.0,Smartphone,Evening (6-9pm),1534,985,4,24,3,3,15,Photos,Slow,0.218,Yes,104.45,Business/Marketing,Moderate impact,7.8,No,Always On,Public,No,2024-04-27,Relaxed,Occasionally,25-34,739,High,30
USR00082,29,Female,UK,Engineer,TikTok,3,2.6,4,39.0,Laptop,Evening (6-9pm),572,1685,6,25,3,2,8,Entertainment,Fast,0.138,Yes,50.55,Socializing,Mild impact,4.9,No,Off,Friends Only,No,2022-04-04,Relaxed,Occasionally,25-34,1493,Medium,30
USR00083,38,Male,Australia,Engineer,Facebook,3,3.0,7,25.7,Smartphone,Evening (6-9pm),13826,635,4,20,5,2,7,Stories,Medium,0.104,No,0.0,Entertainment,Severe impact,5.3,Somewhat,Always On,Public,Yes,2023-03-30,Bored,Occasionally,35-44,1133,Medium,27
USR00084,22,Male,Pakistan,Other,Snapchat,5,0.9,8,6.8,Smartphone,Night (9pm-12am),6117,253,4,16,3,3,5,Photos,Fast,0.13,Sometimes,42.27,Learning,Severe impact,7.9,Yes,Selected,Friends Only,No,2022-10-26,Bored,Yes,18-24,1288,High,22
USR00085,20,Male,Pakistan,Freelancer,TikTok,4,1.7,6,17.0,Laptop,Late Night (12am+),3741,338,0,21,5,2,10,Entertainment,Fast,0.057,No,0.0,Learning,Moderate impact,6.1,Somewhat,Always On,Friends Only,No,2022-02-03,Stressed,No,18-24,1553,Medium,28
USR00086,22,Female,India,Researcher,Instagram,1,5.6,3,112.0,Desktop,Evening (6-9pm),2601,248,2,21,4,3,9,Memes,Medium,0.052,Yes,34.11,Socializing,No impact,4.5,No,Always On,Friends Only,No,2023-06-19,Bored,No,18-24,1052,Medium,28
USR00087,34,Female,Australia,Engineer,Pinterest,3,3.7,4,55.5,Laptop,Morning (6-10am),65,71,3,19,1,1,11,News,Slow,0.068,Sometimes,90.39,Business/Marketing,No impact,4.5,No,Selected,Public,No,2024-05-05,Bored,Occasionally,25-34,731,Medium,21
USR00088,29,Male,Pakistan,Student,Twitter/X,2,3.6,5,43.2,Tablet,Night (9pm-12am),2193,252,1,33,4,1,6,Videos,Medium,0.06,No,0.0,Networking,Moderate impact,7.4,Yes,Selected,Private,No,2023-08-28,Happy,No,25-34,982,High,38
USR00089,22,Female,Pakistan,Engineer,Instagram,3,5.2,3,104.0,Smartphone,Evening (6-9pm),1309,49,2,21,7,0,7,Educational,Fast,0.271,No,0.0,Entertainment,Mild impact,6.0,Somewhat,Selected,Friends Only,No,2022-11-09,Bored,No,18-24,1274,Medium,28
USR00090,31,Female,India,Entrepreneur,Instagram,2,1.4,5,16.8,Smartphone,Night (9pm-12am),1981,210,3,20,4,2,7,Entertainment,Medium,0.177,Sometimes,17.32,Networking,No impact,5.9,Yes,Always On,Private,No,2023-02-06,Inspired,Yes,25-34,1185,Medium,26
USR00091,27,Male,USA,Designer,Instagram,4,1.0,8,7.5,Desktop,Late Night (12am+),1614,1742,2,22,3,1,9,Stories,Fast,0.089,No,0.0,Socializing,No impact,3.7,No,Always On,Public,No,2023-11-07,Relaxed,Yes,25-34,911,Low,26
USR00092,34,Female,Brazil,Other,Facebook,3,4.8,8,36.0,Tablet,Evening (6-9pm),1502,656,3,24,8,1,4,Stories,Medium,0.202,Sometimes,5.46,Entertainment,Mild impact,7.1,Somewhat,Selected,Public,No,2023-04-17,Bored,No,25-34,1115,High,33
USR00093,21,Male,USA,Freelancer,YouTube,1,2.5,5,30.0,Laptop,Evening (6-9pm),85953,80,1,25,4,2,8,Entertainment,Medium,0.261,Yes,2.34,Learning,Moderate impact,8.1,No,Always On,Private,Yes,2024-02-17,Inspired,Yes,18-24,809,High,31
USR00094,24,Female,India,Marketer,Twitter/X,1,1.4,5,16.8,Laptop,Night (9pm-12am),579,224,4,22,8,2,13,Reels/Shorts,Slow,0.131,Yes,17.3,Entertainment,Mild impact,5.5,No,Off,Friends Only,No,2023-05-19,Relaxed,Yes,18-24,1083,Medium,32
USR00095,23,Female,UK,Marketer,Instagram,3,0.7,8,5.2,Smartphone,Afternoon (12-4pm),3588,89,2,22,2,1,10,Entertainment,Medium,0.099,No,0.0,Business/Marketing,Mild impact,6.9,Yes,Always On,Friends Only,No,2024-10-19,Neutral,Occasionally,18-24,564,Medium,25
USR00096,15,Female,Brazil,Researcher,TikTok,3,2.9,5,34.8,Smart TV,Night (9pm-12am),284,227,1,17,9,2,1,Reels/Shorts,Medium,0.188,No,0.0,Business/Marketing,Moderate impact,5.5,No,Selected,Friends Only,No,2023-11-23,Bored,Yes,Under 18,895,Medium,28
USR00097,29,Female,UK,Engineer,Pinterest,1,2.3,4,34.5,Desktop,Night (9pm-12am),2760,853,4,30,1,0,6,Memes,Medium,0.088,No,0.0,Learning,Moderate impact,7.3,No,Always On,Friends Only,No,2023-06-12,Inspired,Yes,25-34,1059,High,31
USR00098,29,Female,Germany,Designer,Twitter/X,4,2.0,3,40.0,Smartphone,Evening (6-9pm),3607,535,1,17,3,2,10,Entertainment,Medium,0.109,Sometimes,8.39,Networking,Severe impact,7.1,No,Selected,Public,No,2024-09-27,Happy,Yes,25-34,586,High,22
USR00099,27,Female,India,Teacher,Pinterest,5,0.5,7,4.3,Smartphone,Evening (6-9pm),1281,4822,6,19,1,0,4,Entertainment,Medium,0.005,Sometimes,3.73,Learning,No impact,5.5,No,Selected,Private,No,2024-10-01,Bored,No,25-34,582,Medium,20
USR00100,25,Male,Pakistan,Designer,Snapchat,3,6.4,4,96.0,Smartphone,Late Night (12am+),13421,1023,3,27,4,1,11,News,Medium,0.154,Sometimes,13.6,Learning,Severe impact,2.4,Yes,Always On,Friends Only,Yes,2024-08-01,Happy,No,25-34,643,Low,32
USR00101,15,Male,Canada,Teacher,Instagram,3,0.8,4,12.0,Smartphone,Night (9pm-12am),135,312,3,17,6,2,11,Stories,Fast,0.327,No,0.0,Socializing,Mild impact,4.8,No,Selected,Friends Only,No,2022-12-11,Relaxed,Occasionally,Under 18,1242,Medium,25
USR00102,23,Female,UK,Doctor,YouTube,1,2.2,5,26.4,Desktop,Evening (6-9pm),276,551,5,18,4,1,11,Educational,Fast,0.153,Sometimes,1.33,News & Updates,No impact,6.8,No,Off,Private,No,2023-12-23,Stressed,Yes,18-24,865,Medium,23
USR00103,24,Male,Australia,Freelancer,Facebook,1,1.9,3,38.0,Smartphone,Night (9pm-12am),974,191,3,22,6,2,9,News,Medium,0.039,No,0.0,Business/Marketing,Mild impact,7.8,No,Do Not Disturb,Friends Only,No,2022-12-13,Inspired,No,18-24,1240,High,30
USR00104,20,Female,Germany,Marketer,Twitter/X,1,3.8,5,45.6,Smartphone,Night (9pm-12am),3246,63,5,21,5,0,10,News,Medium,0.03,Sometimes,5.39,Socializing,No impact,5.1,Yes,Do Not Disturb,Private,No,2022-10-14,Happy,Occasionally,18-24,1300,Medium,26
USR00105,25,Female,Canada,Engineer,TikTok,1,0.7,4,10.5,Smartphone,Morning (6-10am),918,1172,2,16,1,1,9,Educational,Medium,0.119,Sometimes,83.76,Business/Marketing,No impact,8.6,Somewhat,Always On,Private,No,2024-09-27,Neutral,Occasionally,25-34,586,High,18
USR00106,30,Male,India,Student,Facebook,3,3.5,6,35.0,Smartphone,Evening (6-9pm),6730,821,3,24,3,0,17,Photos,Medium,0.135,Yes,3.59,Business/Marketing,Severe impact,8.9,Somewhat,Do Not Disturb,Private,No,2023-01-12,Inspired,Yes,25-34,1210,High,27
USR00107,42,Female,Canada,Entrepreneur,Instagram,2,2.9,5,34.8,Laptop,Morning (6-10am),202,183,6,24,4,1,9,Videos,Fast,0.13,Yes,7.44,Networking,No impact,7.5,Yes,Do Not Disturb,Friends Only,No,2022-05-01,Neutral,No,35-44,1466,High,29
USR00108,28,Female,Canada,Student,Twitter/X,1,1.6,5,19.2,Smartphone,Late Night (12am+),85,339,6,13,3,1,13,Stories,Medium,0.014,No,0.0,Business/Marketing,Severe impact,4.2,No,Always On,Public,No,2024-12-09,Inspired,Occasionally,25-34,513,Medium,17
USR00109,29,Female,Pakistan,Doctor,Twitter/X,4,3.4,2,102.0,Smartphone,Morning (6-10am),1158,1084,3,20,4,2,7,Educational,Fast,0.013,No,0.0,Learning,Mild impact,7.5,Yes,Always On,Public,No,2022-03-11,Happy,Occasionally,25-34,1517,High,26
USR00110,26,Female,UK,Other,LinkedIn,4,2.6,5,31.2,Tablet,Late Night (12am+),578,675,3,22,0,0,10,Memes,Medium,0.005,Yes,58.33,Learning,Severe impact,5.2,Yes,Selected,Friends Only,No,2022-06-02,Neutral,Occasionally,25-34,1434,Medium,22
USR00111,13,Male,Germany,Student,Snapchat,3,7.3,3,146.0,Smart TV,Night (9pm-12am),1767,42,3,16,3,0,10,Reels/Shorts,Medium,0.024,Sometimes,26.39,News & Updates,Moderate impact,5.1,No,Selected,Public,No,2022-04-10,Bored,No,Under 18,1487,Medium,19
USR00112,26,Male,Pakistan,Doctor,TikTok,1,2.3,3,46.0,Smartphone,Night (9pm-12am),633,327,1,14,5,3,10,Photos,Slow,0.194,No,0.0,Business/Marketing,Mild impact,7.0,Yes,Always On,Friends Only,No,2022-01-14,Inspired,Yes,25-34,1573,Medium,22
USR00113,27,Female,UK,Student,Twitter/X,5,1.3,5,15.6,Smartphone,Night (9pm-12am),360,200,5,23,3,2,4,News,Fast,0.141,Yes,76.46,Networking,Mild impact,7.0,No,Always On,Friends Only,No,2024-04-24,Inspired,No,25-34,742,Medium,28
USR00114,46,Male,USA,Marketer,Instagram,1,3.5,4,52.5,Laptop,Afternoon (12-4pm),581,930,3,25,1,2,4,News,Medium,0.065,No,0.0,News & Updates,Severe impact,7.0,No,Selected,Private,No,2022-10-09,Happy,Yes,45+,1305,Medium,28
USR00115,25,Female,USA,Other,LinkedIn,3,2.1,3,42.0,Laptop,Night (9pm-12am),700,843,4,17,5,4,5,Memes,Medium,0.169,Sometimes,13.01,News & Updates,Mild impact,7.4,No,Do Not Disturb,Public,No,2023-04-19,Bored,Yes,25-34,1113,High,26
USR00116,29,Male,USA,Entrepreneur,Snapchat,5,2.6,4,39.0,Smartphone,Afternoon (12-4pm),384,1190,1,23,5,2,5,Memes,Fast,0.108,No,0.0,Entertainment,No impact,6.1,Yes,Off,Public,No,2022-05-20,Relaxed,Occasionally,25-34,1447,Medium,30
USR00117,26,Female,Brazil,Other,TikTok,3,1.0,2,30.0,Tablet,Late Night (12am+),461,63,3,20,2,4,5,Entertainment,Fast,0.116,No,0.0,Networking,Severe impact,3.6,No,Selected,Public,No,2022-11-06,Neutral,Yes,25-34,1277,Low,26
USR00118,17,Male,Pakistan,Freelancer,Facebook,2,3.8,6,38.0,Laptop,Afternoon (12-4pm),321,95,5,12,3,1,6,Entertainment,Medium,0.012,No,0.0,Networking,Mild impact,9.9,No,Do Not Disturb,Public,No,2022-01-19,Stressed,No,Under 18,1568,High,16
USR00119,36,Male,Pakistan,Teacher,Facebook,4,1.9,7,16.3,Laptop,Evening (6-9pm),3108,931,3,20,5,2,6,Memes,Fast,0.087,Yes,7.39,Entertainment,No impact,5.5,Somewhat,Do Not Disturb,Private,No,2023-03-24,Neutral,No,35-44,1139,Medium,27
USR00120,33,Female,India,Freelancer,Instagram,3,3.1,3,62.0,Smartphone,Morning (6-10am),943,120,1,17,5,4,13,Memes,Medium,0.419,Sometimes,264.54,News & Updates,Moderate impact,4.9,No,Selected,Public,No,2024-11-01,Bored,Occasionally,25-34,551,Medium,26
USR00121,33,Female,India,Teacher,YouTube,1,8.4,5,100.8,Smartphone,Evening (6-9pm),38644,39,3,22,2,0,7,Stories,Slow,0.118,No,0.0,Networking,Mild impact,4.0,Somewhat,Off,Friends Only,Yes,2024-07-22,Bored,Occasionally,25-34,653,Low,24
USR00122,19,Female,Australia,Researcher,Twitter/X,1,2.2,4,33.0,Laptop,Late Night (12am+),888,463,3,23,3,2,11,Entertainment,Fast,0.273,Sometimes,1.4,Networking,Mild impact,6.5,Somewhat,Always On,Public,No,2024-02-04,Bored,Yes,18-24,822,Medium,28
USR00123,38,Male,UAE,Other,YouTube,3,4.1,6,41.0,Laptop,Afternoon (12-4pm),246,126,4,26,3,3,9,Educational,Fast,0.412,Sometimes,40.54,Networking,Mild impact,6.3,No,Off,Public,No,2022-05-04,Bored,No,35-44,1463,Medium,32
USR00124,15,Male,Australia,Researcher,Twitter/X,4,2.3,6,23.0,Smartphone,Night (9pm-12am),81406,2095,2,13,3,1,9,Stories,Slow,0.139,No,0.0,Networking,No impact,6.0,Yes,Do Not Disturb,Public,Yes,2024-09-16,Neutral,Occasionally,Under 18,597,Medium,17
USR00125,31,Female,UK,Other,Instagram,3,1.6,2,48.0,Smartphone,Afternoon (12-4pm),1400,349,6,20,3,2,3,News,Fast,0.286,Sometimes,38.85,Networking,Moderate impact,8.9,Somewhat,Always On,Public,No,2024-09-26,Happy,Yes,25-34,587,High,25
USR00126,44,Female,UK,Marketer,TikTok,3,5.7,2,171.0,Smartphone,Night (9pm-12am),3952,296,2,19,3,1,12,Memes,Fast,0.068,No,0.0,Learning,Mild impact,7.4,Somewhat,Selected,Public,No,2022-02-02,Inspired,Occasionally,35-44,1554,High,23
USR00127,19,Male,UK,Teacher,Instagram,1,0.5,5,6.0,Smartphone,Evening (6-9pm),1930,157,4,22,4,4,4,Memes,Fast,0.064,Sometimes,7.24,Socializing,Mild impact,4.4,Somewhat,Selected,Public,No,2022-01-14,Relaxed,Yes,18-24,1573,Medium,30
USR00128,22,Male,Canada,Student,LinkedIn,1,4.8,2,144.0,Tablet,Afternoon (12-4pm),2041,1650,2,23,5,3,10,Educational,Slow,0.292,No,0.0,Learning,Severe impact,9.9,Somewhat,Selected,Private,No,2024-12-25,Neutral,No,18-24,497,High,31
USR00129,27,Male,Pakistan,Teacher,Snapchat,1,0.5,7,4.3,Smart TV,Evening (6-9pm),1744,376,7,22,5,1,3,Videos,Medium,0.081,No,0.0,Business/Marketing,Moderate impact,3.5,Yes,Do Not Disturb,Public,No,2024-04-22,Happy,Yes,25-34,744,Low,28
USR00130,22,Female,USA,Teacher,Snapchat,4,4.5,4,67.5,Smartphone,Afternoon (12-4pm),91,149,7,22,3,2,6,Photos,Medium,0.094,No,0.0,Business/Marketing,Mild impact,6.0,Yes,Do Not Disturb,Public,No,2022-01-25,Happy,No,18-24,1562,Medium,27
USR00131,14,Male,Pakistan,Engineer,TikTok,1,2.6,5,31.2,Smartphone,Night (9pm-12am),1288,94,2,18,2,4,6,Stories,Medium,0.109,Yes,2.65,Socializing,Mild impact,4.9,No,Always On,Public,No,2022-02-04,Stressed,Yes,Under 18,1552,Medium,24
USR00132,27,Female,Germany,Freelancer,Instagram,5,1.3,7,11.1,Smartphone,Night (9pm-12am),61,224,5,24,9,1,6,News,Medium,0.035,No,0.0,Socializing,Moderate impact,6.9,No,Off,Private,No,2024-12-20,Inspired,Yes,25-34,502,Medium,34
USR00133,18,Male,Brazil,Marketer,Snapchat,5,1.9,5,22.8,Smartphone,Night (9pm-12am),485,75,3,21,1,2,5,Educational,Medium,0.134,Sometimes,89.39,News & Updates,Mild impact,7.3,Somewhat,Always On,Public,No,2023-07-17,Neutral,No,18-24,1024,High,24
USR00134,30,Male,USA,Entrepreneur,LinkedIn,3,4.0,7,34.3,Smartphone,Afternoon (12-4pm),180,841,3,22,5,2,3,Stories,Slow,0.123,Yes,15.8,Entertainment,Moderate impact,5.5,Yes,Selected,Friends Only,No,2023-08-11,Inspired,Yes,25-34,999,Medium,29
USR00135,19,Male,India,Researcher,Instagram,3,7.9,1,474.0,Smartphone,Evening (6-9pm),1265,27,1,23,2,1,11,Entertainment,Medium,0.08,No,0.0,Learning,Mild impact,8.1,No,Selected,Public,No,2022-02-05,Neutral,Occasionally,18-24,1551,High,26
USR00136,39,Female,USA,Engineer,Twitter/X,2,0.7,3,14.0,Smartphone,Night (9pm-12am),1213,206,2,20,1,2,8,Entertainment,Slow,0.128,No,0.0,Socializing,Mild impact,6.6,Somewhat,Always On,Friends Only,No,2024-10-25,Neutral,Yes,35-44,558,Medium,23
USR00137,20,Female,Germany,Marketer,Instagram,5,1.3,4,19.5,Laptop,Night (9pm-12am),1581,508,4,22,3,1,10,Entertainment,Medium,0.039,Sometimes,48.25,Entertainment,Severe impact,8.8,Yes,Selected,Friends Only,No,2024-05-31,Neutral,No,18-24,705,High,26
USR00138,24,Male,Australia,Researcher,YouTube,4,0.9,9,6.0,Tablet,Afternoon (12-4pm),1115,368,5,16,3,2,5,Memes,Medium,0.1,Sometimes,38.71,News & Updates,No impact,7.9,Yes,Off,Private,No,2023-01-03,Stressed,Occasionally,18-24,1219,High,21
USR00139,33,Female,UAE,Designer,YouTube,3,2.3,4,34.5,Laptop,Night (9pm-12am),223,103,2,20,3,0,9,Reels/Shorts,Medium,0.135,Sometimes,4.81,Socializing,Mild impact,5.4,No,Selected,Public,No,2022-08-08,Happy,No,25-34,1367,Medium,23
USR00140,17,Female,Germany,Marketer,Instagram,3,4.6,5,55.2,Smartphone,Morning (6-10am),415,540,2,23,4,1,14,Photos,Medium,0.29,No,0.0,Business/Marketing,Severe impact,8.1,Yes,Selected,Friends Only,No,2022-07-17,Bored,No,Under 18,1389,High,28
USR00141,28,Male,USA,Researcher,Twitter/X,4,0.8,6,8.0,Smart TV,Night (9pm-12am),3486,84,0,18,2,2,8,Memes,Medium,0.195,Sometimes,68.83,Entertainment,Severe impact,5.0,Yes,Selected,Friends Only,No,2024-12-09,Bored,Occasionally,25-34,513,Medium,22
USR00142,37,Female,Canada,Teacher,Twitter/X,5,2.6,6,26.0,Smartphone,Evening (6-9pm),4546,238,5,21,3,7,10,Stories,Slow,0.103,No,0.0,News & Updates,Moderate impact,7.3,Yes,Do Not Disturb,Public,No,2022-11-01,Stressed,Occasionally,35-44,1282,High,31
USR00143,14,Male,Pakistan,Marketer,TikTok,2,4.5,3,90.0,Laptop,Afternoon (12-4pm),84,534,2,13,6,3,6,Photos,Fast,0.026,No,0.0,Business/Marketing,Mild impact,7.1,Yes,Off,Public,No,2023-05-09,Stressed,Occasionally,Under 18,1093,High,22
USR00144,28,Male,Germany,Marketer,Snapchat,4,1.9,3,38.0,Laptop,Evening (6-9pm),42,426,2,30,4,2,16,News,Medium,0.082,Yes,38.94,Learning,Moderate impact,5.3,Yes,Selected,Friends Only,No,2023-01-29,Inspired,No,25-34,1193,Medium,36
USR00145,29,Male,India,Freelancer,Twitter/X,2,3.0,5,36.0,Smartphone,Afternoon (12-4pm),179,108,4,34,3,3,10,Videos,Slow,0.215,Sometimes,57.18,Business/Marketing,No impact,2.6,Yes,Do Not Disturb,Private,No,2024-12-14,Happy,Occasionally,25-34,508,Low,40
USR00146,33,Female,Australia,Freelancer,Instagram,2,5.5,7,47.1,Smartphone,Evening (6-9pm),4365,1029,6,17,7,2,10,Reels/Shorts,Fast,0.131,No,0.0,Networking,Mild impact,8.9,Somewhat,Always On,Private,No,2023-06-01,Inspired,Yes,25-34,1070,High,26
USR00147,17,Female,Pakistan,Engineer,Twitter/X,3,1.1,6,11.0,Smartphone,Afternoon (12-4pm),5924,271,1,24,4,1,9,Entertainment,Medium,0.239,Sometimes,49.1,Entertainment,Mild impact,7.0,No,Selected,Friends Only,No,2023-12-27,Happy,No,Under 18,861,Medium,29
USR00148,16,Female,India,Other,YouTube,5,0.6,6,6.0,Smartphone,Night (9pm-12am),125,596,2,16,5,5,8,Photos,Medium,0.205,Yes,43.6,Entertainment,No impact,6.2,Somewhat,Always On,Friends Only,No,2023-07-02,Stressed,Occasionally,Under 18,1039,Medium,26
USR00149,31,Female,Pakistan,Other,Instagram,2,3.2,4,48.0,Smartphone,Evening (6-9pm),1156,1532,1,19,4,1,9,Photos,Fast,0.026,No,0.0,Entertainment,Moderate impact,6.2,Yes,Always On,Friends Only,No,2024-03-23,Relaxed,Yes,25-34,774,Medium,24
USR00150,29,Female,Pakistan,Researcher,TikTok,4,3.3,7,28.3,Laptop,Night (9pm-12am),18069,935,2,24,1,2,10,Memes,Fast,0.045,Sometimes,47.46,Business/Marketing,Mild impact,8.0,Yes,Do Not Disturb,Private,Yes,2022-06-11,Bored,No,25-34,1425,High,27
USR00151,29,Male,Pakistan,Student,Pinterest,5,1.8,4,27.0,Smartphone,Night (9pm-12am),1404,938,2,15,2,1,7,Videos,Medium,0.043,Sometimes,35.72,Entertainment,Moderate impact,10.0,Yes,Do Not Disturb,Public,No,2024-02-04,Neutral,No,25-34,822,High,18
USR00152,29,Female,Canada,Teacher,Facebook,1,1.6,8,12.0,Smartphone,Night (9pm-12am),8593,308,1,18,4,5,6,Entertainment,Fast,0.155,Sometimes,13.09,Learning,Mild impact,7.8,Yes,Always On,Private,No,2024-04-11,Inspired,Yes,25-34,755,High,27
USR00153,21,Male,Germany,Student,Twitter/X,1,2.7,5,32.4,Smartphone,Late Night (12am+),4014,634,4,27,8,1,4,Stories,Slow,0.067,No,0.0,Business/Marketing,Mild impact,6.9,Somewhat,Do Not Disturb,Friends Only,No,2024-07-29,Happy,Occasionally,18-24,646,Medium,36
USR00154,28,Male,Pakistan,Researcher,Twitter/X,4,1.1,5,13.2,Smartphone,Afternoon (12-4pm),129,316,2,20,8,0,10,Stories,Fast,0.289,Yes,21.37,Entertainment,No impact,6.7,Yes,Selected,Public,No,2023-05-14,Neutral,Occasionally,25-34,1088,Medium,28
USR00155,29,Male,Germany,Teacher,Instagram,1,1.1,4,16.5,Smartphone,Morning (6-10am),472,57,2,31,3,1,6,Stories,Slow,0.152,No,0.0,Socializing,Mild impact,6.9,Yes,Do Not Disturb,Private,No,2023-04-08,Stressed,Occasionally,25-34,1124,Medium,35
USR00156,21,Male,Canada,Freelancer,TikTok,5,4.0,5,48.0,Smartphone,Evening (6-9pm),708,351,0,14,2,2,4,Entertainment,Medium,0.088,No,0.0,Socializing,Mild impact,4.4,Somewhat,Selected,Public,No,2023-09-07,Happy,Yes,18-24,972,Medium,18
USR00157,41,Female,Pakistan,Marketer,TikTok,5,1.1,2,33.0,Smartphone,Late Night (12am+),802,332,2,25,2,1,13,Educational,Medium,0.142,No,0.0,Socializing,Severe impact,7.3,No,Selected,Private,No,2022-06-15,Inspired,Occasionally,35-44,1421,High,28
USR00158,30,Female,Pakistan,Freelancer,Facebook,3,0.6,3,12.0,Smartphone,Night (9pm-12am),3461,492,4,14,2,1,5,Photos,Slow,0.028,No,0.0,Learning,Mild impact,3.8,Yes,Selected,Friends Only,No,2022-03-06,Neutral,Yes,25-34,1522,Low,17
USR00159,17,Female,Germany,Marketer,TikTok,5,1.6,7,13.7,Smartphone,Evening (6-9pm),1388,209,3,26,6,0,5,Educational,Fast,0.029,Yes,111.16,Networking,Mild impact,7.0,No,Always On,Private,No,2022-07-11,Neutral,Occasionally,Under 18,1395,Medium,32
USR00160,32,Male,UK,Student,TikTok,2,1.9,5,22.8,Laptop,Night (9pm-12am),3,98,1,23,3,2,7,Memes,Slow,0.318,Sometimes,9.18,Learning,Moderate impact,5.4,No,Selected,Public,No,2024-04-10,Relaxed,Yes,25-34,756,Medium,28
USR00161,19,Non-binary,Pakistan,Freelancer,Instagram,3,3.5,6,35.0,Smartphone,Evening (6-9pm),62,537,7,18,6,3,8,Stories,Fast,0.051,Sometimes,17.41,Learning,Mild impact,7.8,Yes,Always On,Friends Only,No,2024-02-16,Bored,Occasionally,18-24,810,High,27
USR00162,33,Male,Pakistan,Other,Facebook,2,1.7,7,14.6,Desktop,Evening (6-9pm),12,50,2,15,2,2,5,Memes,Medium,0.133,No,0.0,Business/Marketing,Moderate impact,6.9,Yes,Selected,Public,No,2024-02-12,Bored,Occasionally,25-34,814,Medium,19
USR00163,36,Male,India,Other,TikTok,5,6.0,2,180.0,Smartphone,Night (9pm-12am),912,1408,3,22,4,1,9,Entertainment,Fast,0.479,Sometimes,48.56,Business/Marketing,Mild impact,5.6,Somewhat,Always On,Public,No,2024-09-01,Neutral,No,35-44,612,Medium,27
USR00164,20,Male,Pakistan,Other,LinkedIn,3,2.8,7,24.0,Laptop,Afternoon (12-4pm),1025,185,3,17,4,1,12,Educational,Medium,0.154,No,0.0,Socializing,Mild impact,4.4,Yes,Selected,Private,No,2022-04-25,Happy,Yes,18-24,1472,Medium,22
USR00165,34,Female,UAE,Researcher,Snapchat,4,1.4,5,16.8,Desktop,Morning (6-10am),1107,328,5,27,4,4,9,News,Medium,0.063,No,0.0,Learning,Mild impact,8.9,No,Off,Friends Only,No,2022-01-20,Neutral,Yes,25-34,1567,High,35
USR00166,30,Male,Canada,Other,Instagram,4,3.4,5,40.8,Laptop,Evening (6-9pm),118,478,1,24,4,0,6,Photos,Fast,0.145,Sometimes,2.14,News & Updates,Mild impact,6.0,Somewhat,Do Not Disturb,Friends Only,No,2022-12-17,Inspired,No,25-34,1236,Medium,28
USR00167,33,Male,Germany,Entrepreneur,TikTok,4,5.9,7,50.6,Smartphone,Night (9pm-12am),2238,497,3,16,4,2,6,Memes,Medium,0.187,Yes,76.36,Entertainment,No impact,9.3,Yes,Always On,Private,No,2022-06-19,Bored,Occasionally,25-34,1417,High,22
USR00168,42,Male,Brazil,Designer,Facebook,3,3.9,6,39.0,Laptop,Evening (6-9pm),2414,45,1,21,3,0,9,Videos,Medium,0.074,No,0.0,Entertainment,Mild impact,4.0,Yes,Selected,Friends Only,No,2024-10-20,Happy,No,35-44,563,Low,24
USR00169,25,Male,India,Engineer,Instagram,5,0.7,5,8.4,Smartphone,Afternoon (12-4pm),69,657,3,21,7,2,8,Entertainment,Medium,0.336,No,0.0,Socializing,Mild impact,5.7,Somewhat,Do Not Disturb,Friends Only,No,2024-06-07,Relaxed,Yes,25-34,698,Medium,30
USR00170,20,Male,Brazil,Engineer,Instagram,5,2.0,1,120.0,Smartphone,Night (9pm-12am),47,352,3,20,2,3,9,Reels/Shorts,Slow,0.079,Sometimes,61.92,Socializing,Mild impact,2.1,No,Do Not Disturb,Private,No,2023-11-10,Stressed,Yes,18-24,908,Low,25
USR00171,19,Male,India,Doctor,LinkedIn,3,3.1,7,26.6,Laptop,Evening (6-9pm),664,114,5,19,2,3,11,News,Fast,0.034,No,0.0,Learning,Mild impact,7.6,No,Always On,Public,No,2022-07-15,Inspired,Yes,18-24,1391,High,24
USR00172,20,Prefer not to say,USA,Doctor,Facebook,3,3.8,5,45.6,Smartphone,Evening (6-9pm),16734,99,5,22,2,1,8,Photos,Medium,0.097,Sometimes,9.54,Business/Marketing,Moderate impact,7.7,No,Selected,Public,Yes,2024-12-17,Bored,Occasionally,18-24,505,High,25
USR00173,26,Female,Pakistan,Researcher,Twitter/X,1,2.3,5,27.6,Smartphone,Late Night (12am+),14179,163,2,20,3,3,6,Videos,Medium,0.016,No,0.0,Business/Marketing,Moderate impact,5.1,Yes,Always On,Friends Only,Yes,2022-03-29,Bored,Yes,25-34,1499,Medium,26
USR00174,29,Female,Australia,Doctor,YouTube,1,2.1,6,21.0,Tablet,Morning (6-10am),1833,51,1,18,2,3,5,Reels/Shorts,Medium,0.208,Yes,2.01,Socializing,Mild impact,5.0,No,Do Not Disturb,Private,No,2023-04-16,Bored,No,25-34,1116,Medium,23
USR00175,29,Female,Brazil,Engineer,YouTube,3,7.2,8,54.0,Laptop,Late Night (12am+),178,1932,2,22,5,2,8,Entertainment,Medium,0.175,Yes,2.77,Socializing,No impact,5.5,Yes,Selected,Friends Only,No,2023-03-09,Inspired,Occasionally,25-34,1154,Medium,29
USR00176,33,Female,Brazil,Entrepreneur,Instagram,4,4.0,4,60.0,Smartphone,Night (9pm-12am),3282,1455,1,19,2,3,10,Memes,Medium,0.016,Sometimes,58.68,Business/Marketing,Moderate impact,5.8,Yes,Always On,Friends Only,No,2024-08-31,Happy,Occasionally,25-34,613,Medium,24
USR00177,27,Non-binary,USA,Teacher,Instagram,5,3.4,6,34.0,Smartphone,Night (9pm-12am),294,420,4,20,2,3,8,Photos,Slow,0.169,No,0.0,Learning,Moderate impact,5.2,No,Selected,Friends Only,No,2023-07-10,Stressed,No,25-34,1031,Medium,25
USR00178,38,Female,Pakistan,Marketer,Twitter/X,4,1.7,4,25.5,Smartphone,Afternoon (12-4pm),167,187,5,23,8,3,4,Memes,Medium,0.13,No,0.0,Socializing,Moderate impact,8.1,No,Do Not Disturb,Friends Only,No,2022-04-06,Happy,Occasionally,35-44,1491,High,34
USR00179,24,Female,UK,Doctor,Twitter/X,2,1.1,1,66.0,Smartphone,Evening (6-9pm),14,193,5,15,7,4,6,Reels/Shorts,Medium,0.052,No,0.0,Socializing,Mild impact,5.4,No,Always On,Public,No,2022-06-02,Happy,No,18-24,1434,Medium,26
USR00180,48,Male,Canada,Researcher,Twitter/X,2,3.5,3,70.0,Smart TV,Morning (6-10am),799,607,0,22,6,0,11,News,Medium,0.268,No,0.0,Socializing,Severe impact,2.8,Yes,Selected,Private,No,2023-07-29,Bored,Occasionally,45+,1012,Low,28
USR00181,32,Male,India,Engineer,YouTube,2,4.2,4,63.0,Smartphone,Late Night (12am+),214,2017,5,16,1,1,9,Videos,Medium,0.035,Sometimes,48.46,Socializing,No impact,5.7,Somewhat,Selected,Friends Only,No,2022-03-09,Neutral,Occasionally,25-34,1519,Medium,18
USR00182,20,Female,UK,Freelancer,Facebook,4,2.6,5,31.2,Laptop,Evening (6-9pm),791,123,1,21,3,5,9,News,Medium,0.029,No,0.0,Networking,No impact,5.3,No,Off,Private,No,2023-01-03,Inspired,Occasionally,18-24,1219,Medium,29
USR00183,18,Female,Pakistan,Engineer,Pinterest,1,4.0,4,60.0,Smartphone,Morning (6-10am),10,64,2,22,3,4,7,Entertainment,Slow,0.066,No,0.0,Entertainment,Mild impact,3.8,No,Always On,Public,No,2023-10-07,Happy,Occasionally,18-24,942,Low,29
USR00184,30,Male,UK,Marketer,Instagram,2,4.0,5,48.0,Smartphone,Evening (6-9pm),902,1567,2,16,5,2,6,Videos,Slow,0.084,No,0.0,Learning,Severe impact,6.5,Somewhat,Do Not Disturb,Public,No,2022-02-02,Bored,Occasionally,25-34,1554,Medium,23
USR00185,25,Male,Pakistan,Designer,TikTok,3,4.4,2,132.0,Laptop,Night (9pm-12am),8,28,0,13,2,2,9,Reels/Shorts,Slow,0.081,No,0.0,News & Updates,No impact,2.7,Yes,Always On,Public,No,2023-03-01,Bored,Occasionally,25-34,1162,Low,17
USR00186,32,Female,India,Designer,TikTok,5,0.7,2,21.0,Smartphone,Afternoon (12-4pm),4714,72,3,21,3,0,10,News,Medium,0.261,No,0.0,Socializing,Moderate impact,6.9,No,Off,Private,No,2022-10-23,Inspired,Occasionally,25-34,1291,Medium,24
USR00187,30,Female,India,Entrepreneur,Snapchat,1,2.0,5,24.0,Smart TV,Evening (6-9pm),1701,181,1,18,2,1,7,Photos,Slow,0.215,No,0.0,News & Updates,No impact,6.1,No,Selected,Private,No,2024-03-26,Neutral,No,25-34,771,Medium,21
USR00188,26,Male,India,Marketer,TikTok,2,3.6,5,43.2,Laptop,Night (9pm-12am),402,37,4,14,6,5,5,News,Medium,0.134,Yes,43.55,Business/Marketing,No impact,5.2,Yes,Always On,Private,No,2022-06-07,Inspired,Occasionally,25-34,1429,Medium,25
USR00189,20,Male,Brazil,Student,Instagram,5,2.7,5,32.4,Smartphone,Late Night (12am+),1831,929,3,28,5,1,6,News,Medium,0.141,No,0.0,Socializing,Mild impact,4.1,Somewhat,Selected,Friends Only,No,2023-09-05,Stressed,Yes,18-24,974,Medium,34
USR00190,14,Male,UK,Freelancer,Twitter/X,5,4.0,6,40.0,Smartphone,Afternoon (12-4pm),114,684,3,23,7,2,8,Stories,Fast,0.044,Yes,85.36,Business/Marketing,Mild impact,3.6,No,Always On,Public,No,2022-11-29,Bored,No,Under 18,1254,Low,32
USR00191,23,Male,Nigeria,Entrepreneur,Twitter/X,1,3.4,4,51.0,Smartphone,Afternoon (12-4pm),757,122,5,16,1,4,8,Entertainment,Medium,0.017,Sometimes,34.92,News & Updates,No impact,7.8,No,Always On,Friends Only,No,2023-05-08,Happy,Occasionally,18-24,1094,High,21
USR00192,33,Male,Pakistan,Engineer,TikTok,4,0.5,9,3.3,Smartphone,Evening (6-9pm),2781,1136,3,11,2,3,8,Reels/Shorts,Slow,0.409,Yes,24.48,Business/Marketing,No impact,5.7,No,Selected,Friends Only,No,2024-03-07,Inspired,No,25-34,790,Medium,16
USR00193,28,Male,India,Other,TikTok,5,5.1,7,43.7,Smartphone,Afternoon (12-4pm),2,1392,4,19,6,2,4,Reels/Shorts,Slow,0.042,Sometimes,5.72,News & Updates,No impact,3.2,No,Off,Friends Only,No,2023-11-11,Relaxed,Occasionally,25-34,907,Low,27
USR00194,17,Prefer not to say,UK,Other,LinkedIn,1,1.8,2,54.0,Smartphone,Morning (6-10am),297,213,1,19,6,0,8,Videos,Medium,0.16,Yes,7.31,Entertainment,Moderate impact,6.2,No,Selected,Friends Only,No,2024-02-26,Bored,No,Under 18,800,Medium,25
USR00195,28,Female,Canada,Entrepreneur,Twitter/X,2,1.4,3,28.0,Smartphone,Afternoon (12-4pm),638,142,1,22,1,3,9,Entertainment,Medium,0.081,Sometimes,20.96,Networking,No impact,5.7,Yes,Selected,Public,No,2022-10-14,Neutral,Yes,25-34,1300,Medium,26
USR00196,30,Male,USA,Designer,Snapchat,1,5.0,4,75.0,Laptop,Morning (6-10am),467,3683,4,18,2,3,11,Photos,Fast,0.04,No,0.0,Learning,Mild impact,8.7,Yes,Do Not Disturb,Friends Only,No,2022-06-10,Neutral,Yes,25-34,1426,High,23
USR00197,19,Male,UK,Designer,Twitter/X,4,3.8,6,38.0,Smartphone,Evening (6-9pm),9161,581,2,23,5,3,4,Memes,Medium,0.048,No,0.0,Networking,No impact,5.5,Yes,Always On,Friends Only,No,2024-10-22,Happy,Occasionally,18-24,561,Medium,31
USR00198,28,Female,USA,Freelancer,Instagram,2,5.4,7,46.3,Smartphone,Night (9pm-12am),87,332,3,24,2,4,6,Memes,Slow,0.034,Yes,28.61,Entertainment,Mild impact,8.0,No,Selected,Private,No,2023-12-10,Bored,Yes,25-34,878,High,30
USR00199,27,Female,Nigeria,Researcher,Pinterest,4,3.1,4,46.5,Smartphone,Evening (6-9pm),217,1256,1,15,3,6,9,Videos,Medium,0.201,No,0.0,News & Updates,Moderate impact,5.8,No,Off,Friends Only,No,2022-04-20,Relaxed,No,25-34,1477,Medium,24
USR00200,17,Female,India,Engineer,Snapchat,5,2.0,5,24.0,Smartphone,Evening (6-9pm),21,351,3,16,4,1,9,Entertainment,Slow,0.17,Sometimes,34.3,News & Updates,No impact,4.1,No,Always On,Public,No,2022-07-20,Inspired,No,Under 18,1386,Medium,21
USR00201,29,Male,USA,Engineer,Pinterest,1,2.9,5,34.8,Tablet,Evening (6-9pm),10082,133,4,28,4,3,13,Educational,Fast,0.353,No,0.0,Entertainment,Mild impact,7.0,Somewhat,Selected,Public,Yes,2024-06-14,Inspired,Occasionally,25-34,691,Medium,35
USR00202,31,Male,USA,Doctor,LinkedIn,3,1.2,3,24.0,Smartphone,Evening (6-9pm),426,269,2,16,6,2,7,Educational,Slow,0.161,No,0.0,Socializing,No impact,8.4,Yes,Do Not Disturb,Public,No,2023-04-21,Happy,No,25-34,1111,High,24
USR00203,35,Male,India,Entrepreneur,Snapchat,4,0.9,3,18.0,Smartphone,Night (9pm-12am),302,850,4,21,1,3,11,Videos,Fast,0.082,Yes,15.07,Socializing,Moderate impact,7.8,Somewhat,Always On,Friends Only,No,2022-06-05,Stressed,No,35-44,1431,High,25
USR00204,35,Female,India,Student,Instagram,1,1.6,7,13.7,Smartphone,Evening (6-9pm),605,22,9,12,8,4,9,Reels/Shorts,Slow,0.436,No,0.0,News & Updates,Moderate impact,6.8,Yes,Off,Friends Only,No,2023-11-29,Relaxed,No,35-44,889,Medium,24
USR00205,15,Female,Pakistan,Marketer,Twitter/X,3,6.4,3,128.0,Smartphone,Evening (6-9pm),2090,173,4,13,2,3,5,Educational,Fast,0.052,No,0.0,Entertainment,Mild impact,8.0,Yes,Selected,Private,No,2024-03-23,Relaxed,Occasionally,Under 18,774,High,18
USR00206,19,Male,Nigeria,Researcher,Instagram,3,1.8,8,13.5,Smartphone,Night (9pm-12am),1242,1286,2,20,7,0,6,Educational,Medium,0.09,Yes,55.58,Business/Marketing,No impact,6.5,Yes,Off,Friends Only,No,2023-10-31,Inspired,Occasionally,18-24,918,Medium,27
USR00207,31,Non-binary,Pakistan,Other,TikTok,1,0.6,8,4.5,Smartphone,Late Night (12am+),78134,132,5,19,4,1,9,Entertainment,Medium,0.186,Sometimes,26.69,Entertainment,No impact,6.3,No,Selected,Friends Only,Yes,2022-03-02,Happy,Yes,25-34,1526,Medium,24
USR00208,31,Male,Pakistan,Entrepreneur,Instagram,2,2.3,5,27.6,Smartphone,Night (9pm-12am),1505,1564,0,21,4,2,6,Entertainment,Medium,0.069,Sometimes,21.25,Business/Marketing,Mild impact,3.5,Somewhat,Selected,Friends Only,No,2023-07-14,Bored,No,25-34,1027,Low,27
USR00209,31,Female,Pakistan,Marketer,TikTok,3,1.7,5,20.4,Smartphone,Night (9pm-12am),287,1336,2,16,1,0,17,Videos,Fast,0.218,No,0.0,Entertainment,Mild impact,6.6,Somewhat,Do Not Disturb,Private,No,2024-07-11,Relaxed,Yes,25-34,664,Medium,17
USR00210,57,Male,Germany,Marketer,Pinterest,1,5.1,3,102.0,Smartphone,Late Night (12am+),242,226,2,21,3,2,6,Stories,Slow,0.088,No,0.0,Entertainment,Mild impact,8.9,No,Off,Public,No,2024-10-01,Stressed,No,45+,582,High,26
USR00211,31,Female,Canada,Teacher,TikTok,1,6.1,3,122.0,Smartphone,Night (9pm-12am),328,123,4,18,6,1,10,Videos,Fast,0.018,No,0.0,Socializing,Mild impact,3.3,Yes,Selected,Friends Only,No,2023-04-13,Inspired,Occasionally,25-34,1119,Low,25
USR00212,36,Female,UK,Entrepreneur,YouTube,2,1.9,6,19.0,Smartphone,Afternoon (12-4pm),44,173,1,25,7,5,9,Educational,Medium,0.089,Yes,13.55,Learning,No impact,3.8,Yes,Do Not Disturb,Private,No,2023-12-30,Happy,Yes,35-44,858,Low,37
USR00213,34,Male,Pakistan,Entrepreneur,Twitter/X,1,3.1,5,37.2,Tablet,Evening (6-9pm),714,5988,3,19,6,3,7,Educational,Fast,0.314,No,0.0,Business/Marketing,Mild impact,5.6,Somewhat,Selected,Public,No,2024-02-08,Happy,Yes,25-34,818,Medium,28
USR00214,32,Male,India,Teacher,Twitter/X,4,3.3,4,49.5,Desktop,Late Night (12am+),2725,2319,7,27,8,4,6,Stories,Medium,0.018,Yes,17.72,Learning,No impact,3.8,Yes,Selected,Public,No,2024-06-03,Relaxed,Yes,25-34,702,Low,39
USR00215,24,Male,Pakistan,Marketer,LinkedIn,4,2.5,6,25.0,Tablet,Late Night (12am+),220,284,1,16,4,4,12,Videos,Medium,0.069,No,0.0,Business/Marketing,Severe impact,7.4,Somewhat,Always On,Private,No,2023-01-16,Bored,No,18-24,1206,High,24
USR00216,33,Male,India,Doctor,Pinterest,2,2.2,3,44.0,Laptop,Afternoon (12-4pm),155,117,3,18,2,0,7,News,Medium,0.041,Sometimes,20.13,News & Updates,No impact,3.1,Yes,Selected,Friends Only,No,2024-02-18,Relaxed,Occasionally,25-34,808,Low,20
USR00217,20,Male,UAE,Researcher,Twitter/X,5,1.3,12,6.5,Smartphone,Evening (6-9pm),10185,281,3,18,2,6,4,Photos,Medium,0.215,No,0.0,Socializing,No impact,7.4,Yes,Do Not Disturb,Public,Yes,2022-06-25,Bored,Yes,18-24,1411,High,26
USR00218,25,Non-binary,India,Researcher,YouTube,1,0.5,1,30.0,Laptop,Late Night (12am+),51,327,3,25,6,0,16,Videos,Fast,0.187,Yes,31.5,Entertainment,Mild impact,8.0,Yes,Always On,Friends Only,No,2023-08-28,Stressed,No,25-34,982,High,31
USR00219,23,Female,Nigeria,Designer,Instagram,4,1.3,6,13.0,Smartphone,Morning (6-10am),16,55,1,28,5,3,8,Educational,Fast,0.031,Sometimes,65.63,Learning,No impact,7.4,Yes,Selected,Friends Only,No,2023-05-20,Bored,Yes,18-24,1082,High,36
USR00220,27,Non-binary,USA,Engineer,TikTok,4,2.5,1,150.0,Laptop,Night (9pm-12am),83,269,1,26,5,1,7,Photos,Fast,0.141,Sometimes,44.46,News & Updates,Moderate impact,6.2,No,Selected,Friends Only,No,2022-05-31,Neutral,Occasionally,25-34,1436,Medium,32
USR00221,45,Female,UK,Student,Pinterest,1,0.8,6,8.0,Smartphone,Late Night (12am+),41,1196,2,16,7,2,5,Stories,Slow,0.072,Yes,50.19,Socializing,Moderate impact,7.2,Yes,Selected,Public,No,2022-06-18,Neutral,No,45+,1418,High,25
USR00222,13,Female,India,Student,Facebook,1,3.0,1,180.0,Smartphone,Afternoon (12-4pm),1333,28,7,13,2,2,7,Reels/Shorts,Fast,0.082,Sometimes,131.86,Learning,Mild impact,4.1,Somewhat,Off,Public,No,2023-07-03,Relaxed,Yes,Under 18,1038,Medium,17
USR00223,32,Female,Australia,Entrepreneur,Twitter/X,3,2.7,4,40.5,Laptop,Evening (6-9pm),347,659,5,19,1,0,13,Entertainment,Slow,0.099,Sometimes,55.7,Socializing,Moderate impact,6.7,Yes,Do Not Disturb,Friends Only,No,2022-11-12,Bored,Yes,25-34,1271,Medium,20
USR00224,14,Female,India,Other,YouTube,2,1.7,3,34.0,Laptop,Morning (6-10am),447,1273,5,23,2,1,11,News,Slow,0.069,Sometimes,22.04,Business/Marketing,Moderate impact,5.1,Somewhat,Selected,Friends Only,No,2024-02-18,Inspired,Occasionally,Under 18,808,Medium,26
USR00225,23,Non-binary,Pakistan,Entrepreneur,Instagram,3,2.1,3,42.0,Smartphone,Late Night (12am+),5299,124,2,26,6,2,11,Entertainment,Medium,0.249,Sometimes,37.42,Entertainment,No impact,7.8,No,Do Not Disturb,Friends Only,No,2022-11-12,Stressed,Occasionally,18-24,1271,High,34
USR00226,35,Female,Australia,Engineer,Facebook,2,0.9,5,10.8,Smartphone,Night (9pm-12am),191,1868,8,28,9,4,10,Memes,Medium,0.048,Sometimes,62.12,Entertainment,Moderate impact,7.5,Yes,Do Not Disturb,Public,No,2024-03-08,Relaxed,Occasionally,35-44,789,High,41
USR00227,27,Female,USA,Teacher,Twitter/X,3,4.4,5,52.8,Smartphone,Evening (6-9pm),2684,106,5,19,4,0,7,Entertainment,Fast,0.083,Yes,6.5,News & Updates,Moderate impact,4.7,Yes,Do Not Disturb,Public,No,2023-10-11,Stressed,No,25-34,938,Medium,23
USR00228,18,Female,UAE,Researcher,Snapchat,2,4.3,5,51.6,Laptop,Evening (6-9pm),10100,415,4,18,6,1,5,Educational,Fast,0.2,Yes,14.95,Learning,Mild impact,6.8,No,Do Not Disturb,Public,Yes,2024-01-09,Bored,Occasionally,18-24,848,Medium,25
USR00229,21,Non-binary,Pakistan,Other,Instagram,1,1.1,9,7.3,Laptop,Afternoon (12-4pm),292,169,3,23,2,1,8,Entertainment,Slow,0.264,Yes,32.49,Networking,Moderate impact,6.9,Yes,Do Not Disturb,Friends Only,No,2022-08-07,Happy,Occasionally,18-24,1368,Medium,26
USR00230,32,Male,Nigeria,Doctor,Pinterest,2,1.1,3,22.0,Tablet,Night (9pm-12am),2506,169,5,20,4,1,10,Reels/Shorts,Medium,0.164,Yes,16.73,Learning,Moderate impact,5.3,No,Always On,Private,No,2022-07-07,Neutral,No,25-34,1399,Medium,25
USR00231,21,Female,UK,Student,Instagram,4,1.3,3,26.0,Desktop,Evening (6-9pm),430,116,2,21,3,4,7,Photos,Medium,0.182,Yes,1.95,Learning,Moderate impact,6.2,No,Always On,Public,No,2022-01-11,Happy,Yes,18-24,1576,Medium,28
USR00232,28,Female,Pakistan,Student,Instagram,5,3.7,6,37.0,Smartphone,Night (9pm-12am),3510,565,4,24,1,4,8,Memes,Medium,0.008,Sometimes,98.65,News & Updates,No impact,7.1,No,Off,Private,No,2023-09-24,Happy,Yes,25-34,955,High,29
USR00233,27,Male,USA,Doctor,Facebook,4,3.2,6,32.0,Smartphone,Night (9pm-12am),39,677,0,18,5,4,9,News,Medium,0.133,Sometimes,27.17,News & Updates,No impact,5.4,No,Always On,Public,No,2024-06-29,Happy,Yes,25-34,676,Medium,27
USR00234,21,Male,UAE,Researcher,Facebook,2,4.9,3,98.0,Smartphone,Evening (6-9pm),34,226,2,17,3,3,3,Reels/Shorts,Fast,0.197,No,0.0,Entertainment,Severe impact,4.6,Yes,Always On,Friends Only,No,2024-01-08,Relaxed,Occasionally,18-24,849,Medium,23
USR00235,44,Male,Pakistan,Other,TikTok,2,5.3,7,45.4,Smartphone,Evening (6-9pm),328,47,3,12,2,3,14,Entertainment,Fast,0.228,Sometimes,44.48,Socializing,Mild impact,6.6,No,Always On,Private,No,2023-07-07,Inspired,No,35-44,1034,Medium,17
USR00236,32,Female,Pakistan,Teacher,Instagram,2,0.7,4,10.5,Smartphone,Late Night (12am+),134,396,7,18,3,3,9,Educational,Medium,0.208,No,0.0,Business/Marketing,Mild impact,8.9,Yes,Do Not Disturb,Private,No,2022-07-29,Happy,Yes,25-34,1377,High,24
USR00237,13,Prefer not to say,USA,Teacher,Snapchat,5,3.6,1,216.0,Smartphone,Evening (6-9pm),262,406,5,15,5,2,8,Photos,Fast,0.131,Yes,7.02,Networking,Severe impact,5.9,Yes,Always On,Friends Only,No,2022-09-29,Bored,Occasionally,Under 18,1315,Medium,22
USR00238,28,Female,UAE,Marketer,TikTok,5,5.1,7,43.7,Laptop,Evening (6-9pm),448,188,5,11,1,2,4,Photos,Fast,0.234,Sometimes,81.84,Networking,No impact,5.6,Yes,Selected,Public,No,2022-06-28,Inspired,Occasionally,25-34,1408,Medium,14
USR00239,21,Male,Pakistan,Entrepreneur,Facebook,3,2.1,7,18.0,Desktop,Morning (6-10am),2430,2300,3,21,2,2,11,Stories,Medium,0.067,No,0.0,Socializing,Mild impact,4.8,Yes,Selected,Public,No,2023-01-19,Relaxed,Yes,18-24,1203,Medium,25
USR00240,33,Male,Brazil,Doctor,Facebook,2,2.6,2,78.0,Smartphone,Evening (6-9pm),319,37,1,25,0,0,6,Educational,Medium,0.025,Yes,2.39,Learning,Mild impact,8.3,No,Always On,Public,No,2024-06-01,Bored,Occasionally,25-34,704,High,25
USR00241,20,Non-binary,Nigeria,Marketer,TikTok,3,2.3,5,27.6,Smartphone,Evening (6-9pm),150,17,2,14,1,1,9,Videos,Medium,0.084,Sometimes,54.24,Business/Marketing,No impact,7.8,No,Always On,Friends Only,No,2024-07-08,Bored,Occasionally,18-24,667,High,16
USR00242,26,Female,Pakistan,Designer,Facebook,4,2.4,6,24.0,Laptop,Evening (6-9pm),353,101,2,9,2,3,12,Memes,Fast,0.015,No,0.0,Networking,Mild impact,5.9,Yes,Always On,Friends Only,No,2024-11-15,Happy,Occasionally,25-34,537,Medium,14
USR00243,31,Male,Nigeria,Teacher,Twitter/X,5,4.3,9,28.7,Desktop,Late Night (12am+),166,573,5,20,4,1,6,Educational,Fast,0.034,No,0.0,News & Updates,Moderate impact,4.8,Yes,Always On,Friends Only,No,2024-04-15,Inspired,Occasionally,25-34,751,Medium,25
USR00244,33,Female,India,Doctor,LinkedIn,1,7.1,3,142.0,Smartphone,Afternoon (12-4pm),123,68,1,24,6,1,7,Reels/Shorts,Fast,0.039,Sometimes,2.26,Entertainment,No impact,4.8,Yes,Selected,Friends Only,No,2022-07-31,Inspired,Occasionally,25-34,1375,Medium,31
USR00245,17,Male,UAE,Freelancer,Instagram,5,5.9,4,88.5,Smartphone,Evening (6-9pm),36,75,3,21,3,0,9,Reels/Shorts,Fast,0.087,Sometimes,69.58,Socializing,Moderate impact,4.7,No,Always On,Friends Only,No,2022-02-23,Happy,Occasionally,Under 18,1533,Medium,24
USR00246,24,Male,Nigeria,Engineer,YouTube,3,1.8,10,10.8,Smartphone,Evening (6-9pm),753,766,2,16,2,3,9,News,Fast,0.051,No,0.0,Business/Marketing,Severe impact,5.3,Somewhat,Selected,Private,No,2022-07-03,Inspired,Yes,18-24,1403,Medium,21
USR00247,23,Female,Pakistan,Other,TikTok,1,3.1,4,46.5,Smartphone,Morning (6-10am),238,426,2,23,6,1,12,Educational,Fast,0.04,Yes,161.17,Socializing,Severe impact,5.2,No,Off,Public,No,2023-12-26,Inspired,Yes,18-24,862,Medium,30
USR00248,21,Female,Australia,Researcher,TikTok,1,1.4,4,21.0,Smartphone,Afternoon (12-4pm),3786,384,3,20,2,0,12,News,Fast,0.018,Yes,42.76,Business/Marketing,Mild impact,4.9,Somewhat,Do Not Disturb,Private,No,2022-07-10,Stressed,No,18-24,1396,Medium,22
USR00249,41,Male,Canada,Freelancer,Facebook,1,1.6,4,24.0,Smartphone,Night (9pm-12am),49,624,5,14,5,2,8,Videos,Medium,0.078,No,0.0,Business/Marketing,Moderate impact,8.2,Yes,Do Not Disturb,Public,No,2023-10-27,Bored,No,35-44,922,High,21
USR00250,30,Female,India,Freelancer,TikTok,5,2.5,7,21.4,Smartphone,Morning (6-10am),250,146,3,18,8,1,8,Entertainment,Medium,0.13,Sometimes,9.86,Networking,Moderate impact,9.1,Yes,Off,Friends Only,No,2024-02-28,Bored,Yes,25-34,798,High,27
USR00251,16,Female,Canada,Marketer,TikTok,2,1.5,8,11.2,Laptop,Night (9pm-12am),17382,155,1,13,3,2,4,Reels/Shorts,Fast,0.217,Sometimes,42.11,Business/Marketing,Moderate impact,4.2,Somewhat,Selected,Private,Yes,2022-01-26,Inspired,Yes,Under 18,1561,Medium,18
USR00252,34,Male,UK,Engineer,YouTube,1,1.7,6,17.0,Laptop,Morning (6-10am),122,646,3,23,4,1,13,News,Fast,0.223,Yes,2.8,Socializing,Mild impact,5.2,No,Do Not Disturb,Friends Only,No,2023-08-21,Relaxed,Yes,25-34,989,Medium,28
USR00253,43,Female,India,Marketer,Instagram,4,3.0,6,30.0,Laptop,Night (9pm-12am),434,48,1,27,4,2,13,Entertainment,Fast,0.272,Sometimes,18.8,Socializing,Mild impact,4.5,No,Do Not Disturb,Private,No,2024-04-27,Stressed,Yes,35-44,739,Medium,33
USR00254,35,Male,Germany,Researcher,Twitter/X,4,3.6,3,72.0,Smartphone,Evening (6-9pm),74,18,3,20,6,2,7,Stories,Fast,0.01,No,0.0,Learning,No impact,6.8,Somewhat,Off,Friends Only,No,2024-03-05,Relaxed,Occasionally,35-44,792,Medium,28
USR00255,14,Non-binary,UAE,Entrepreneur,Pinterest,1,3.5,5,42.0,Smartphone,Late Night (12am+),58,145,2,17,4,6,11,Educational,Medium,0.04,Sometimes,32.33,Networking,No impact,5.6,No,Selected,Private,No,2022-06-23,Relaxed,Occasionally,Under 18,1413,Medium,27
USR00256,23,Female,USA,Doctor,Pinterest,4,3.5,6,35.0,Smartphone,Night (9pm-12am),10776,747,5,16,6,4,8,Stories,Medium,0.061,Yes,8.78,Business/Marketing,Mild impact,4.3,No,Always On,Private,Yes,2023-05-13,Neutral,Occasionally,18-24,1089,Medium,26
USR00257,37,Female,USA,Teacher,Instagram,4,1.0,2,30.0,Smartphone,Night (9pm-12am),904,332,4,18,5,2,8,News,Slow,0.127,Yes,6.22,News & Updates,Mild impact,9.2,No,Always On,Private,No,2024-12-03,Stressed,Occasionally,35-44,519,High,25
USR00258,21,Female,UAE,Other,Instagram,4,1.5,8,11.2,Smartphone,Evening (6-9pm),846,684,5,16,4,3,7,Reels/Shorts,Medium,0.048,No,0.0,Networking,Mild impact,7.1,No,Selected,Public,No,2022-12-14,Relaxed,Occasionally,18-24,1239,High,23
USR00259,30,Male,USA,Engineer,TikTok,3,2.7,5,32.4,Smartphone,Night (9pm-12am),31,21,1,26,7,0,5,Videos,Slow,0.4,Sometimes,13.01,Networking,Severe impact,4.4,No,Do Not Disturb,Public,No,2024-02-19,Bored,Occasionally,25-34,807,Medium,33
USR00260,33,Female,USA,Other,LinkedIn,3,5.0,4,75.0,Smartphone,Late Night (12am+),1268,357,1,20,9,0,8,Stories,Fast,0.024,No,0.0,Business/Marketing,No impact,8.9,Yes,Selected,Friends Only,No,2022-12-14,Inspired,Yes,25-34,1239,High,29
USR00261,19,Female,India,Entrepreneur,Snapchat,4,9.4,4,141.0,Smartphone,Late Night (12am+),5342,536,1,19,6,0,7,Videos,Fast,0.121,Sometimes,17.72,Entertainment,Moderate impact,4.1,Somewhat,Always On,Private,No,2022-10-12,Happy,No,18-24,1302,Medium,25
USR00262,26,Male,Germany,Freelancer,Snapchat,2,3.2,2,96.0,Smartphone,Afternoon (12-4pm),5266,48,2,18,4,1,6,Photos,Slow,0.061,Sometimes,77.66,News & Updates,No impact,7.3,Somewhat,Do Not Disturb,Friends Only,No,2023-07-05,Happy,No,25-34,1036,High,23
USR00263,13,Male,Pakistan,Researcher,TikTok,4,4.1,5,49.2,Desktop,Evening (6-9pm),2214,688,2,21,3,3,10,Entertainment,Medium,0.124,Yes,48.15,Networking,Moderate impact,10.0,Yes,Off,Public,No,2023-09-09,Neutral,No,Under 18,970,High,27
USR00264,18,Male,India,Freelancer,Instagram,3,0.9,5,10.8,Smartphone,Evening (6-9pm),87,214,1,15,4,4,5,Entertainment,Fast,0.104,Sometimes,43.98,Entertainment,Mild impact,6.0,No,Do Not Disturb,Private,No,2023-07-04,Inspired,No,18-24,1037,Medium,23
USR00265,24,Female,UK,Entrepreneur,Snapchat,1,4.0,4,60.0,Tablet,Night (9pm-12am),1168,9755,1,26,5,1,6,News,Medium,0.319,Yes,51.13,Entertainment,No impact,5.7,Somewhat,Always On,Friends Only,No,2024-10-06,Inspired,Occasionally,18-24,577,Medium,32
USR00266,17,Male,UAE,Teacher,YouTube,4,7.9,2,237.0,Smartphone,Afternoon (12-4pm),2212,17,4,14,3,2,6,Stories,Medium,0.044,No,0.0,Business/Marketing,Moderate impact,6.5,Yes,Selected,Private,No,2022-10-26,Bored,Yes,Under 18,1288,Medium,19
USR00267,40,Male,Pakistan,Other,Facebook,5,1.5,4,22.5,Smartphone,Evening (6-9pm),26,1265,6,15,5,2,12,Educational,Medium,0.017,Sometimes,10.97,Entertainment,Moderate impact,10.0,Yes,Off,Public,No,2022-05-10,Neutral,Yes,35-44,1457,High,22
USR00268,15,Female,Pakistan,Teacher,Pinterest,3,1.7,4,25.5,Desktop,Night (9pm-12am),88,152,3,22,2,3,12,Entertainment,Medium,0.071,No,0.0,Entertainment,Mild impact,8.9,No,Selected,Public,No,2022-12-09,Relaxed,Occasionally,Under 18,1244,High,27
USR00269,23,Female,Pakistan,Researcher,Facebook,3,4.4,1,264.0,Smartphone,Late Night (12am+),3290,35,1,22,5,1,11,Educational,Medium,0.051,Sometimes,24.05,Socializing,Severe impact,5.4,Yes,Selected,Friends Only,No,2024-06-09,Neutral,Occasionally,18-24,696,Medium,28
USR00270,28,Female,Pakistan,Designer,Instagram,3,2.6,8,19.5,Smartphone,Morning (6-10am),3219,130,6,22,3,1,5,Videos,Fast,0.048,No,0.0,News & Updates,No impact,6.7,Somewhat,Always On,Friends Only,No,2023-07-20,Happy,Occasionally,25-34,1021,Medium,26
USR00271,38,Female,UAE,Entrepreneur,YouTube,1,0.5,4,7.5,Smartphone,Evening (6-9pm),40,341,2,21,2,1,4,Educational,Fast,0.375,No,0.0,Learning,Mild impact,7.9,Somewhat,Do Not Disturb,Public,No,2024-05-12,Inspired,Occasionally,35-44,724,High,24
USR00272,15,Female,Nigeria,Researcher,TikTok,5,1.8,10,10.8,Smartphone,Night (9pm-12am),2782,849,3,18,0,2,12,Memes,Slow,0.02,Sometimes,15.03,Learning,Mild impact,5.4,No,Do Not Disturb,Public,No,2023-09-06,Happy,No,Under 18,973,Medium,20
USR00273,36,Female,USA,Entrepreneur,Facebook,5,6.1,6,61.0,Smartphone,Afternoon (12-4pm),789,1932,7,28,4,2,9,Memes,Medium,0.129,No,0.0,News & Updates,Mild impact,4.2,Somewhat,Selected,Friends Only,No,2024-09-18,Happy,Occasionally,35-44,595,Medium,34
USR00274,27,Male,UAE,Student,LinkedIn,5,2.1,3,42.0,Laptop,Morning (6-10am),2713,1347,3,14,6,1,3,Videos,Medium,0.112,Sometimes,16.69,Business/Marketing,Moderate impact,8.2,No,Selected,Friends Only,No,2022-06-07,Neutral,Occasionally,25-34,1429,High,21
USR00275,19,Female,Pakistan,Researcher,Instagram,3,2.1,6,21.0,Smartphone,Evening (6-9pm),212,76,5,18,3,2,8,Reels/Shorts,Medium,0.209,No,0.0,Entertainment,Moderate impact,7.1,Yes,Always On,Private,No,2024-01-10,Bored,No,18-24,847,High,23
USR00276,30,Female,UAE,Engineer,Instagram,4,4.3,4,64.5,Tablet,Night (9pm-12am),2124,949,4,20,3,3,6,Stories,Medium,0.042,Yes,42.88,Business/Marketing,Moderate impact,6.8,Yes,Selected,Private,No,2023-05-31,Bored,Yes,25-34,1071,Medium,26
USR00277,28,Female,Pakistan,Freelancer,Instagram,4,3.2,3,64.0,Smartphone,Evening (6-9pm),3037,391,4,22,4,1,8,Entertainment,Medium,0.127,No,0.0,Business/Marketing,Mild impact,8.2,Somewhat,Do Not Disturb,Public,No,2023-05-21,Neutral,Occasionally,25-34,1081,High,27
USR00278,22,Prefer not to say,Pakistan,Teacher,Twitter/X,5,2.1,2,63.0,Smartphone,Morning (6-10am),353,111,4,22,5,1,8,News,Slow,0.039,Yes,8.27,Learning,Moderate impact,4.1,No,Always On,Public,No,2024-10-12,Inspired,Yes,18-24,571,Medium,28
USR00279,27,Female,Canada,Other,TikTok,3,1.7,3,34.0,Smartphone,Late Night (12am+),686,189,6,23,2,1,7,Photos,Medium,0.145,Sometimes,29.23,Networking,No impact,5.8,Yes,Always On,Private,No,2023-02-05,Stressed,Yes,25-34,1186,Medium,26
USR00280,23,Female,Germany,Marketer,Facebook,4,12.0,5,144.0,Smartphone,Evening (6-9pm),206,104,3,20,1,3,7,Memes,Fast,0.083,No,0.0,Business/Marketing,Mild impact,10.0,Somewhat,Do Not Disturb,Public,No,2024-07-26,Inspired,Occasionally,18-24,649,High,24
USR00281,27,Female,Germany,Researcher,YouTube,2,5.5,3,110.0,Smartphone,Evening (6-9pm),13003,255,3,19,2,5,5,Videos,Medium,0.115,Yes,30.37,Business/Marketing,Mild impact,7.2,Yes,Selected,Public,Yes,2022-08-08,Inspired,Occasionally,25-34,1367,High,26
USR00282,32,Prefer not to say,India,Other,Instagram,4,3.5,4,52.5,Smartphone,Night (9pm-12am),535,101,4,15,9,1,12,Educational,Slow,0.487,Sometimes,77.06,Business/Marketing,Mild impact,7.3,Yes,Off,Friends Only,No,2022-10-05,Bored,Occasionally,25-34,1309,High,25
USR00283,39,Female,UAE,Doctor,Facebook,4,3.7,3,74.0,Smartphone,Night (9pm-12am),126,71,7,18,4,4,4,Photos,Slow,0.307,Sometimes,42.8,Business/Marketing,Mild impact,6.4,Yes,Selected,Friends Only,No,2023-09-16,Happy,Yes,35-44,963,Medium,26
USR00284,17,Male,UK,Teacher,TikTok,2,2.4,6,24.0,Laptop,Afternoon (12-4pm),183,434,2,25,1,3,9,Photos,Fast,0.139,Sometimes,4.48,Socializing,Moderate impact,2.9,Yes,Always On,Friends Only,No,2022-01-14,Relaxed,Occasionally,Under 18,1573,Low,29
USR00285,44,Male,India,Marketer,Twitter/X,4,3.2,5,38.4,Tablet,Evening (6-9pm),835,520,1,19,5,1,6,Educational,Medium,0.114,No,0.0,Entertainment,Mild impact,4.7,No,Selected,Public,No,2024-03-21,Neutral,Occasionally,35-44,776,Medium,25
USR00286,13,Female,USA,Other,LinkedIn,1,2.2,5,26.4,Smartphone,Night (9pm-12am),2581,195,2,15,3,2,11,Photos,Medium,0.103,Sometimes,32.62,Networking,Moderate impact,7.8,Somewhat,Always On,Friends Only,No,2023-11-12,Inspired,Yes,Under 18,906,High,20
USR00287,25,Male,Australia,Entrepreneur,Snapchat,3,1.4,4,21.0,Smartphone,Afternoon (12-4pm),60,1262,3,26,2,5,5,Educational,Fast,0.145,No,0.0,News & Updates,Mild impact,5.2,No,Always On,Friends Only,No,2024-02-18,Neutral,No,25-34,808,Medium,33
USR00288,31,Female,UK,Teacher,Instagram,1,3.3,4,49.5,Laptop,Afternoon (12-4pm),18504,179,2,22,5,0,11,Videos,Medium,0.112,No,0.0,Socializing,Severe impact,5.9,No,Selected,Friends Only,Yes,2023-11-06,Stressed,Occasionally,25-34,912,Medium,27
USR00289,29,Female,Nigeria,Doctor,Twitter/X,1,2.1,6,21.0,Smartphone,Evening (6-9pm),1159,170,3,21,5,2,7,Photos,Medium,0.143,No,0.0,Learning,Mild impact,6.7,No,Selected,Public,No,2024-06-20,Inspired,Yes,25-34,685,Medium,28
USR00290,22,Female,Pakistan,Designer,TikTok,3,3.4,4,51.0,Laptop,Evening (6-9pm),1540,540,4,20,1,2,8,Entertainment,Fast,0.045,No,0.0,News & Updates,Moderate impact,4.4,Somewhat,Always On,Public,No,2023-11-17,Happy,No,18-24,901,Medium,23
USR00291,25,Female,USA,Marketer,Instagram,1,3.8,6,38.0,Smartphone,Morning (6-10am),558,208,0,30,3,2,2,Reels/Shorts,Medium,0.084,Sometimes,9.96,Business/Marketing,Moderate impact,3.9,Yes,Selected,Friends Only,No,2024-05-31,Relaxed,No,25-34,705,Low,35
USR00292,23,Male,Brazil,Engineer,YouTube,4,3.5,4,52.5,Smartphone,Morning (6-10am),688,270,5,21,7,2,6,Photos,Medium,0.069,Sometimes,20.07,News & Updates,Mild impact,6.2,Yes,Do Not Disturb,Public,No,2022-10-06,Relaxed,Occasionally,18-24,1308,Medium,30
USR00293,22,Female,USA,Researcher,Facebook,5,1.3,5,15.6,Laptop,Late Night (12am+),509,11,0,24,8,3,8,Stories,Medium,0.327,Sometimes,77.2,Business/Marketing,Mild impact,5.5,No,Do Not Disturb,Public,No,2023-09-08,Relaxed,Occasionally,18-24,971,Medium,35
USR00294,33,Male,India,Teacher,TikTok,5,1.9,5,22.8,Tablet,Evening (6-9pm),4154,249,5,23,4,2,8,Reels/Shorts,Fast,0.233,No,0.0,Entertainment,Mild impact,6.6,No,Selected,Friends Only,No,2023-10-19,Relaxed,Yes,25-34,930,Medium,29
USR00295,29,Non-binary,USA,Engineer,YouTube,1,2.1,4,31.5,Smartphone,Late Night (12am+),655,27,4,19,5,3,9,Photos,Fast,0.039,No,0.0,Networking,Mild impact,3.6,No,Selected,Friends Only,No,2023-02-16,Neutral,No,25-34,1175,Low,27
USR00296,21,Female,USA,Entrepreneur,Twitter/X,5,4.7,5,56.4,Laptop,Evening (6-9pm),2645,56,4,28,4,2,7,Stories,Fast,0.006,Yes,11.34,Networking,No impact,5.2,Somewhat,Selected,Public,No,2024-09-08,Neutral,Yes,18-24,605,Medium,34
USR00297,34,Female,Pakistan,Doctor,Twitter/X,1,4.6,3,92.0,Smartphone,Evening (6-9pm),304,49,4,21,1,0,4,Videos,Medium,0.106,Yes,32.29,Learning,Moderate impact,7.4,Yes,Always On,Friends Only,No,2023-10-06,Happy,Occasionally,25-34,943,High,22
USR00298,29,Female,UK,Researcher,Instagram,3,1.5,4,22.5,Smartphone,Night (9pm-12am),945,70,2,24,7,2,8,Memes,Fast,0.074,Yes,16.65,Business/Marketing,No impact,10.0,No,Do Not Disturb,Friends Only,No,2022-12-30,Happy,Occasionally,25-34,1223,High,33
USR00299,33,Male,Australia,Researcher,Instagram,2,1.0,6,10.0,Smartphone,Morning (6-10am),156,126,1,24,3,2,3,Videos,Medium,0.018,Sometimes,10.72,Learning,No impact,6.4,No,Do Not Disturb,Public,No,2024-03-26,Inspired,Yes,25-34,771,Medium,29
USR00300,32,Male,India,Entrepreneur,Snapchat,1,9.7,6,97.0,Smartphone,Afternoon (12-4pm),5941,136,2,24,4,1,9,Photos,Medium,0.162,Sometimes,24.78,Learning,Moderate impact,7.4,Yes,Always On,Private,No,2023-10-16,Relaxed,Yes,25-34,933,High,29
USR00301,20,Female,Canada,Freelancer,LinkedIn,2,3.4,1,204.0,Smartphone,Morning (6-10am),148,543,5,27,3,4,6,Photos,Slow,0.035,Yes,16.42,News & Updates,Mild impact,7.1,Yes,Selected,Friends Only,No,2023-08-20,Stressed,Yes,18-24,990,High,34
USR00302,22,Male,UK,Engineer,Twitter/X,4,0.8,3,16.0,Smartphone,Evening (6-9pm),370,319,2,21,4,1,6,Videos,Fast,0.053,No,0.0,Learning,No impact,6.7,Somewhat,Always On,Private,No,2024-10-02,Relaxed,No,18-24,581,Medium,26
USR00303,32,Female,Pakistan,Engineer,Snapchat,3,1.7,4,25.5,Smartphone,Night (9pm-12am),377,24,1,18,6,3,4,Entertainment,Medium,0.344,Yes,6.15,Business/Marketing,Mild impact,7.4,No,Off,Public,No,2023-05-12,Stressed,Yes,25-34,1090,High,27
USR00304,31,Male,Canada,Marketer,Facebook,5,4.9,6,49.0,Smartphone,Night (9pm-12am),351,270,5,20,5,4,6,Photos,Fast,0.316,No,0.0,Learning,Moderate impact,4.5,Yes,Do Not Disturb,Friends Only,No,2023-10-30,Relaxed,Occasionally,25-34,919,Medium,29
USR00305,26,Female,USA,Designer,Instagram,1,8.3,4,124.5,Laptop,Evening (6-9pm),2441,358,3,21,4,4,8,News,Medium,0.169,No,0.0,Socializing,Mild impact,5.6,Somewhat,Always On,Public,No,2024-02-10,Inspired,No,25-34,816,Medium,29
USR00306,27,Male,Pakistan,Engineer,Instagram,1,7.5,3,150.0,Smartphone,Afternoon (12-4pm),376,164,1,19,4,0,8,Educational,Medium,0.022,No,0.0,Socializing,Mild impact,6.6,Yes,Off,Public,No,2023-07-29,Neutral,Occasionally,25-34,1012,Medium,23
USR00307,37,Female,UAE,Designer,TikTok,4,3.4,14,14.6,Smartphone,Evening (6-9pm),8176,227,0,26,2,1,11,Entertainment,Fast,0.244,Sometimes,9.28,Learning,Mild impact,4.5,No,Always On,Public,No,2024-03-15,Bored,Occasionally,35-44,782,Medium,29
USR00308,22,Female,UAE,Entrepreneur,Snapchat,3,2.6,5,31.2,Tablet,Afternoon (12-4pm),152,307,5,22,6,3,11,Memes,Medium,0.008,Yes,51.95,Entertainment,No impact,7.0,No,Always On,Private,No,2024-01-18,Stressed,Occasionally,18-24,839,Medium,31
USR00309,31,Male,Canada,Entrepreneur,YouTube,2,1.2,4,18.0,Smartphone,Late Night (12am+),902,612,3,21,5,1,7,Educational,Fast,0.322,No,0.0,Networking,Mild impact,2.8,Yes,Always On,Private,No,2022-08-22,Relaxed,No,25-34,1353,Low,27
USR00310,25,Female,UK,Student,Snapchat,3,2.8,5,33.6,Smartphone,Evening (6-9pm),164,36,3,15,6,1,11,Photos,Fast,0.103,No,0.0,Learning,No impact,7.7,Yes,Do Not Disturb,Friends Only,No,2023-02-14,Inspired,Yes,25-34,1177,High,22
USR00311,25,Male,USA,Entrepreneur,Snapchat,4,1.3,5,15.6,Laptop,Afternoon (12-4pm),1419,182,2,20,8,3,8,Videos,Slow,0.246,Sometimes,130.66,Socializing,Mild impact,5.9,No,Off,Private,No,2023-01-04,Stressed,Occasionally,25-34,1218,Medium,31
USR00312,35,Female,Australia,Doctor,Instagram,2,1.9,7,16.3,Smartphone,Night (9pm-12am),646,1495,2,19,3,2,4,Photos,Medium,0.161,No,0.0,News & Updates,Mild impact,7.4,Yes,Always On,Public,No,2022-02-25,Relaxed,Yes,35-44,1531,High,24
USR00313,33,Male,UK,Marketer,TikTok,2,4.4,7,37.7,Smartphone,Evening (6-9pm),503,1339,3,13,7,2,8,Photos,Fast,0.034,No,0.0,Socializing,Moderate impact,8.0,No,Off,Friends Only,No,2024-08-03,Neutral,No,25-34,641,High,22
USR00314,33,Female,USA,Other,Instagram,1,2.2,7,18.9,Laptop,Morning (6-10am),5649,679,2,19,4,3,8,Entertainment,Fast,0.162,No,0.0,Entertainment,Mild impact,8.7,Somewhat,Selected,Friends Only,No,2023-03-06,Inspired,Yes,25-34,1157,High,26
USR00315,37,Male,UK,Engineer,YouTube,1,2.1,2,63.0,Smartphone,Evening (6-9pm),204,466,5,22,5,0,5,Reels/Shorts,Fast,0.186,Yes,7.01,Networking,Mild impact,6.7,Yes,Selected,Friends Only,No,2024-06-16,Relaxed,Occasionally,35-44,689,Medium,27
USR00316,27,Male,Nigeria,Other,Snapchat,3,2.5,5,30.0,Smart TV,Late Night (12am+),1911,1782,3,20,3,0,9,Reels/Shorts,Fast,0.036,Sometimes,53.7,Business/Marketing,Mild impact,3.1,No,Off,Public,No,2023-08-20,Neutral,Occasionally,25-34,990,Low,23
USR00317,32,Male,UAE,Freelancer,TikTok,2,10.5,3,210.0,Smartphone,Morning (6-10am),166,2444,4,28,4,1,7,Educational,Medium,0.012,No,0.0,Entertainment,Mild impact,3.0,No,Always On,Friends Only,No,2022-05-22,Neutral,Yes,25-34,1445,Low,33
USR00318,24,Female,USA,Researcher,Facebook,1,1.1,7,9.4,Smartphone,Evening (6-9pm),814,209,3,19,5,2,11,Reels/Shorts,Slow,0.013,No,0.0,Networking,Mild impact,3.9,Yes,Selected,Private,No,2024-04-17,Neutral,No,18-24,749,Low,26
USR00319,29,Male,Nigeria,Other,Instagram,2,3.1,2,93.0,Smartphone,Afternoon (12-4pm),77,76,5,17,9,1,15,Photos,Medium,0.027,Sometimes,3.06,Learning,Mild impact,7.5,No,Selected,Private,No,2024-10-19,Inspired,Yes,25-34,564,High,27
USR00320,25,Male,India,Student,LinkedIn,2,7.1,6,71.0,Desktop,Late Night (12am+),201,176,1,17,4,0,11,Educational,Medium,0.068,No,0.0,Entertainment,Moderate impact,3.7,No,Selected,Public,No,2022-10-13,Stressed,No,25-34,1301,Low,21
USR00321,27,Male,Pakistan,Other,Snapchat,5,2.5,4,37.5,Desktop,Evening (6-9pm),573,10000,3,19,6,1,12,Memes,Slow,0.081,No,0.0,Entertainment,Mild impact,5.8,Yes,Always On,Friends Only,No,2023-09-13,Bored,Occasionally,25-34,966,Medium,26
USR00322,31,Male,Pakistan,Engineer,Pinterest,1,5.4,8,40.5,Smartphone,Morning (6-10am),17437,37,4,21,4,0,14,Memes,Fast,0.24,Yes,33.57,Socializing,Severe impact,5.4,No,Selected,Public,Yes,2023-05-11,Happy,Yes,25-34,1091,Medium,25
USR00323,20,Male,Australia,Student,YouTube,1,0.9,5,10.8,Smartphone,Evening (6-9pm),797,139,2,21,5,2,11,Educational,Medium,0.087,Sometimes,45.75,Networking,Mild impact,6.8,Somewhat,Always On,Public,No,2023-06-02,Stressed,Yes,18-24,1069,Medium,28
USR00324,43,Male,USA,Other,Snapchat,1,2.3,1,138.0,Laptop,Morning (6-10am),13074,44,1,18,4,3,8,Educational,Slow,0.256,Sometimes,1.14,Networking,Mild impact,7.5,No,Off,Public,Yes,2022-11-12,Happy,Yes,35-44,1271,High,25
USR00325,18,Male,Canada,Marketer,Instagram,5,1.4,2,42.0,Smartphone,Late Night (12am+),988,284,1,26,5,0,5,Memes,Fast,0.125,Sometimes,16.82,Entertainment,Severe impact,6.4,Yes,Selected,Friends Only,No,2024-05-16,Stressed,Occasionally,18-24,720,Medium,31
USR00326,17,Non-binary,Pakistan,Doctor,YouTube,4,2.5,3,50.0,Laptop,Evening (6-9pm),331,57,3,22,3,2,9,Memes,Medium,0.111,Yes,11.66,Entertainment,Moderate impact,7.6,No,Off,Friends Only,No,2024-02-12,Inspired,Yes,Under 18,814,High,27
USR00327,36,Male,Australia,Other,TikTok,5,2.5,6,25.0,Smartphone,Night (9pm-12am),10623,214,3,16,2,1,10,News,Slow,0.165,Sometimes,27.65,Entertainment,Mild impact,4.2,No,Do Not Disturb,Private,Yes,2022-06-01,Stressed,Yes,35-44,1435,Medium,19
USR00328,33,Female,USA,Marketer,LinkedIn,4,2.7,8,20.2,Smartphone,Late Night (12am+),1460,23,1,24,3,2,6,Photos,Slow,0.163,No,0.0,Networking,Moderate impact,8.0,Yes,Always On,Friends Only,No,2024-07-08,Happy,Yes,25-34,667,High,29
USR00329,31,Male,Pakistan,Freelancer,YouTube,3,4.4,4,66.0,Smartphone,Afternoon (12-4pm),209,513,6,18,5,1,11,Memes,Fast,0.315,Sometimes,4.9,Entertainment,Mild impact,6.4,No,Selected,Friends Only,No,2024-09-08,Bored,Occasionally,25-34,605,Medium,24
USR00330,32,Female,USA,Student,Snapchat,1,0.5,3,10.0,Smartphone,Evening (6-9pm),1551,1060,2,14,1,1,11,Photos,Fast,0.08,No,0.0,Networking,Moderate impact,7.6,No,Do Not Disturb,Public,No,2024-03-31,Happy,No,25-34,766,High,16
USR00331,26,Prefer not to say,USA,Designer,YouTube,4,1.7,6,17.0,Tablet,Afternoon (12-4pm),392,154,1,23,2,0,7,Entertainment,Medium,0.004,Yes,4.89,Networking,No impact,5.3,Yes,Selected,Public,No,2024-12-30,Relaxed,Yes,25-34,492,Medium,25
USR00332,19,Female,USA,Freelancer,TikTok,2,3.0,6,30.0,Smartphone,Afternoon (12-4pm),18,208,6,17,4,1,8,Educational,Medium,0.177,Sometimes,54.62,Entertainment,Severe impact,2.5,No,Selected,Friends Only,No,2024-11-03,Relaxed,Occasionally,18-24,549,Low,22
USR00333,27,Female,UAE,Marketer,YouTube,4,0.5,8,3.8,Laptop,Afternoon (12-4pm),3585,201,3,18,5,1,7,Videos,Slow,0.115,Yes,53.8,Business/Marketing,Mild impact,7.4,No,Selected,Friends Only,No,2024-05-06,Inspired,Yes,25-34,730,High,24
USR00334,21,Female,India,Other,Instagram,4,3.9,6,39.0,Smartphone,Night (9pm-12am),4773,304,1,27,1,0,3,Entertainment,Medium,0.016,No,0.0,News & Updates,No impact,5.9,No,Do Not Disturb,Public,No,2022-03-17,Happy,Occasionally,18-24,1511,Medium,28
USR00335,34,Female,UAE,Marketer,Snapchat,2,1.6,6,16.0,Smart TV,Late Night (12am+),18183,233,2,23,2,0,7,Stories,Slow,0.344,No,0.0,Entertainment,Moderate impact,8.4,No,Selected,Public,Yes,2024-01-07,Neutral,Yes,25-34,850,High,25
USR00336,25,Male,UAE,Teacher,Snapchat,3,2.3,5,27.6,Smartphone,Evening (6-9pm),1422,615,2,25,4,2,8,News,Slow,0.156,Sometimes,32.0,Learning,Moderate impact,7.0,Somewhat,Selected,Friends Only,No,2022-06-24,Happy,Occasionally,25-34,1412,Medium,31
USR00337,20,Female,Brazil,Marketer,TikTok,1,4.5,4,67.5,Smartphone,Evening (6-9pm),425,1074,4,23,1,2,10,Photos,Medium,0.196,Sometimes,206.75,News & Updates,Moderate impact,10.0,No,Always On,Public,No,2022-08-12,Inspired,Occasionally,18-24,1363,High,26
USR00338,24,Female,Pakistan,Entrepreneur,YouTube,5,5.6,5,67.2,Desktop,Night (9pm-12am),2989,92,3,23,6,4,9,Videos,Medium,0.091,Sometimes,137.84,Socializing,Mild impact,8.5,No,Off,Friends Only,No,2023-05-24,Inspired,Occasionally,18-24,1078,High,33
USR00339,30,Male,India,Marketer,Twitter/X,3,3.9,5,46.8,Smartphone,Night (9pm-12am),3070,168,3,27,3,0,8,Videos,Slow,0.065,Yes,13.28,Learning,Severe impact,5.8,Yes,Selected,Private,No,2023-12-29,Bored,Yes,25-34,859,Medium,30
USR00340,22,Female,India,Entrepreneur,TikTok,5,1.1,6,11.0,Smartphone,Night (9pm-12am),12694,721,5,17,8,3,4,Entertainment,Slow,0.308,Sometimes,61.93,Learning,Mild impact,3.3,Somewhat,Do Not Disturb,Private,Yes,2022-12-07,Neutral,Yes,18-24,1246,Low,28
USR00341,20,Male,Pakistan,Researcher,YouTube,5,3.8,11,20.7,Smartphone,Afternoon (12-4pm),613,44,1,24,4,3,10,Memes,Fast,0.11,No,0.0,Entertainment,Moderate impact,4.6,Yes,Selected,Public,No,2022-04-01,Happy,Occasionally,18-24,1496,Medium,31
USR00342,28,Female,India,Marketer,TikTok,3,4.0,8,30.0,Smartphone,Morning (6-10am),493,22,3,16,3,1,4,Videos,Medium,0.263,Yes,25.07,Networking,Mild impact,4.5,Yes,Selected,Public,No,2024-03-29,Neutral,Occasionally,25-34,768,Medium,20
USR00343,28,Female,USA,Designer,Instagram,4,3.5,7,30.0,Smartphone,Night (9pm-12am),183,321,5,17,4,4,12,Stories,Fast,0.019,No,0.0,Business/Marketing,Moderate impact,5.3,Somewhat,Selected,Public,No,2023-11-11,Bored,Occasionally,25-34,907,Medium,25
USR00344,22,Female,Australia,Marketer,Instagram,3,6.1,7,52.3,Laptop,Morning (6-10am),1750,443,3,20,4,0,7,Stories,Fast,0.048,Sometimes,98.71,Learning,Severe impact,6.0,Yes,Always On,Public,No,2024-05-31,Bored,Occasionally,18-24,705,Medium,24
USR00345,23,Male,UK,Teacher,TikTok,5,2.8,4,42.0,Tablet,Morning (6-10am),40,102,3,22,4,1,10,Photos,Medium,0.145,Yes,46.45,Business/Marketing,Mild impact,6.8,Somewhat,Selected,Public,No,2022-08-05,Stressed,Yes,18-24,1370,Medium,27
USR00346,28,Male,Brazil,Engineer,Snapchat,3,6.0,8,45.0,Smartphone,Evening (6-9pm),2689,122,2,29,6,4,5,Memes,Medium,0.22,Sometimes,70.18,Business/Marketing,Moderate impact,8.7,No,Off,Friends Only,No,2022-01-22,Stressed,Yes,25-34,1565,High,39
USR00347,15,Male,India,Student,Pinterest,2,6.0,6,60.0,Smartphone,Late Night (12am+),1916,98,4,22,5,2,9,Photos,Medium,0.059,Sometimes,28.57,Socializing,No impact,4.6,Yes,Always On,Public,No,2022-07-21,Stressed,No,Under 18,1385,Medium,29
USR00348,15,Female,Canada,Freelancer,TikTok,4,4.0,2,120.0,Smartphone,Late Night (12am+),1906,86,4,17,3,2,7,Memes,Medium,0.249,No,0.0,Learning,Mild impact,3.7,No,Selected,Friends Only,No,2023-06-14,Bored,No,Under 18,1057,Low,22
USR00349,21,Female,UK,Marketer,Facebook,4,3.2,4,48.0,Smartphone,Night (9pm-12am),853,562,4,18,3,1,13,Memes,Medium,0.037,Sometimes,20.24,Socializing,Mild impact,7.7,Yes,Off,Friends Only,No,2023-03-31,Happy,Occasionally,18-24,1132,High,22
USR00350,25,Male,Nigeria,Doctor,TikTok,5,3.5,1,210.0,Smartphone,Afternoon (12-4pm),10502,59,0,20,5,4,7,Educational,Medium,0.206,Yes,16.02,News & Updates,Moderate impact,8.6,No,Always On,Friends Only,Yes,2024-11-11,Stressed,Yes,25-34,541,High,29
USR00351,29,Male,USA,Student,Pinterest,4,6.9,6,69.0,Smartphone,Afternoon (12-4pm),3195,177,4,15,6,1,6,Videos,Fast,0.295,Yes,25.35,Business/Marketing,Mild impact,5.3,Somewhat,Always On,Friends Only,No,2024-11-28,Bored,No,25-34,524,Medium,22
USR00352,38,Male,USA,Doctor,Twitter/X,5,5.0,1,300.0,Tablet,Afternoon (12-4pm),223,82,2,19,4,1,13,Reels/Shorts,Medium,0.141,No,0.0,Entertainment,Mild impact,8.1,No,Off,Public,No,2023-03-29,Bored,Occasionally,35-44,1134,High,24
USR00353,33,Female,UK,Doctor,LinkedIn,2,1.2,7,10.3,Smartphone,Afternoon (12-4pm),230,42,2,14,6,2,8,News,Fast,0.055,No,0.0,Entertainment,Severe impact,7.6,Somewhat,Do Not Disturb,Friends Only,No,2024-07-01,Relaxed,Yes,25-34,674,High,22
USR00354,25,Non-binary,Germany,Designer,Instagram,5,3.4,9,22.7,Smartphone,Evening (6-9pm),136,695,5,13,6,1,8,Memes,Fast,0.14,Yes,1.05,Networking,No impact,3.1,Somewhat,Selected,Private,No,2024-02-06,Inspired,Occasionally,25-34,820,Low,20
USR00355,26,Male,Pakistan,Entrepreneur,Pinterest,2,1.4,7,12.0,Smartphone,Late Night (12am+),1794,131,3,22,3,1,8,Educational,Medium,0.081,No,0.0,Business/Marketing,Mild impact,5.1,No,Selected,Friends Only,No,2024-03-12,Happy,Yes,25-34,785,Medium,26
USR00356,18,Female,UAE,Entrepreneur,Instagram,2,1.6,2,48.0,Laptop,Evening (6-9pm),109,306,2,24,4,4,11,News,Medium,0.075,No,0.0,Socializing,Moderate impact,5.3,Yes,Off,Public,No,2024-08-06,Stressed,No,18-24,638,Medium,32
USR00357,26,Female,India,Engineer,Pinterest,4,2.0,4,30.0,Smartphone,Evening (6-9pm),4675,40,5,11,6,1,8,Videos,Fast,0.035,Yes,16.61,Learning,Mild impact,9.8,No,Always On,Friends Only,No,2024-10-21,Stressed,No,25-34,562,High,18
USR00358,24,Male,UK,Freelancer,TikTok,4,0.8,8,6.0,Smartphone,Late Night (12am+),7196,100,2,17,2,2,8,Reels/Shorts,Medium,0.035,No,0.0,Socializing,No impact,7.1,No,Always On,Private,No,2022-11-05,Neutral,Yes,18-24,1278,High,21
USR00359,29,Female,Germany,Marketer,Instagram,5,1.3,5,15.6,Laptop,Late Night (12am+),136,606,1,17,2,2,5,News,Fast,0.102,No,0.0,Business/Marketing,Moderate impact,5.3,No,Selected,Private,No,2023-12-08,Relaxed,Occasionally,25-34,880,Medium,21
USR00360,20,Male,India,Freelancer,Twitter/X,5,6.3,5,75.6,Smartphone,Late Night (12am+),476,5457,3,15,4,1,10,Reels/Shorts,Slow,0.106,Yes,33.93,Socializing,Mild impact,4.9,No,Always On,Public,No,2022-02-20,Relaxed,Yes,18-24,1536,Medium,20
USR00361,31,Female,UAE,Doctor,YouTube,4,1.6,6,16.0,Smartphone,Late Night (12am+),685,22,3,21,3,4,11,Entertainment,Fast,0.191,Sometimes,0.17,Business/Marketing,No impact,3.4,No,Selected,Public,No,2024-09-15,Relaxed,Occasionally,25-34,598,Low,28
USR00362,39,Female,USA,Student,TikTok,5,4.4,2,132.0,Laptop,Evening (6-9pm),3265,192,1,20,5,0,9,Educational,Fast,0.114,Yes,103.74,Socializing,No impact,8.1,No,Selected,Private,No,2022-08-03,Happy,Yes,35-44,1372,High,25
USR00363,26,Female,USA,Student,Facebook,3,2.9,4,43.5,Tablet,Evening (6-9pm),12049,401,3,17,4,0,3,Memes,Slow,0.145,No,0.0,Business/Marketing,Moderate impact,6.9,Yes,Off,Public,Yes,2023-08-29,Neutral,Occasionally,25-34,981,Medium,21
USR00364,30,Female,UK,Other,Twitter/X,5,3.7,7,31.7,Smartphone,Evening (6-9pm),32,116,1,14,5,2,7,Entertainment,Fast,0.237,No,0.0,Business/Marketing,Mild impact,7.3,No,Selected,Public,No,2024-05-01,Happy,No,25-34,735,High,21
USR00365,32,Male,Australia,Entrepreneur,TikTok,3,3.8,3,76.0,Smartphone,Morning (6-10am),375,678,4,13,5,2,10,Videos,Slow,0.018,No,0.0,Business/Marketing,Moderate impact,3.9,Somewhat,Off,Friends Only,No,2022-06-25,Relaxed,Yes,25-34,1411,Low,20
USR00366,23,Male,Germany,Engineer,Facebook,5,1.3,6,13.0,Smartphone,Evening (6-9pm),412,86,3,13,5,2,8,Memes,Medium,0.195,Sometimes,24.02,Learning,Mild impact,7.5,Yes,Do Not Disturb,Friends Only,No,2022-08-26,Bored,No,18-24,1349,High,20
USR00367,28,Female,Australia,Researcher,TikTok,3,4.4,2,132.0,Desktop,Afternoon (12-4pm),53,294,4,13,4,2,9,Photos,Fast,0.048,Sometimes,3.41,Networking,Moderate impact,5.8,Yes,Do Not Disturb,Private,No,2022-10-18,Happy,Occasionally,25-34,1296,Medium,19
USR00368,27,Male,UK,Student,YouTube,2,1.0,8,7.5,Laptop,Evening (6-9pm),277,130,3,25,6,1,6,Educational,Fast,0.125,Yes,85.4,Socializing,Moderate impact,4.9,Somewhat,Selected,Friends Only,No,2023-12-15,Neutral,Yes,25-34,873,Medium,32
USR00369,27,Male,India,Doctor,Instagram,1,1.6,10,9.6,Smartphone,Afternoon (12-4pm),1436,1057,6,17,5,4,7,Educational,Medium,0.196,Sometimes,17.11,News & Updates,Mild impact,7.1,Yes,Selected,Friends Only,No,2023-10-01,Relaxed,No,25-34,948,High,26
USR00370,20,Female,Pakistan,Doctor,LinkedIn,5,3.8,5,45.6,Smartphone,Night (9pm-12am),402,108,1,19,3,2,7,Reels/Shorts,Fast,0.094,No,0.0,Business/Marketing,Severe impact,4.0,Yes,Always On,Public,No,2023-12-04,Inspired,No,18-24,884,Low,24
USR00371,27,Male,Nigeria,Researcher,Twitter/X,5,1.2,4,18.0,Smartphone,Afternoon (12-4pm),41,160,3,23,4,3,12,Memes,Slow,0.176,No,0.0,News & Updates,Mild impact,6.5,No,Selected,Private,No,2024-07-21,Bored,Occasionally,25-34,654,Medium,30
USR00372,30,Female,USA,Freelancer,YouTube,2,0.5,4,7.5,Smartphone,Evening (6-9pm),117400,761,5,23,2,3,13,Videos,Slow,0.134,No,0.0,Socializing,No impact,5.7,Yes,Do Not Disturb,Friends Only,Yes,2023-02-28,Happy,Yes,25-34,1163,Medium,28
USR00373,38,Female,India,Doctor,YouTube,4,3.3,8,24.8,Laptop,Evening (6-9pm),1073,71,2,22,2,1,8,Reels/Shorts,Slow,0.085,Yes,6.86,News & Updates,No impact,8.1,No,Do Not Disturb,Friends Only,No,2024-12-03,Bored,No,35-44,519,High,25
USR00374,34,Female,Canada,Doctor,Facebook,4,0.7,9,4.7,Smartphone,Late Night (12am+),813,265,3,21,4,2,7,News,Fast,0.179,Sometimes,70.18,Networking,Moderate impact,7.8,Yes,Do Not Disturb,Friends Only,No,2024-09-16,Happy,Occasionally,25-34,597,High,27
USR00375,44,Male,Pakistan,Entrepreneur,TikTok,4,4.0,7,34.3,Smartphone,Late Night (12am+),92,27,2,17,2,2,8,Reels/Shorts,Slow,0.009,No,0.0,Socializing,Mild impact,6.4,No,Always On,Friends Only,No,2023-12-15,Inspired,Yes,35-44,873,Medium,21
USR00376,20,Male,Australia,Entrepreneur,Instagram,2,2.1,7,18.0,Laptop,Night (9pm-12am),1063,66,5,17,7,1,8,Memes,Slow,0.1,No,0.0,Entertainment,No impact,6.7,Somewhat,Always On,Friends Only,No,2024-09-02,Happy,Occasionally,18-24,611,Medium,25
USR00377,33,Male,Pakistan,Engineer,Facebook,1,3.2,3,64.0,Smartphone,Late Night (12am+),494,387,0,15,5,2,8,Photos,Fast,0.214,Yes,4.1,News & Updates,Mild impact,7.3,Yes,Selected,Public,No,2022-07-19,Bored,No,25-34,1387,High,22
USR00378,28,Male,India,Entrepreneur,TikTok,4,3.2,8,24.0,Smartphone,Night (9pm-12am),22,74,1,16,5,2,6,Stories,Medium,0.252,Sometimes,41.7,Networking,Moderate impact,6.2,Yes,Selected,Friends Only,No,2024-06-16,Bored,Yes,25-34,689,Medium,23
USR00379,44,Male,Pakistan,Other,TikTok,4,4.2,7,36.0,Smartphone,Night (9pm-12am),96,127,3,28,4,1,8,Memes,Medium,0.038,Sometimes,29.87,Networking,No impact,4.7,No,Always On,Private,No,2024-07-15,Stressed,No,35-44,660,Medium,33
USR00380,20,Male,Germany,Researcher,Snapchat,5,3.8,2,114.0,Smartphone,Morning (6-10am),2781,442,3,17,6,2,11,Entertainment,Medium,0.089,Sometimes,13.9,Business/Marketing,Mild impact,5.3,No,Do Not Disturb,Friends Only,No,2023-10-16,Neutral,Yes,18-24,933,Medium,25
USR00381,20,Female,USA,Engineer,YouTube,2,1.2,5,14.4,Smartphone,Evening (6-9pm),22009,122,4,18,3,2,7,Photos,Slow,0.106,Yes,66.31,Entertainment,Moderate impact,4.0,No,Selected,Private,Yes,2022-05-18,Relaxed,Occasionally,18-24,1449,Low,23
USR00382,22,Male,India,Doctor,TikTok,2,2.2,7,18.9,Smartphone,Night (9pm-12am),1288,656,4,18,2,2,4,Reels/Shorts,Medium,0.136,Sometimes,21.6,Business/Marketing,Severe impact,7.9,Somewhat,Do Not Disturb,Private,No,2023-09-07,Inspired,Yes,18-24,972,High,22
USR00383,13,Male,Germany,Engineer,TikTok,3,3.2,6,32.0,Smartphone,Afternoon (12-4pm),4844,316,4,20,2,0,10,Educational,Medium,0.443,Yes,18.39,Learning,No impact,6.9,Yes,Selected,Friends Only,No,2022-04-02,Bored,Occasionally,Under 18,1495,Medium,22
USR00384,22,Female,UAE,Doctor,TikTok,5,6.0,1,360.0,Smartphone,Evening (6-9pm),502,412,5,21,4,1,7,Videos,Medium,0.258,Yes,7.09,Learning,Moderate impact,5.4,No,Always On,Private,No,2022-08-24,Relaxed,No,18-24,1351,Medium,26
USR00385,20,Male,India,Researcher,TikTok,3,3.9,3,78.0,Smart TV,Evening (6-9pm),569,1084,3,24,4,2,7,Stories,Fast,0.129,No,0.0,Entertainment,Mild impact,4.9,Yes,Always On,Friends Only,No,2022-02-16,Inspired,No,18-24,1540,Medium,30
USR00386,28,Female,Germany,Engineer,TikTok,3,5.7,4,85.5,Smartphone,Evening (6-9pm),4739,359,4,25,2,2,8,News,Medium,0.082,Sometimes,11.17,Learning,Mild impact,6.6,Yes,Do Not Disturb,Public,No,2023-12-04,Relaxed,No,25-34,884,Medium,29
USR00387,29,Non-binary,USA,Engineer,Instagram,1,3.3,4,49.5,Smartphone,Evening (6-9pm),13266,1550,0,20,7,0,10,Stories,Fast,0.165,Yes,18.22,News & Updates,No impact,3.7,No,Do Not Disturb,Friends Only,Yes,2022-08-12,Relaxed,Yes,25-34,1363,Low,27
USR00388,42,Male,UK,Designer,Twitter/X,4,5.0,3,100.0,Laptop,Evening (6-9pm),6918,730,4,24,3,1,9,Entertainment,Fast,0.248,No,0.0,News & Updates,Moderate impact,4.3,Somewhat,Selected,Friends Only,No,2022-12-03,Inspired,No,35-44,1250,Medium,28
USR00389,34,Male,India,Engineer,LinkedIn,2,3.1,7,26.6,Tablet,Afternoon (12-4pm),97,130,4,23,5,3,9,Stories,Medium,0.09,Sometimes,162.22,Learning,Mild impact,6.2,No,Always On,Public,No,2023-05-15,Neutral,No,25-34,1087,Medium,31
USR00390,22,Male,USA,Doctor,Facebook,3,4.9,9,32.7,Tablet,Afternoon (12-4pm),589,1154,1,24,3,1,11,Reels/Shorts,Slow,0.046,Yes,27.56,News & Updates,No impact,10.0,Yes,Always On,Public,No,2024-11-22,Happy,No,18-24,530,High,28
USR00391,19,Female,UAE,Researcher,LinkedIn,5,2.0,4,30.0,Smartphone,Evening (6-9pm),1096,335,5,16,3,2,3,Photos,Medium,0.189,No,0.0,Learning,Moderate impact,7.0,No,Selected,Public,No,2022-12-24,Bored,Occasionally,18-24,1229,Medium,21
USR00392,30,Female,USA,Student,Facebook,2,6.5,3,130.0,Smartphone,Afternoon (12-4pm),416,152,2,15,4,2,9,Reels/Shorts,Medium,0.24,No,0.0,News & Updates,Mild impact,6.5,Somewhat,Always On,Private,No,2022-11-24,Happy,Occasionally,25-34,1259,Medium,21
USR00393,16,Non-binary,Germany,Other,TikTok,4,3.6,4,54.0,Smartphone,Late Night (12am+),1336,341,2,21,8,1,7,Reels/Shorts,Fast,0.118,Sometimes,49.31,Entertainment,No impact,4.1,Yes,Always On,Friends Only,No,2023-11-09,Neutral,Occasionally,Under 18,909,Medium,30
USR00394,41,Female,India,Doctor,Twitter/X,2,0.8,4,12.0,Smartphone,Evening (6-9pm),2913,929,3,16,2,2,9,News,Fast,0.203,Sometimes,135.88,Entertainment,Mild impact,4.5,Yes,Off,Friends Only,No,2024-05-23,Relaxed,No,35-44,713,Medium,20
USR00395,36,Male,Pakistan,Teacher,Instagram,1,3.3,6,33.0,Desktop,Evening (6-9pm),4044,422,4,14,3,2,9,Videos,Medium,0.257,Sometimes,219.22,Learning,No impact,8.6,Yes,Do Not Disturb,Private,No,2024-08-04,Happy,No,35-44,640,High,19
USR00396,23,Male,Canada,Doctor,TikTok,4,3.9,3,78.0,Laptop,Morning (6-10am),13829,2179,4,18,7,3,8,News,Medium,0.104,Sometimes,69.04,Entertainment,Moderate impact,5.4,No,Do Not Disturb,Public,Yes,2023-04-20,Neutral,No,18-24,1112,Medium,28
USR00397,13,Male,Australia,Freelancer,Twitter/X,4,4.5,10,27.0,Smartphone,Morning (6-10am),367,901,2,15,2,2,11,Reels/Shorts,Fast,0.073,No,0.0,Learning,No impact,6.3,Yes,Selected,Public,No,2024-04-09,Neutral,No,Under 18,757,Medium,19
USR00398,37,Male,UK,Other,Facebook,2,7.8,5,93.6,Smartphone,Morning (6-10am),57,458,1,22,5,1,12,Videos,Medium,0.148,No,0.0,Business/Marketing,Moderate impact,7.3,No,Selected,Private,No,2023-01-13,Happy,No,35-44,1209,High,28
USR00399,26,Female,India,Student,Facebook,5,1.8,5,21.6,Smartphone,Evening (6-9pm),1267,71,5,20,3,2,11,Entertainment,Slow,0.145,No,0.0,Learning,No impact,5.4,Somewhat,Always On,Friends Only,No,2023-01-17,Inspired,Yes,25-34,1205,Medium,25
USR00400,36,Female,Nigeria,Teacher,Twitter/X,3,7.8,3,156.0,Laptop,Evening (6-9pm),19749,197,4,13,4,1,8,News,Fast,0.299,No,0.0,Learning,No impact,5.3,Somewhat,Selected,Friends Only,Yes,2024-06-04,Happy,Occasionally,35-44,701,Medium,18
USR00401,14,Male,Canada,Other,Twitter/X,3,2.6,2,78.0,Smart TV,Afternoon (12-4pm),281,266,5,22,3,1,10,News,Fast,0.03,Sometimes,50.15,Networking,Mild impact,3.1,No,Do Not Disturb,Friends Only,No,2024-03-21,Bored,No,Under 18,776,Low,26
USR00402,22,Male,USA,Doctor,Instagram,3,1.5,7,12.9,Smartphone,Late Night (12am+),2290,564,3,18,4,0,10,News,Medium,0.19,No,0.0,Networking,Severe impact,4.0,Yes,Always On,Public,No,2022-03-01,Neutral,Occasionally,18-24,1527,Low,22
USR00403,27,Female,Brazil,Entrepreneur,Twitter/X,2,1.8,5,21.6,Tablet,Night (9pm-12am),2327,525,3,18,4,2,8,Reels/Shorts,Fast,0.19,Sometimes,7.5,News & Updates,Severe impact,7.3,Somewhat,Selected,Friends Only,No,2023-02-09,Inspired,Occasionally,25-34,1182,High,24
USR00404,27,Male,UK,Marketer,LinkedIn,5,3.7,4,55.5,Desktop,Night (9pm-12am),938,299,2,16,0,3,10,Reels/Shorts,Medium,0.141,Yes,124.48,Learning,No impact,5.4,Somewhat,Off,Friends Only,No,2024-07-09,Inspired,Occasionally,25-34,666,Medium,19
USR00405,23,Male,UAE,Freelancer,YouTube,2,1.3,6,13.0,Tablet,Night (9pm-12am),673,282,3,16,3,2,11,Entertainment,Slow,0.191,No,0.0,Entertainment,Mild impact,7.4,Yes,Do Not Disturb,Public,No,2024-05-29,Stressed,No,18-24,707,High,21
USR00406,31,Male,Germany,Doctor,Instagram,3,2.1,5,25.2,Smartphone,Evening (6-9pm),126,580,1,20,5,0,4,Memes,Medium,0.183,Yes,85.59,Business/Marketing,Mild impact,3.3,Somewhat,Do Not Disturb,Private,No,2024-03-07,Relaxed,Occasionally,25-34,790,Low,25
USR00407,18,Female,USA,Marketer,Instagram,3,3.3,4,49.5,Smartphone,Morning (6-10am),10,87,2,18,3,1,5,News,Fast,0.028,No,0.0,Networking,No impact,7.7,Somewhat,Always On,Public,No,2022-01-10,Stressed,Occasionally,18-24,1577,High,22
USR00408,25,Female,UK,Doctor,Twitter/X,3,6.4,7,54.9,Smartphone,Late Night (12am+),89,1871,4,19,4,2,8,News,Medium,0.217,Sometimes,16.05,News & Updates,Mild impact,6.1,Somewhat,Always On,Public,No,2023-03-16,Bored,Occasionally,25-34,1147,Medium,25
USR00409,27,Male,UAE,Other,Facebook,5,4.4,4,66.0,Laptop,Afternoon (12-4pm),329,20,2,13,6,2,14,Educational,Slow,0.03,Sometimes,35.48,Entertainment,Moderate impact,3.6,Yes,Selected,Friends Only,No,2023-02-26,Relaxed,No,25-34,1165,Low,21
USR00410,31,Male,UK,Teacher,TikTok,1,2.7,2,81.0,Smartphone,Evening (6-9pm),4795,1403,5,18,2,3,6,Videos,Slow,0.395,Yes,37.38,News & Updates,No impact,8.2,Somewhat,Selected,Public,No,2023-07-25,Bored,Occasionally,25-34,1016,High,23
USR00411,32,Male,USA,Doctor,YouTube,3,3.7,3,74.0,Tablet,Late Night (12am+),552,231,4,20,1,2,10,Videos,Fast,0.251,Sometimes,91.78,Entertainment,Moderate impact,3.7,Yes,Always On,Private,No,2022-05-09,Inspired,Occasionally,25-34,1458,Low,23
USR00412,18,Female,Pakistan,Designer,YouTube,3,3.0,8,22.5,Tablet,Evening (6-9pm),261,814,2,18,7,1,5,Reels/Shorts,Fast,0.129,Sometimes,29.66,Business/Marketing,No impact,8.1,Yes,Always On,Public,No,2022-07-28,Relaxed,Occasionally,18-24,1378,High,26
USR00413,14,Male,Pakistan,Student,Facebook,5,1.1,5,13.2,Smartphone,Evening (6-9pm),133,378,4,21,3,1,8,Reels/Shorts,Medium,0.031,Sometimes,73.85,Business/Marketing,Mild impact,6.1,Yes,Selected,Private,No,2023-01-18,Neutral,No,Under 18,1204,Medium,25
USR00414,37,Female,Canada,Researcher,TikTok,2,7.1,6,71.0,Smartphone,Night (9pm-12am),2169,370,1,24,4,2,5,News,Medium,0.037,No,0.0,Networking,Moderate impact,4.6,No,Always On,Public,No,2024-01-20,Inspired,Yes,35-44,837,Medium,30
USR00415,29,Male,India,Designer,Instagram,4,6.5,2,195.0,Smart TV,Evening (6-9pm),7669,475,4,17,5,4,4,Educational,Fast,0.032,No,0.0,Entertainment,Moderate impact,9.5,Yes,Selected,Private,No,2023-10-30,Bored,No,25-34,919,High,26
USR00416,21,Female,USA,Engineer,Instagram,4,2.5,3,50.0,Smartphone,Morning (6-10am),4510,646,2,17,3,0,7,Educational,Medium,0.025,Yes,20.07,Business/Marketing,Moderate impact,6.9,Yes,Selected,Public,No,2023-02-08,Bored,No,18-24,1183,Medium,20
USR00417,39,Female,India,Designer,TikTok,5,1.9,3,38.0,Laptop,Afternoon (12-4pm),1980,164,7,24,2,1,9,Photos,Slow,0.115,No,0.0,Business/Marketing,Moderate impact,8.4,No,Always On,Public,No,2024-07-26,Happy,Yes,35-44,649,High,27
USR00418,27,Male,Australia,Researcher,Twitter/X,1,1.1,7,9.4,Smartphone,Afternoon (12-4pm),46,847,3,14,6,2,4,Stories,Fast,0.086,Yes,52.69,Networking,Moderate impact,7.0,Yes,Selected,Friends Only,No,2022-08-22,Stressed,No,25-34,1353,Medium,22
USR00419,36,Female,Pakistan,Other,Snapchat,2,3.9,5,46.8,Smartphone,Late Night (12am+),353,66,2,16,6,2,10,News,Medium,0.035,Sometimes,57.18,Networking,Mild impact,5.8,Somewhat,Always On,Friends Only,No,2023-06-22,Happy,Occasionally,35-44,1049,Medium,24
USR00420,27,Non-binary,India,Marketer,Instagram,3,3.9,2,117.0,Smartphone,Morning (6-10am),22140,243,6,18,5,5,4,News,Medium,0.345,No,0.0,News & Updates,No impact,4.6,Yes,Selected,Friends Only,Yes,2024-09-29,Neutral,No,25-34,584,Medium,28
USR00421,43,Female,USA,Designer,TikTok,2,1.4,2,42.0,Smartphone,Night (9pm-12am),5011,667,1,23,3,2,8,Stories,Slow,0.096,Yes,21.75,News & Updates,Severe impact,5.9,Yes,Off,Friends Only,No,2024-12-16,Neutral,No,35-44,506,Medium,28
USR00422,41,Male,Germany,Teacher,Facebook,1,3.1,7,26.6,Tablet,Night (9pm-12am),41,807,2,16,3,2,5,Reels/Shorts,Medium,0.136,Sometimes,78.18,Socializing,Mild impact,6.5,Yes,Always On,Private,No,2023-10-04,Relaxed,Occasionally,35-44,945,Medium,21
USR00423,25,Male,UAE,Engineer,Instagram,3,4.3,8,32.2,Smartphone,Night (9pm-12am),601,425,4,18,0,1,8,News,Fast,0.022,Yes,20.64,Learning,Mild impact,7.7,Yes,Always On,Private,No,2024-03-06,Bored,No,25-34,791,High,19
USR00424,34,Non-binary,India,Marketer,Facebook,5,1.8,4,27.0,Smartphone,Evening (6-9pm),1278,152,7,19,4,0,5,Reels/Shorts,Fast,0.081,Sometimes,32.06,Learning,No impact,5.5,Somewhat,Always On,Friends Only,No,2024-03-14,Stressed,Yes,25-34,783,Medium,23
USR00425,32,Female,UAE,Student,Twitter/X,5,2.3,4,34.5,Smartphone,Afternoon (12-4pm),168,717,5,14,5,1,7,Photos,Medium,0.22,Yes,8.4,Business/Marketing,Moderate impact,7.1,Yes,Selected,Public,No,2022-08-22,Happy,Occasionally,25-34,1353,High,20
USR00426,37,Male,USA,Designer,TikTok,3,2.3,4,34.5,Smartphone,Evening (6-9pm),10,109,2,19,9,1,13,Educational,Fast,0.346,Sometimes,0.85,News & Updates,Severe impact,9.2,Yes,Do Not Disturb,Public,No,2023-12-14,Happy,Yes,35-44,874,High,29
USR00427,19,Female,Pakistan,Teacher,Facebook,3,1.5,3,30.0,Laptop,Night (9pm-12am),794,2001,4,23,2,3,4,Educational,Medium,0.317,No,0.0,News & Updates,Mild impact,6.5,No,Off,Public,No,2023-12-22,Neutral,Occasionally,18-24,866,Medium,28
USR00428,32,Female,India,Other,Instagram,5,2.3,4,34.5,Desktop,Late Night (12am+),161,221,5,25,3,0,6,News,Fast,0.074,Sometimes,37.05,Entertainment,Moderate impact,2.7,No,Do Not Disturb,Public,No,2024-07-26,Neutral,Yes,25-34,649,Low,28
USR00429,35,Female,India,Freelancer,YouTube,1,0.7,6,7.0,Desktop,Morning (6-10am),162,38,2,27,6,8,5,Stories,Slow,0.094,No,0.0,Learning,No impact,6.3,Yes,Selected,Private,No,2022-12-20,Happy,No,35-44,1233,Medium,41
USR00430,13,Female,Germany,Student,YouTube,1,2.2,5,26.4,Smartphone,Late Night (12am+),351,58,2,29,6,3,10,Entertainment,Slow,0.084,No,0.0,Networking,Mild impact,6.0,Yes,Do Not Disturb,Friends Only,No,2023-09-02,Neutral,Yes,Under 18,977,Medium,38
USR00431,17,Female,USA,Designer,Instagram,5,2.2,5,26.4,Tablet,Night (9pm-12am),522,257,1,22,4,2,7,Stories,Fast,0.154,No,0.0,Entertainment,No impact,6.0,Somewhat,Always On,Friends Only,No,2022-06-23,Relaxed,Yes,Under 18,1413,Medium,28
USR00432,13,Female,UK,Freelancer,Twitter/X,2,2.5,3,50.0,Smartphone,Night (9pm-12am),654,289,1,23,8,1,6,Photos,Medium,0.449,Sometimes,42.17,Learning,Mild impact,3.3,No,Always On,Private,No,2022-10-02,Relaxed,Occasionally,Under 18,1312,Low,32
USR00433,24,Male,USA,Marketer,Instagram,1,3.5,6,35.0,Smartphone,Morning (6-10am),135,2600,3,27,5,2,8,Stories,Medium,0.266,No,0.0,Networking,Mild impact,6.7,Yes,Selected,Public,No,2023-10-04,Bored,No,18-24,945,Medium,34
USR00434,32,Male,UAE,Doctor,LinkedIn,1,1.0,4,15.0,Smartphone,Afternoon (12-4pm),447,70,4,28,7,3,12,Reels/Shorts,Slow,0.239,Sometimes,23.48,News & Updates,No impact,5.2,Somewhat,Always On,Private,No,2022-08-30,Happy,Occasionally,25-34,1345,Medium,38
USR00435,39,Female,Pakistan,Student,Twitter/X,1,1.2,2,36.0,Smartphone,Afternoon (12-4pm),28,256,2,29,5,2,5,Educational,Medium,0.024,Sometimes,52.89,News & Updates,Mild impact,6.0,Yes,Do Not Disturb,Friends Only,No,2023-05-04,Bored,Occasionally,35-44,1098,Medium,36
USR00436,27,Female,Pakistan,Entrepreneur,Instagram,4,1.5,5,18.0,Smartphone,Evening (6-9pm),1164,68,1,16,6,3,4,Educational,Slow,0.429,Sometimes,6.05,Learning,No impact,7.9,No,Always On,Private,No,2023-09-18,Inspired,Yes,25-34,961,High,25
USR00437,40,Male,Pakistan,Other,TikTok,4,0.9,7,7.7,Smartphone,Morning (6-10am),3,135,1,15,5,0,7,News,Medium,0.074,Sometimes,44.24,News & Updates,Mild impact,4.7,No,Always On,Public,No,2022-08-28,Inspired,Occasionally,35-44,1347,Medium,20
USR00438,15,Male,India,Marketer,Snapchat,3,3.8,8,28.5,Smartphone,Late Night (12am+),395,1845,5,17,2,1,10,Memes,Fast,0.134,No,0.0,Socializing,Severe impact,6.0,Yes,Always On,Friends Only,No,2023-01-10,Relaxed,Occasionally,Under 18,1212,Medium,20
USR00439,13,Male,Germany,Engineer,Twitter/X,1,1.7,1,102.0,Desktop,Afternoon (12-4pm),3479,62,1,20,1,1,12,Reels/Shorts,Fast,0.193,Sometimes,8.89,Business/Marketing,No impact,5.8,Yes,Off,Friends Only,No,2024-02-04,Inspired,No,Under 18,822,Medium,22
USR00440,26,Male,UAE,Teacher,YouTube,4,2.5,5,30.0,Smartphone,Night (9pm-12am),98,494,2,28,5,2,7,Videos,Slow,0.39,Sometimes,20.64,Learning,Mild impact,5.9,No,Off,Private,No,2022-10-17,Inspired,No,25-34,1297,Medium,35
USR00441,30,Male,Pakistan,Marketer,Facebook,1,1.4,4,21.0,Smartphone,Late Night (12am+),2415,392,2,25,0,2,10,Photos,Medium,0.172,Yes,53.35,Networking,No impact,5.4,Yes,Off,Friends Only,No,2024-11-12,Happy,Yes,25-34,540,Medium,27
USR00442,26,Female,Australia,Researcher,Pinterest,1,2.0,6,20.0,Smartphone,Morning (6-10am),5325,237,1,36,1,4,10,Photos,Slow,0.21,Sometimes,4.3,Networking,No impact,5.5,Yes,Off,Friends Only,No,2024-03-06,Inspired,No,25-34,791,Medium,41
USR00443,13,Female,Nigeria,Marketer,Facebook,3,3.2,4,48.0,Smartphone,Afternoon (12-4pm),1,456,4,23,1,3,6,Reels/Shorts,Slow,0.152,No,0.0,Networking,Mild impact,9.2,No,Do Not Disturb,Friends Only,No,2024-05-06,Stressed,Occasionally,Under 18,730,High,27
USR00444,26,Male,USA,Freelancer,LinkedIn,5,3.3,7,28.3,Tablet,Night (9pm-12am),506,60,2,15,4,2,7,Educational,Slow,0.153,Sometimes,19.12,Learning,Mild impact,5.4,No,Always On,Private,No,2022-10-10,Bored,No,25-34,1304,Medium,21
USR00445,16,Female,Pakistan,Engineer,Snapchat,5,1.2,2,36.0,Smartphone,Night (9pm-12am),3,1785,2,17,2,2,13,Stories,Fast,0.165,Sometimes,10.1,Learning,Moderate impact,6.7,Somewhat,Selected,Public,No,2024-02-25,Stressed,No,Under 18,801,Medium,21
USR00446,32,Male,Australia,Other,Facebook,1,2.5,3,50.0,Tablet,Late Night (12am+),537,2464,2,21,1,1,6,Educational,Medium,0.125,Sometimes,77.71,Entertainment,Mild impact,6.4,Yes,Selected,Public,No,2024-05-16,Relaxed,No,25-34,720,Medium,23
USR00447,29,Female,Pakistan,Freelancer,YouTube,3,1.4,3,28.0,Smartphone,Late Night (12am+),656,258,4,9,3,0,6,Videos,Medium,0.021,Yes,22.72,Entertainment,No impact,6.3,No,Do Not Disturb,Public,No,2023-01-16,Inspired,Yes,25-34,1206,Medium,12
USR00448,19,Non-binary,UAE,Student,Twitter/X,4,2.4,5,28.8,Smartphone,Night (9pm-12am),7,4481,8,26,8,3,10,Stories,Medium,0.058,No,0.0,Socializing,No impact,7.1,Somewhat,Off,Public,No,2024-09-23,Neutral,No,18-24,590,High,37
USR00449,22,Female,Australia,Marketer,Snapchat,2,1.6,6,16.0,Smartphone,Evening (6-9pm),21262,151,2,21,5,2,4,Photos,Fast,0.032,No,0.0,News & Updates,No impact,5.1,No,Selected,Private,Yes,2022-12-21,Bored,Yes,18-24,1232,Medium,28
USR00450,18,Male,Brazil,Student,Twitter/X,3,7.4,9,49.3,Smartphone,Night (9pm-12am),1113,395,3,22,4,0,10,Reels/Shorts,Fast,0.219,No,0.0,Learning,Severe impact,8.7,No,Selected,Friends Only,No,2022-12-08,Happy,No,18-24,1245,High,26
USR00451,26,Male,USA,Engineer,Snapchat,1,4.3,6,43.0,Smartphone,Morning (6-10am),144,1364,3,24,2,2,10,Reels/Shorts,Fast,0.055,No,0.0,Socializing,No impact,4.5,Somewhat,Always On,Private,No,2024-09-29,Happy,Occasionally,25-34,584,Medium,28
USR00452,34,Male,USA,Engineer,YouTube,5,3.4,7,29.1,Laptop,Morning (6-10am),9299,141,0,29,3,3,6,Educational,Medium,0.08,Sometimes,41.41,Learning,No impact,5.9,Somewhat,Always On,Private,No,2023-08-15,Bored,Occasionally,25-34,995,Medium,35
USR00453,19,Male,UAE,Doctor,Twitter/X,4,2.1,2,63.0,Laptop,Afternoon (12-4pm),26,46,3,20,5,3,7,Educational,Medium,0.18,Sometimes,14.99,Socializing,No impact,4.1,No,Always On,Public,No,2022-10-15,Happy,Yes,18-24,1299,Medium,28
USR00454,31,Male,Pakistan,Student,TikTok,3,4.4,2,132.0,Smart TV,Night (9pm-12am),72,35,3,20,5,2,5,Entertainment,Medium,0.145,Yes,30.15,Networking,Mild impact,7.8,Somewhat,Always On,Friends Only,No,2023-01-19,Relaxed,Yes,25-34,1203,High,27
USR00455,22,Male,Brazil,Marketer,TikTok,5,2.5,8,18.8,Smartphone,Night (9pm-12am),10,2901,7,16,1,3,4,Photos,Medium,0.018,No,0.0,News & Updates,Mild impact,4.5,Yes,Always On,Friends Only,No,2023-10-07,Happy,No,18-24,942,Medium,20
USR00456,20,Male,Canada,Teacher,Facebook,3,6.9,8,51.8,Smartphone,Evening (6-9pm),17015,129,3,13,4,3,5,Stories,Fast,0.075,No,0.0,Learning,No impact,7.6,No,Do Not Disturb,Private,Yes,2024-07-12,Inspired,Yes,18-24,663,High,20
USR00457,26,Female,Pakistan,Teacher,YouTube,2,4.7,8,35.2,Smartphone,Evening (6-9pm),1209,195,2,18,1,1,13,Stories,Medium,0.048,Yes,41.33,Entertainment,Moderate impact,6.7,No,Selected,Friends Only,No,2022-04-20,Stressed,No,25-34,1477,Medium,20
USR00458,18,Male,Pakistan,Designer,Twitter/X,3,2.0,7,17.1,Smartphone,Night (9pm-12am),2179,64,0,13,7,2,10,Reels/Shorts,Fast,0.077,No,0.0,News & Updates,Moderate impact,6.5,Yes,Selected,Public,No,2024-01-06,Happy,Occasionally,18-24,851,Medium,22
USR00459,22,Male,Canada,Researcher,Facebook,2,6.5,6,65.0,Smartphone,Evening (6-9pm),1143,763,5,19,4,1,8,Educational,Medium,0.275,No,0.0,News & Updates,Mild impact,8.2,No,Selected,Public,No,2022-01-20,Bored,Yes,18-24,1567,High,24
USR00460,17,Female,Brazil,Designer,TikTok,4,2.1,2,63.0,Smartphone,Afternoon (12-4pm),1868,95,2,16,1,1,8,News,Fast,0.046,No,0.0,Business/Marketing,Moderate impact,5.1,Yes,Do Not Disturb,Friends Only,No,2024-09-19,Neutral,Occasionally,Under 18,594,Medium,18
USR00461,42,Male,UK,Student,Instagram,1,7.6,7,65.1,Smartphone,Night (9pm-12am),765,135,2,22,1,1,7,Stories,Fast,0.084,Yes,23.46,Networking,No impact,8.8,Somewhat,Selected,Public,No,2022-10-07,Happy,Occasionally,35-44,1307,High,24
USR00462,27,Male,Germany,Teacher,TikTok,1,6.7,6,67.0,Smartphone,Night (9pm-12am),1083,350,3,11,7,1,8,Entertainment,Fast,0.271,No,0.0,Entertainment,Mild impact,5.5,Somewhat,Always On,Friends Only,No,2023-02-04,Happy,Occasionally,25-34,1187,Medium,19
USR00463,21,Male,Brazil,Other,TikTok,2,3.2,5,38.4,Smartphone,Afternoon (12-4pm),807,68,2,21,1,2,9,Memes,Medium,0.046,No,0.0,Learning,Moderate impact,7.0,No,Always On,Public,No,2024-02-26,Inspired,Occasionally,18-24,800,Medium,24
USR00464,28,Male,Brazil,Teacher,TikTok,4,0.7,6,7.0,Tablet,Night (9pm-12am),222,197,1,22,4,0,9,News,Medium,0.419,Sometimes,12.1,Learning,No impact,5.9,Yes,Always On,Friends Only,No,2024-11-01,Bored,Occasionally,25-34,551,Medium,26
USR00465,26,Male,India,Engineer,Twitter/X,3,3.0,4,45.0,Smartphone,Evening (6-9pm),611,1316,5,12,9,1,7,Reels/Shorts,Fast,0.105,Sometimes,80.91,Entertainment,Moderate impact,7.3,No,Selected,Public,No,2024-10-10,Relaxed,Yes,25-34,573,High,22
USR00466,25,Female,Australia,Other,Instagram,3,1.1,4,16.5,Desktop,Evening (6-9pm),1088,409,2,21,3,5,13,Photos,Medium,0.141,No,0.0,Networking,Moderate impact,4.4,Yes,Always On,Friends Only,No,2024-04-17,Neutral,Occasionally,25-34,749,Medium,29
USR00467,31,Female,India,Engineer,TikTok,4,1.7,4,25.5,Smart TV,Afternoon (12-4pm),811,286,2,21,5,2,8,Photos,Slow,0.201,No,0.0,Networking,Severe impact,6.4,Yes,Do Not Disturb,Public,No,2024-10-04,Stressed,Occasionally,25-34,579,Medium,28
USR00468,33,Female,Pakistan,Entrepreneur,Facebook,2,1.8,5,21.6,Laptop,Late Night (12am+),46,316,4,24,3,1,6,Photos,Fast,0.026,Yes,95.38,Networking,Mild impact,6.2,Somewhat,Selected,Friends Only,No,2024-05-01,Inspired,No,25-34,735,Medium,28
USR00469,22,Female,Germany,Teacher,YouTube,2,1.1,4,16.5,Desktop,Night (9pm-12am),59,153,1,26,1,2,2,Videos,Medium,0.064,Yes,18.9,Socializing,No impact,7.0,Yes,Do Not Disturb,Friends Only,No,2024-06-28,Happy,Occasionally,18-24,677,Medium,29
USR00470,22,Male,India,Researcher,Instagram,1,3.0,7,25.7,Laptop,Evening (6-9pm),4670,2684,1,25,5,1,10,Educational,Medium,0.044,Sometimes,38.64,Learning,Mild impact,6.9,Yes,Selected,Public,No,2024-09-27,Relaxed,Occasionally,18-24,586,Medium,31
USR00471,24,Female,UK,Freelancer,TikTok,1,1.5,2,45.0,Smartphone,Evening (6-9pm),382,92,3,15,4,3,9,Memes,Fast,0.116,Sometimes,112.02,News & Updates,Mild impact,4.7,No,Off,Private,No,2022-12-09,Neutral,Occasionally,18-24,1244,Medium,22
USR00472,13,Female,USA,Doctor,Twitter/X,4,2.2,4,33.0,Smartphone,Evening (6-9pm),1905,315,1,13,7,1,10,Photos,Slow,0.084,Yes,26.73,Socializing,No impact,8.6,Yes,Do Not Disturb,Public,No,2022-06-19,Neutral,No,Under 18,1417,High,21
USR00473,14,Male,Canada,Entrepreneur,TikTok,3,1.8,1,108.0,Tablet,Evening (6-9pm),93,280,2,21,3,1,9,Stories,Medium,0.162,Sometimes,31.91,Learning,Mild impact,6.1,Yes,Do Not Disturb,Friends Only,No,2022-03-05,Neutral,Occasionally,Under 18,1523,Medium,25
USR00474,37,Female,India,Researcher,Instagram,5,3.6,6,36.0,Laptop,Night (9pm-12am),46,820,5,25,4,3,8,Videos,Medium,0.068,No,0.0,News & Updates,Moderate impact,7.5,No,Off,Public,No,2023-03-28,Relaxed,No,35-44,1135,High,32
USR00475,40,Male,USA,Doctor,Twitter/X,2,3.4,1,204.0,Smartphone,Evening (6-9pm),145,919,3,13,8,2,10,Entertainment,Fast,0.138,Sometimes,52.68,News & Updates,Mild impact,3.9,Yes,Selected,Friends Only,No,2023-08-22,Neutral,Yes,35-44,988,Low,23
USR00476,25,Male,Pakistan,Marketer,LinkedIn,4,2.1,6,21.0,Tablet,Night (9pm-12am),445,235,2,23,3,2,11,Videos,Medium,0.245,No,0.0,Learning,No impact,5.5,Yes,Selected,Public,No,2022-03-08,Bored,Yes,25-34,1520,Medium,28
USR00477,31,Female,Pakistan,Researcher,Facebook,5,3.7,6,37.0,Desktop,Afternoon (12-4pm),200,346,1,23,5,2,10,Entertainment,Medium,0.1,Yes,23.35,Business/Marketing,Mild impact,8.1,No,Off,Friends Only,No,2023-07-17,Inspired,No,25-34,1024,High,30
USR00478,29,Female,Nigeria,Engineer,Facebook,4,5.4,1,324.0,Smartphone,Evening (6-9pm),6830,362,4,17,9,0,11,Photos,Medium,0.295,No,0.0,News & Updates,Mild impact,9.1,Yes,Selected,Public,No,2023-04-06,Relaxed,Occasionally,25-34,1126,High,26
USR00479,51,Male,USA,Other,Snapchat,3,0.5,6,5.0,Laptop,Morning (6-10am),918,16,5,27,4,0,8,Reels/Shorts,Slow,0.065,No,0.0,Entertainment,Moderate impact,7.0,No,Always On,Friends Only,No,2023-08-15,Happy,Yes,45+,995,Medium,31
USR00480,35,Female,India,Teacher,YouTube,5,1.7,1,102.0,Smartphone,Late Night (12am+),18547,36,3,18,7,1,11,Entertainment,Medium,0.105,Sometimes,104.0,Networking,No impact,6.0,Somewhat,Selected,Public,Yes,2022-12-11,Stressed,Occasionally,35-44,1242,Medium,26
USR00481,25,Male,UK,Teacher,TikTok,2,1.3,4,19.5,Tablet,Evening (6-9pm),1377,118,6,18,4,3,7,Entertainment,Medium,0.119,Sometimes,17.16,Learning,Mild impact,4.3,Somewhat,Off,Friends Only,No,2024-07-25,Bored,No,25-34,650,Medium,25
USR00482,19,Male,UK,Entrepreneur,Instagram,4,1.6,6,16.0,Smartphone,Afternoon (12-4pm),8,124,5,18,5,3,6,Educational,Slow,0.09,Sometimes,8.78,Entertainment,Moderate impact,7.6,Somewhat,Do Not Disturb,Public,No,2024-10-11,Neutral,Yes,18-24,572,High,26
USR00483,14,Male,USA,Other,TikTok,4,0.5,7,4.3,Smartphone,Afternoon (12-4pm),4450,58,4,26,5,1,7,Memes,Fast,0.073,No,0.0,News & Updates,No impact,6.8,Yes,Do Not Disturb,Public,No,2024-11-12,Bored,No,Under 18,540,Medium,32
USR00484,28,Female,Brazil,Doctor,YouTube,1,0.5,6,5.0,Desktop,Late Night (12am+),43,601,4,16,1,1,11,Entertainment,Medium,0.321,Sometimes,24.83,Socializing,Moderate impact,2.0,Yes,Always On,Friends Only,No,2022-08-20,Bored,Occasionally,25-34,1355,Low,18
USR00485,20,Male,India,Doctor,Snapchat,3,0.5,3,10.0,Smartphone,Afternoon (12-4pm),1007,245,2,13,5,1,7,Entertainment,Medium,0.128,No,0.0,Business/Marketing,No impact,3.1,Yes,Do Not Disturb,Friends Only,No,2022-08-22,Happy,No,18-24,1353,Low,19
USR00486,15,Male,USA,Researcher,LinkedIn,4,1.8,7,15.4,Laptop,Night (9pm-12am),164,189,3,19,4,0,7,News,Slow,0.186,Sometimes,6.24,Socializing,Mild impact,6.8,Somewhat,Always On,Private,No,2023-07-03,Stressed,Yes,Under 18,1038,Medium,23
USR00487,21,Male,Canada,Freelancer,TikTok,2,1.8,6,18.0,Smartphone,Late Night (12am+),31472,54,6,23,4,3,8,Entertainment,Slow,0.136,Yes,83.77,Business/Marketing,Moderate impact,4.7,Yes,Off,Public,Yes,2024-01-22,Relaxed,Yes,18-24,835,Medium,30
USR00488,18,Female,Nigeria,Engineer,YouTube,5,5.9,5,70.8,Tablet,Evening (6-9pm),8877,231,3,28,6,1,12,Videos,Fast,0.141,Sometimes,32.77,Business/Marketing,Mild impact,4.3,No,Off,Private,No,2022-03-27,Stressed,Occasionally,18-24,1501,Medium,35
USR00489,40,Female,Australia,Student,Twitter/X,1,2.9,7,24.9,Smartphone,Evening (6-9pm),174,10,1,17,3,4,10,Entertainment,Fast,0.159,Yes,34.0,News & Updates,Mild impact,6.0,No,Off,Friends Only,No,2024-06-22,Bored,Occasionally,35-44,683,Medium,24
USR00490,34,Male,Brazil,Doctor,Facebook,5,3.6,4,54.0,Smartphone,Afternoon (12-4pm),528,201,5,22,3,5,8,Photos,Fast,0.077,No,0.0,Entertainment,No impact,6.8,Yes,Selected,Friends Only,No,2023-03-24,Bored,Yes,25-34,1139,Medium,30
USR00491,26,Male,USA,Engineer,TikTok,5,12.0,7,102.9,Laptop,Evening (6-9pm),1033,263,3,21,7,1,6,News,Medium,0.31,Sometimes,21.28,Learning,Mild impact,8.8,Somewhat,Selected,Public,No,2024-05-20,Inspired,No,25-34,716,High,29
USR00492,38,Female,Canada,Engineer,Instagram,1,0.5,1,30.0,Tablet,Morning (6-10am),3146,327,1,15,3,4,5,Memes,Fast,0.113,Sometimes,30.62,Socializing,No impact,4.7,No,Selected,Friends Only,No,2022-07-29,Inspired,Yes,35-44,1377,Medium,22
USR00493,27,Male,Germany,Teacher,Twitter/X,4,7.0,2,210.0,Smartphone,Morning (6-10am),700,37,2,31,4,3,5,Memes,Fast,0.015,Yes,90.0,Entertainment,Mild impact,7.0,Yes,Selected,Friends Only,No,2023-05-22,Neutral,Occasionally,25-34,1080,Medium,38
USR00494,20,Male,Pakistan,Entrepreneur,Instagram,3,2.5,2,75.0,Smartphone,Night (9pm-12am),105,320,2,22,2,3,14,Videos,Medium,0.013,Sometimes,30.39,News & Updates,Mild impact,4.4,Somewhat,Selected,Public,No,2023-09-02,Relaxed,No,18-24,977,Medium,27
USR00495,39,Female,Nigeria,Student,TikTok,3,1.9,6,19.0,Smartphone,Night (9pm-12am),182,70,1,22,5,0,11,Reels/Shorts,Medium,0.033,Yes,111.41,Business/Marketing,No impact,5.3,Somewhat,Off,Private,No,2022-03-08,Inspired,Occasionally,35-44,1520,Medium,27
USR00496,31,Prefer not to say,UAE,Entrepreneur,Facebook,5,1.7,8,12.8,Tablet,Late Night (12am+),659,92,4,22,6,4,5,Videos,Fast,0.218,Sometimes,41.21,News & Updates,Severe impact,6.5,No,Do Not Disturb,Friends Only,No,2024-07-10,Inspired,Yes,25-34,665,Medium,32
USR00497,18,Female,Australia,Other,TikTok,5,3.2,6,32.0,Smart TV,Evening (6-9pm),6136,579,3,21,2,6,7,Photos,Medium,0.108,No,0.0,Learning,No impact,5.9,Somewhat,Selected,Public,No,2023-06-23,Relaxed,Yes,18-24,1048,Medium,29
USR00498,25,Female,UAE,Entrepreneur,Instagram,3,1.9,1,114.0,Laptop,Evening (6-9pm),1436,2743,5,15,5,1,3,Educational,Fast,0.116,Yes,2.35,Socializing,Moderate impact,3.7,Somewhat,Selected,Friends Only,No,2023-12-15,Inspired,Yes,25-34,873,Low,21
USR00499,19,Male,Brazil,Designer,Twitter/X,2,1.1,10,6.6,Smartphone,Morning (6-10am),165,260,2,15,3,3,11,Photos,Fast,0.286,Yes,27.82,Entertainment,No impact,7.1,Yes,Do Not Disturb,Friends Only,No,2022-06-28,Bored,Occasionally,18-24,1408,High,21
USR00500,15,Female,Canada,Marketer,Instagram,2,1.8,2,54.0,Smartphone,Late Night (12am+),2136,91,2,13,4,0,4,Educational,Medium,0.064,Yes,101.09,Socializing,Moderate impact,7.5,Somewhat,Selected,Friends Only,No,2024-06-18,Inspired,Occasionally,Under 18,687,High,17
USR00501,34,Non-binary,Germany,Entrepreneur,Facebook,5,3.3,5,39.6,Smartphone,Evening (6-9pm),331,306,1,16,6,1,16,Memes,Medium,0.065,Yes,13.45,Networking,Mild impact,10.0,No,Do Not Disturb,Public,No,2022-08-29,Neutral,No,25-34,1346,High,23
USR00502,42,Male,India,Engineer,Instagram,3,4.0,8,30.0,Laptop,Morning (6-10am),3303,755,5,26,0,3,12,News,Medium,0.211,No,0.0,Business/Marketing,Moderate impact,6.6,Yes,Do Not Disturb,Public,No,2023-05-01,Bored,Yes,35-44,1101,Medium,29
USR00503,15,Female,UK,Other,TikTok,1,7.4,5,88.8,Laptop,Afternoon (12-4pm),62857,515,4,21,3,2,4,News,Medium,0.202,Yes,5.53,Socializing,Moderate impact,6.5,Somewhat,Off,Friends Only,Yes,2023-03-06,Stressed,Yes,Under 18,1157,Medium,26
USR00504,31,Male,India,Entrepreneur,Twitter/X,4,2.8,4,42.0,Smartphone,Night (9pm-12am),348,6579,3,17,4,4,5,Entertainment,Slow,0.008,No,0.0,News & Updates,Mild impact,6.7,Yes,Do Not Disturb,Public,No,2023-12-20,Bored,Occasionally,25-34,868,Medium,25
USR00505,21,Female,Nigeria,Doctor,Instagram,1,5.6,3,112.0,Smartphone,Afternoon (12-4pm),2815,103,5,19,6,1,9,Memes,Fast,0.065,Yes,18.83,Learning,Mild impact,3.7,No,Always On,Public,No,2024-05-26,Relaxed,Yes,18-24,710,Low,26
USR00506,23,Male,USA,Designer,Facebook,2,2.3,7,19.7,Smartphone,Night (9pm-12am),173,331,2,17,4,1,7,Photos,Fast,0.045,Sometimes,0.46,Entertainment,Moderate impact,3.9,Yes,Selected,Friends Only,No,2022-12-06,Relaxed,Occasionally,18-24,1247,Low,22
USR00507,22,Female,Germany,Freelancer,Instagram,2,2.5,7,21.4,Smartphone,Night (9pm-12am),543,1569,4,15,3,5,7,Stories,Fast,0.106,No,0.0,Learning,Moderate impact,6.1,Yes,Selected,Public,No,2022-10-13,Inspired,Occasionally,18-24,1301,Medium,23
USR00508,20,Female,Pakistan,Other,Twitter/X,2,2.4,3,48.0,Smartphone,Afternoon (12-4pm),701,1455,1,19,5,1,6,Memes,Medium,0.014,No,0.0,News & Updates,Mild impact,2.1,Yes,Always On,Private,No,2023-02-28,Inspired,Yes,18-24,1163,Low,25
USR00509,27,Female,Australia,Researcher,Instagram,5,3.0,3,60.0,Laptop,Evening (6-9pm),469,23,0,22,3,0,6,Entertainment,Slow,0.093,Sometimes,20.15,Socializing,Mild impact,4.2,Yes,Selected,Friends Only,No,2023-02-28,Inspired,Occasionally,25-34,1163,Medium,25
USR00510,20,Male,Australia,Researcher,TikTok,5,4.5,2,135.0,Laptop,Evening (6-9pm),56017,243,3,17,4,2,8,Photos,Medium,0.065,No,0.0,News & Updates,No impact,5.3,No,Off,Friends Only,Yes,2022-05-02,Bored,Yes,18-24,1465,Medium,23
USR00511,29,Female,USA,Teacher,Instagram,1,1.9,2,57.0,Smartphone,Morning (6-10am),383,1453,3,25,1,1,8,Educational,Medium,0.08,Yes,33.55,Networking,Moderate impact,8.0,No,Always On,Public,No,2023-12-20,Bored,Occasionally,25-34,868,High,27
USR00512,26,Male,Brazil,Researcher,TikTok,1,1.3,7,11.1,Desktop,Evening (6-9pm),1912,7853,6,18,5,5,10,Photos,Medium,0.064,Sometimes,65.59,Entertainment,No impact,6.7,No,Selected,Public,No,2024-12-26,Neutral,Yes,25-34,496,Medium,28
USR00513,25,Female,USA,Other,YouTube,1,4.7,4,70.5,Smartphone,Morning (6-10am),20,569,2,14,3,2,12,Educational,Medium,0.043,Yes,40.82,Learning,No impact,3.5,Yes,Off,Public,No,2023-07-30,Stressed,Yes,25-34,1011,Low,19
USR00514,19,Male,Nigeria,Freelancer,TikTok,2,4.5,1,270.0,Desktop,Late Night (12am+),1447,157,4,14,2,5,8,Memes,Medium,0.016,Sometimes,56.17,Entertainment,No impact,6.1,Somewhat,Always On,Friends Only,No,2022-12-11,Neutral,No,18-24,1242,Medium,21
USR00515,22,Female,India,Teacher,YouTube,4,6.2,3,124.0,Laptop,Night (9pm-12am),5196,72,2,28,4,4,11,Stories,Slow,0.339,Yes,14.98,Learning,Moderate impact,7.3,Somewhat,Do Not Disturb,Friends Only,No,2023-10-25,Relaxed,No,18-24,924,High,36
USR00516,33,Male,Pakistan,Student,Snapchat,4,1.7,10,10.2,Smartphone,Afternoon (12-4pm),257,3506,1,19,4,2,11,Stories,Fast,0.188,Sometimes,65.08,Socializing,Moderate impact,7.5,Yes,Selected,Friends Only,No,2023-08-23,Inspired,No,25-34,987,High,25
USR00517,31,Female,Germany,Student,TikTok,3,2.2,3,44.0,Tablet,Afternoon (12-4pm),7,586,5,24,4,1,8,Memes,Fast,0.017,No,0.0,Entertainment,No impact,8.1,No,Selected,Private,No,2023-08-16,Happy,Yes,25-34,994,High,29
USR00518,19,Female,India,Entrepreneur,Instagram,3,4.8,6,48.0,Laptop,Afternoon (12-4pm),620,88,4,23,1,2,10,News,Medium,0.071,Sometimes,61.57,Business/Marketing,Mild impact,8.4,No,Selected,Private,No,2023-07-02,Inspired,No,18-24,1039,High,26
USR00519,27,Female,India,Other,Instagram,2,1.9,4,28.5,Tablet,Evening (6-9pm),686,191,1,27,2,2,10,Videos,Fast,0.015,Sometimes,0.98,Networking,No impact,7.2,Somewhat,Selected,Friends Only,No,2024-11-19,Neutral,Occasionally,25-34,533,High,31
USR00520,33,Prefer not to say,Australia,Engineer,Twitter/X,3,3.9,5,46.8,Smartphone,Late Night (12am+),2448,355,2,20,8,4,9,Entertainment,Medium,0.099,Yes,36.35,Learning,Mild impact,7.1,Somewhat,Off,Friends Only,No,2022-07-15,Relaxed,No,25-34,1391,High,32
USR00521,13,Female,Brazil,Student,Pinterest,4,2.3,3,46.0,Smartphone,Afternoon (12-4pm),24825,469,5,20,2,1,7,Reels/Shorts,Fast,0.129,Sometimes,8.08,News & Updates,Moderate impact,6.6,Yes,Always On,Private,Yes,2022-10-05,Bored,Yes,Under 18,1309,Medium,23
USR00522,31,Female,UAE,Entrepreneur,TikTok,5,3.2,7,27.4,Smartphone,Late Night (12am+),335,83,1,17,9,0,4,Educational,Fast,0.02,Yes,23.81,Networking,No impact,7.7,Somewhat,Do Not Disturb,Public,No,2024-04-22,Neutral,No,25-34,744,High,26
USR00523,21,Male,Australia,Doctor,Facebook,2,1.1,5,13.2,Smartphone,Late Night (12am+),142,117,3,19,2,4,7,Reels/Shorts,Medium,0.294,Yes,18.13,News & Updates,No impact,4.8,Yes,Do Not Disturb,Public,No,2022-05-02,Neutral,Yes,18-24,1465,Medium,25
USR00524,31,Male,Germany,Freelancer,YouTube,5,2.8,2,84.0,Smartphone,Evening (6-9pm),81,33,5,14,1,1,7,Stories,Fast,0.267,Yes,110.7,Business/Marketing,No impact,5.8,No,Selected,Friends Only,No,2023-07-22,Relaxed,Yes,25-34,1019,Medium,16
USR00525,20,Female,USA,Researcher,Facebook,3,5.4,6,54.0,Desktop,Afternoon (12-4pm),950,852,2,27,1,4,8,Entertainment,Slow,0.11,Yes,13.66,News & Updates,Mild impact,4.9,Yes,Off,Public,No,2022-09-17,Happy,No,18-24,1327,Medium,32
USR00526,13,Male,Pakistan,Other,YouTube,5,4.2,3,84.0,Laptop,Evening (6-9pm),1576,162,2,23,2,1,6,Videos,Fast,0.209,Sometimes,38.23,Learning,No impact,7.0,Yes,Selected,Public,No,2022-09-29,Relaxed,Yes,Under 18,1315,Medium,26
USR00527,13,Female,Australia,Freelancer,LinkedIn,1,1.3,2,39.0,Smartphone,Evening (6-9pm),249,428,3,19,6,5,9,News,Medium,0.154,Sometimes,25.48,Entertainment,Moderate impact,5.7,No,Do Not Disturb,Public,No,2023-05-27,Relaxed,Yes,Under 18,1075,Medium,30
USR00528,27,Female,Germany,Doctor,Instagram,2,7.1,7,60.9,Smartphone,Afternoon (12-4pm),2701,1348,2,21,2,1,8,Entertainment,Medium,0.374,Sometimes,16.67,Business/Marketing,Moderate impact,8.0,No,Selected,Public,No,2022-10-27,Inspired,Yes,25-34,1287,High,24
USR00529,29,Male,Brazil,Entrepreneur,Instagram,2,5.2,6,52.0,Laptop,Afternoon (12-4pm),1537,318,3,21,5,1,6,Stories,Slow,0.044,Sometimes,36.85,Socializing,No impact,6.3,Yes,Always On,Public,No,2023-10-22,Stressed,No,25-34,927,Medium,27
USR00530,19,Female,USA,Freelancer,Instagram,3,1.1,3,22.0,Laptop,Morning (6-10am),718,213,2,17,0,0,9,Reels/Shorts,Fast,0.22,Sometimes,5.27,Business/Marketing,No impact,8.1,Somewhat,Selected,Public,No,2023-05-22,Neutral,Yes,18-24,1080,High,17
USR00531,32,Male,USA,Doctor,Instagram,4,1.8,5,21.6,Smartphone,Afternoon (12-4pm),131,308,4,24,4,1,9,News,Medium,0.135,Sometimes,46.18,News & Updates,Mild impact,2.4,Yes,Always On,Public,No,2024-03-15,Bored,Occasionally,25-34,782,Low,29
USR00532,13,Female,Australia,Other,Facebook,5,1.1,7,9.4,Smartphone,Afternoon (12-4pm),279,263,3,20,4,4,5,Reels/Shorts,Fast,0.068,No,0.0,Networking,Moderate impact,4.9,Yes,Selected,Friends Only,No,2024-09-29,Bored,Yes,Under 18,584,Medium,28
USR00533,26,Female,Canada,Researcher,Twitter/X,5,3.3,4,49.5,Tablet,Night (9pm-12am),8,1091,4,22,6,3,12,Videos,Medium,0.081,No,0.0,Business/Marketing,Severe impact,7.9,Somewhat,Do Not Disturb,Friends Only,No,2022-10-19,Happy,No,25-34,1295,High,31
USR00534,17,Male,Australia,Marketer,Instagram,5,1.7,4,25.5,Desktop,Evening (6-9pm),1016,355,5,12,4,3,10,Photos,Medium,0.085,Yes,49.13,Networking,Mild impact,6.2,Somewhat,Selected,Private,No,2023-07-05,Stressed,Yes,Under 18,1036,Medium,19
USR00535,21,Male,Germany,Freelancer,Facebook,5,0.5,3,10.0,Tablet,Night (9pm-12am),697,127,3,20,3,2,5,Entertainment,Fast,0.003,No,0.0,Entertainment,Severe impact,8.1,Somewhat,Selected,Private,No,2024-04-28,Bored,Yes,18-24,738,High,25
USR00536,27,Female,Germany,Marketer,YouTube,3,2.5,6,25.0,Laptop,Morning (6-10am),933,860,1,21,3,3,6,Stories,Medium,0.021,Yes,18.96,Business/Marketing,No impact,6.7,Yes,Selected,Public,No,2024-02-08,Bored,Occasionally,25-34,818,Medium,27
USR00537,20,Male,Canada,Other,Instagram,5,4.6,4,69.0,Smartphone,Afternoon (12-4pm),1648,1071,1,16,1,2,14,Entertainment,Medium,0.135,Yes,67.78,Learning,No impact,4.5,No,Selected,Public,No,2024-07-14,Inspired,Occasionally,18-24,661,Medium,19
USR00538,23,Male,UK,Entrepreneur,Facebook,1,2.8,5,33.6,Smartphone,Evening (6-9pm),1332,49,2,13,5,1,8,News,Slow,0.113,Yes,85.12,Business/Marketing,Moderate impact,9.4,Somewhat,Selected,Private,No,2022-06-04,Happy,Occasionally,18-24,1432,High,19
USR00539,35,Male,USA,Entrepreneur,YouTube,5,3.7,7,31.7,Smartphone,Evening (6-9pm),545,1539,3,23,4,5,5,Entertainment,Medium,0.095,Sometimes,19.03,Socializing,Mild impact,5.0,No,Selected,Public,No,2022-07-10,Inspired,Yes,35-44,1396,Medium,32
USR00540,22,Male,UAE,Entrepreneur,Instagram,1,3.0,4,45.0,Smartphone,Morning (6-10am),726,379,5,20,1,1,12,Entertainment,Medium,0.119,Yes,92.75,News & Updates,No impact,4.9,No,Do Not Disturb,Friends Only,No,2024-04-05,Stressed,Occasionally,18-24,761,Medium,22
USR00541,33,Female,Germany,Entrepreneur,YouTube,5,4.1,3,82.0,Smartphone,Late Night (12am+),53,343,2,20,1,1,10,Videos,Medium,0.131,Sometimes,88.98,Learning,No impact,7.7,No,Do Not Disturb,Public,No,2024-11-21,Stressed,Yes,25-34,531,High,22
USR00542,17,Male,Canada,Designer,Pinterest,4,3.1,1,186.0,Smartphone,Morning (6-10am),232,818,1,22,9,1,4,Entertainment,Medium,0.188,Sometimes,4.86,Socializing,No impact,4.6,Yes,Selected,Friends Only,No,2023-07-24,Relaxed,Occasionally,Under 18,1017,Medium,32
USR00543,31,Male,USA,Entrepreneur,Instagram,5,2.4,5,28.8,Smartphone,Night (9pm-12am),728,123,7,21,5,0,7,Memes,Medium,0.221,No,0.0,Entertainment,Mild impact,3.9,Yes,Always On,Private,No,2024-01-26,Stressed,Occasionally,25-34,831,Low,26
USR00544,38,Female,Pakistan,Other,Instagram,2,2.8,8,21.0,Smartphone,Evening (6-9pm),176,768,5,24,1,2,10,Videos,Medium,0.174,Sometimes,57.29,Learning,Moderate impact,4.8,No,Selected,Friends Only,No,2024-07-20,Relaxed,Yes,35-44,655,Medium,27
USR00545,13,Female,Pakistan,Researcher,TikTok,5,6.3,5,75.6,Smartphone,Evening (6-9pm),3128,155,2,26,3,6,9,Photos,Medium,0.023,No,0.0,News & Updates,Moderate impact,7.7,Yes,Selected,Friends Only,No,2024-09-26,Stressed,No,Under 18,587,High,35
USR00546,20,Female,UAE,Researcher,Facebook,4,3.8,5,45.6,Smartphone,Evening (6-9pm),203,41,2,25,1,2,14,Memes,Slow,0.028,No,0.0,Networking,Severe impact,10.0,No,Selected,Friends Only,No,2023-11-02,Relaxed,No,18-24,916,High,28
USR00547,31,Male,UAE,Doctor,LinkedIn,5,1.3,3,26.0,Smartphone,Afternoon (12-4pm),981,73,2,26,7,2,7,News,Fast,0.063,Sometimes,28.2,News & Updates,Mild impact,6.2,No,Selected,Public,No,2022-01-06,Happy,Occasionally,25-34,1581,Medium,35
USR00548,25,Male,Germany,Marketer,TikTok,4,2.7,3,54.0,Laptop,Late Night (12am+),820,483,2,23,3,2,8,Entertainment,Slow,0.308,Yes,4.55,Business/Marketing,No impact,4.9,No,Do Not Disturb,Private,No,2022-07-10,Inspired,Yes,25-34,1396,Medium,28
USR00549,29,Male,Pakistan,Marketer,YouTube,1,3.2,6,32.0,Smartphone,Evening (6-9pm),2548,78,1,22,5,2,5,Reels/Shorts,Fast,0.297,No,0.0,News & Updates,Severe impact,8.4,Yes,Selected,Public,No,2024-07-27,Relaxed,No,25-34,648,High,29
USR00550,22,Male,USA,Other,Instagram,3,2.3,5,27.6,Smartphone,Morning (6-10am),3365,1689,3,15,4,5,5,Stories,Medium,0.186,Yes,25.31,Entertainment,Moderate impact,5.1,No,Do Not Disturb,Private,No,2024-01-04,Happy,Yes,18-24,853,Medium,24
USR00551,27,Female,UAE,Marketer,Facebook,3,0.5,7,4.3,Smartphone,Morning (6-10am),2319,1019,2,17,6,0,7,Photos,Fast,0.055,No,0.0,Networking,Mild impact,5.4,No,Selected,Friends Only,No,2022-05-10,Relaxed,No,25-34,1457,Medium,23
USR00552,25,Female,India,Researcher,Facebook,1,1.4,6,14.0,Smartphone,Afternoon (12-4pm),15,1212,6,23,6,1,9,Reels/Shorts,Medium,0.091,Sometimes,6.01,Socializing,No impact,6.9,Somewhat,Do Not Disturb,Public,No,2024-12-30,Neutral,No,25-34,492,Medium,30
USR00553,36,Prefer not to say,Pakistan,Doctor,Instagram,5,1.9,8,14.2,Smartphone,Evening (6-9pm),5707,284,6,20,4,2,5,Educational,Slow,0.061,Sometimes,44.75,Entertainment,No impact,8.3,No,Do Not Disturb,Friends Only,No,2024-03-25,Bored,Occasionally,35-44,772,High,26
USR00554,29,Female,Pakistan,Designer,YouTube,2,7.6,8,57.0,Laptop,Evening (6-9pm),10395,333,2,20,3,3,6,News,Fast,0.166,Yes,103.38,Socializing,Severe impact,6.3,Yes,Always On,Friends Only,Yes,2023-03-23,Relaxed,Occasionally,25-34,1140,Medium,26
USR00555,29,Male,UK,Student,Snapchat,2,3.6,8,27.0,Smartphone,Night (9pm-12am),279,58,5,13,3,1,7,Entertainment,Medium,0.012,Yes,8.12,Entertainment,Mild impact,5.6,No,Do Not Disturb,Friends Only,No,2024-05-29,Stressed,No,25-34,707,Medium,17
USR00556,23,Female,Nigeria,Researcher,Facebook,4,0.7,9,4.7,Smartphone,Night (9pm-12am),1018,808,1,18,5,1,5,Stories,Medium,0.017,Yes,9.02,Learning,Mild impact,10.0,Yes,Do Not Disturb,Private,No,2023-03-10,Stressed,No,18-24,1153,High,24
USR00557,23,Female,Australia,Doctor,Instagram,5,2.4,5,28.8,Smartphone,Morning (6-10am),133,385,3,21,3,3,5,Entertainment,Fast,0.383,Sometimes,53.72,News & Updates,Moderate impact,5.0,No,Selected,Friends Only,No,2024-10-10,Stressed,No,18-24,573,Medium,27
USR00558,23,Female,Germany,Other,Pinterest,4,5.7,3,114.0,Smartphone,Afternoon (12-4pm),19,483,5,24,3,4,5,Educational,Medium,0.045,No,0.0,Learning,Severe impact,5.2,Somewhat,Selected,Public,No,2023-07-04,Stressed,No,18-24,1037,Medium,31
USR00559,30,Male,Australia,Freelancer,YouTube,5,1.7,4,25.5,Smartphone,Evening (6-9pm),175,1855,2,15,3,1,10,Entertainment,Slow,0.25,No,0.0,Business/Marketing,No impact,5.5,No,Selected,Private,No,2023-10-24,Relaxed,Yes,25-34,925,Medium,19
USR00560,23,Male,Canada,Teacher,TikTok,5,4.9,5,58.8,Tablet,Evening (6-9pm),251,118,2,22,0,3,9,Videos,Medium,0.18,Sometimes,18.67,Learning,Severe impact,7.2,Yes,Selected,Friends Only,No,2023-08-04,Happy,Yes,18-24,1006,High,25
USR00561,29,Prefer not to say,Germany,Teacher,Twitter/X,5,0.7,6,7.0,Laptop,Morning (6-10am),351,210,0,16,2,2,9,Memes,Medium,0.109,Yes,25.06,Socializing,No impact,5.4,No,Selected,Public,No,2023-11-23,Inspired,Yes,25-34,895,Medium,20
USR00562,43,Female,India,Engineer,TikTok,2,0.5,7,4.3,Smartphone,Evening (6-9pm),118,362,3,22,7,0,6,Reels/Shorts,Fast,0.188,No,0.0,Learning,Moderate impact,7.7,Somewhat,Do Not Disturb,Friends Only,No,2022-09-25,Stressed,Yes,35-44,1319,High,29
USR00563,33,Female,USA,Other,Twitter/X,4,5.3,4,79.5,Desktop,Late Night (12am+),177,79,5,19,4,2,7,Memes,Fast,0.024,Yes,28.56,Business/Marketing,Severe impact,6.1,Somewhat,Selected,Friends Only,No,2024-09-20,Inspired,No,25-34,593,Medium,25
USR00564,24,Female,Canada,Designer,TikTok,1,1.9,6,19.0,Smartphone,Late Night (12am+),652,195,2,20,1,2,11,Videos,Medium,0.141,Sometimes,59.64,Learning,Mild impact,5.6,Somewhat,Always On,Private,No,2023-12-05,Relaxed,Yes,18-24,883,Medium,23
USR00565,36,Male,India,Doctor,Snapchat,1,2.0,13,9.2,Laptop,Evening (6-9pm),166,442,4,20,2,1,6,News,Fast,0.132,No,0.0,Entertainment,Mild impact,5.2,No,Always On,Public,No,2022-04-10,Relaxed,Yes,35-44,1487,Medium,23
USR00566,23,Male,Canada,Entrepreneur,Snapchat,3,3.0,3,60.0,Smartphone,Afternoon (12-4pm),1769,165,1,16,4,1,4,Entertainment,Medium,0.134,No,0.0,News & Updates,Moderate impact,6.2,Yes,Selected,Public,No,2022-04-05,Neutral,Yes,18-24,1492,Medium,21
USR00567,13,Female,Germany,Engineer,Instagram,2,3.5,7,30.0,Smartphone,Evening (6-9pm),2268,1177,4,18,5,3,10,Educational,Fast,0.203,No,0.0,Learning,Mild impact,7.0,Yes,Selected,Public,No,2022-07-23,Relaxed,No,Under 18,1383,Medium,26
USR00568,18,Male,Germany,Designer,Pinterest,1,0.5,7,4.3,Smartphone,Evening (6-9pm),48276,39,3,9,1,1,10,Memes,Slow,0.203,Yes,135.7,Learning,No impact,6.1,Somewhat,Selected,Private,Yes,2024-07-30,Neutral,Yes,18-24,645,Medium,11
USR00569,13,Male,India,Designer,Facebook,1,1.6,2,48.0,Smartphone,Night (9pm-12am),5045,941,5,26,5,2,14,Reels/Shorts,Medium,0.076,Sometimes,4.71,Networking,No impact,6.6,Yes,Always On,Public,No,2022-02-03,Bored,Occasionally,Under 18,1553,Medium,33
USR00570,24,Female,USA,Designer,Snapchat,4,2.7,5,32.4,Laptop,Night (9pm-12am),1030,541,5,18,4,3,11,News,Slow,0.147,No,0.0,Networking,Moderate impact,4.8,Yes,Do Not Disturb,Friends Only,No,2022-09-12,Inspired,Yes,18-24,1332,Medium,25
USR00571,27,Female,India,Entrepreneur,YouTube,3,3.5,2,105.0,Laptop,Evening (6-9pm),217,123,0,20,4,2,6,Entertainment,Medium,0.007,Yes,132.61,Business/Marketing,Mild impact,4.9,Somewhat,Always On,Public,No,2022-11-20,Bored,Yes,25-34,1263,Medium,26
USR00572,40,Male,Australia,Doctor,Twitter/X,4,1.2,4,18.0,Laptop,Afternoon (12-4pm),1128,80,1,15,7,0,10,Memes,Slow,0.196,No,0.0,Learning,Moderate impact,6.2,Yes,Do Not Disturb,Private,No,2024-06-22,Happy,Yes,35-44,683,Medium,22
USR00573,29,Male,Brazil,Designer,YouTube,2,2.3,3,46.0,Smartphone,Late Night (12am+),1197,20,3,15,1,3,8,News,Fast,0.21,Sometimes,19.21,News & Updates,Mild impact,6.4,No,Do Not Disturb,Public,No,2024-07-23,Stressed,Yes,25-34,652,Medium,19
USR00574,25,Female,Australia,Teacher,Pinterest,4,1.7,3,34.0,Laptop,Evening (6-9pm),264,94,3,22,6,1,9,Reels/Shorts,Medium,0.17,Sometimes,3.06,Entertainment,Moderate impact,6.3,Somewhat,Do Not Disturb,Private,No,2022-01-02,Stressed,No,25-34,1585,Medium,29
USR00575,33,Male,India,Other,TikTok,5,3.0,1,180.0,Smartphone,Late Night (12am+),2726,859,6,23,3,1,7,Educational,Medium,0.192,Sometimes,12.74,Socializing,Mild impact,5.1,No,Off,Friends Only,No,2024-05-26,Inspired,No,25-34,710,Medium,27
USR00576,13,Male,Brazil,Marketer,YouTube,4,5.2,7,44.6,Smartphone,Afternoon (12-4pm),53,228,0,24,3,1,12,Reels/Shorts,Fast,0.07,Sometimes,10.5,Business/Marketing,No impact,6.3,No,Selected,Friends Only,No,2023-02-19,Stressed,No,Under 18,1172,Medium,28
USR00577,28,Male,Brazil,Researcher,Twitter/X,2,2.1,4,31.5,Smartphone,Evening (6-9pm),428,987,4,19,2,2,13,Videos,Medium,0.117,Sometimes,110.68,News & Updates,Mild impact,6.2,Yes,Selected,Friends Only,No,2022-09-28,Stressed,No,25-34,1316,Medium,23
USR00578,33,Female,UAE,Student,Twitter/X,3,0.9,9,6.0,Smartphone,Evening (6-9pm),1809,116,5,19,9,1,8,Reels/Shorts,Fast,0.146,No,0.0,Networking,Moderate impact,6.0,No,Selected,Private,No,2023-09-11,Neutral,Yes,25-34,968,Medium,29
USR00579,15,Male,UAE,Freelancer,Twitter/X,4,1.5,4,22.5,Smartphone,Morning (6-10am),396,571,1,23,7,0,12,Educational,Slow,0.173,Sometimes,12.99,Entertainment,Moderate impact,5.0,No,Always On,Private,No,2022-11-22,Inspired,Occasionally,Under 18,1261,Medium,30
USR00580,36,Female,Brazil,Marketer,YouTube,1,7.0,6,70.0,Tablet,Evening (6-9pm),458,103,5,17,6,3,7,Reels/Shorts,Fast,0.318,No,0.0,News & Updates,Severe impact,7.1,Somewhat,Selected,Friends Only,No,2023-07-16,Relaxed,Yes,35-44,1025,High,26
USR00581,29,Female,Nigeria,Freelancer,TikTok,2,1.4,3,28.0,Laptop,Afternoon (12-4pm),519,76,4,18,4,0,10,Photos,Slow,0.332,No,0.0,Learning,Mild impact,6.2,No,Selected,Private,No,2022-07-11,Happy,Yes,25-34,1395,Medium,22
USR00582,23,Female,India,Teacher,Snapchat,1,1.0,8,7.5,Smartphone,Late Night (12am+),147,215,2,18,3,3,9,Videos,Fast,0.137,Sometimes,150.11,Business/Marketing,Severe impact,4.8,No,Always On,Friends Only,No,2024-01-09,Neutral,No,18-24,848,Medium,24
USR00583,32,Male,Canada,Marketer,Snapchat,4,2.0,6,20.0,Laptop,Late Night (12am+),5502,110,7,19,2,1,4,Stories,Fast,0.158,Yes,5.82,Entertainment,Mild impact,6.0,Somewhat,Do Not Disturb,Friends Only,No,2023-05-28,Neutral,Occasionally,25-34,1074,Medium,22
USR00584,45,Male,Pakistan,Teacher,Instagram,3,2.4,5,28.8,Smartphone,Night (9pm-12am),106,38,2,19,7,2,5,Memes,Medium,0.101,No,0.0,Socializing,No impact,5.2,No,Always On,Private,No,2022-06-18,Relaxed,Yes,45+,1418,Medium,28
USR00585,28,Male,USA,Teacher,Snapchat,3,1.8,3,36.0,Smartphone,Evening (6-9pm),1179,196,2,14,4,1,8,Videos,Fast,0.125,Sometimes,5.83,Business/Marketing,Mild impact,6.2,Yes,Do Not Disturb,Friends Only,No,2024-02-01,Relaxed,Occasionally,25-34,825,Medium,19
USR00586,28,Male,USA,Student,TikTok,4,0.7,11,3.8,Smartphone,Morning (6-10am),1400,278,2,27,5,2,6,News,Medium,0.25,Sometimes,8.99,News & Updates,Moderate impact,8.8,Somewhat,Always On,Private,No,2022-12-05,Inspired,Yes,25-34,1248,High,34
USR00587,23,Male,India,Researcher,Twitter/X,2,3.2,7,27.4,Smartphone,Night (9pm-12am),120,1121,2,20,4,2,7,News,Medium,0.101,Yes,27.35,Networking,Moderate impact,6.5,Somewhat,Always On,Friends Only,No,2022-04-17,Happy,Yes,18-24,1480,Medium,26
USR00588,20,Male,Pakistan,Engineer,Facebook,5,3.0,6,30.0,Smartphone,Morning (6-10am),758,753,5,27,3,4,5,Photos,Medium,0.092,Yes,104.65,Entertainment,Mild impact,6.6,Somewhat,Off,Friends Only,No,2024-03-22,Neutral,Yes,18-24,775,Medium,34
USR00589,33,Female,USA,Teacher,TikTok,4,4.0,6,40.0,Desktop,Evening (6-9pm),129,1057,3,21,8,2,1,Educational,Medium,0.051,No,0.0,Networking,No impact,8.8,Yes,Always On,Public,No,2023-09-18,Relaxed,Yes,25-34,961,High,31
USR00590,20,Male,Brazil,Engineer,Instagram,4,3.0,6,30.0,Smartphone,Night (9pm-12am),8134,580,0,23,3,4,4,Educational,Fast,0.021,Sometimes,20.96,Business/Marketing,Mild impact,6.7,Yes,Do Not Disturb,Public,No,2023-04-25,Bored,No,18-24,1107,Medium,30
USR00591,27,Male,Pakistan,Freelancer,Snapchat,3,6.7,6,67.0,Laptop,Evening (6-9pm),85,364,0,13,3,0,8,Educational,Fast,0.206,Sometimes,5.16,Entertainment,Severe impact,7.0,Somewhat,Selected,Private,No,2024-05-29,Relaxed,Occasionally,25-34,707,Medium,16
USR00592,23,Male,Canada,Student,Instagram,4,4.2,5,50.4,Smartphone,Afternoon (12-4pm),204,55,1,25,6,1,4,Stories,Medium,0.055,No,0.0,Business/Marketing,No impact,6.5,Yes,Selected,Friends Only,No,2022-07-06,Happy,Occasionally,18-24,1400,Medium,32
USR00593,30,Female,USA,Doctor,Instagram,4,3.7,8,27.8,Laptop,Evening (6-9pm),73,292,5,26,5,2,7,News,Medium,0.187,No,0.0,Learning,Moderate impact,5.5,No,Always On,Public,No,2022-07-14,Stressed,No,25-34,1392,Medium,33
USR00594,29,Female,Brazil,Engineer,YouTube,3,5.3,6,53.0,Smartphone,Night (9pm-12am),57,500,5,17,5,1,2,Educational,Slow,0.068,Sometimes,14.26,Networking,No impact,7.0,Yes,Selected,Friends Only,No,2022-01-03,Neutral,Occasionally,25-34,1584,Medium,23
USR00595,35,Male,USA,Engineer,TikTok,3,2.9,8,21.8,Smartphone,Evening (6-9pm),11663,1406,1,22,5,3,5,Reels/Shorts,Medium,0.118,Sometimes,45.91,Learning,Severe impact,9.3,No,Off,Public,Yes,2023-03-14,Happy,Yes,35-44,1149,High,30
USR00596,22,Female,UAE,Freelancer,Snapchat,2,2.3,13,10.6,Smartphone,Late Night (12am+),1766,557,5,24,2,2,11,Stories,Medium,0.033,No,0.0,Business/Marketing,Moderate impact,3.8,Somewhat,Off,Friends Only,No,2024-09-03,Inspired,No,18-24,610,Low,28
USR00597,24,Female,Pakistan,Engineer,YouTube,1,3.2,4,48.0,Smartphone,Evening (6-9pm),856,1084,3,24,5,2,9,Reels/Shorts,Medium,0.24,Yes,81.61,Entertainment,No impact,5.4,No,Selected,Friends Only,No,2022-06-09,Happy,Occasionally,18-24,1427,Medium,31
USR00598,19,Female,Canada,Marketer,TikTok,4,0.5,1,30.0,Smartphone,Evening (6-9pm),204,70,5,20,3,5,9,Videos,Medium,0.098,No,0.0,Business/Marketing,No impact,4.7,Yes,Selected,Public,No,2022-09-29,Neutral,Yes,18-24,1315,Medium,28
USR00599,23,Male,India,Designer,Instagram,5,2.9,4,43.5,Smartphone,Night (9pm-12am),3407,165,5,13,5,1,3,Reels/Shorts,Fast,0.031,Yes,23.33,Networking,Severe impact,4.9,No,Selected,Private,No,2023-04-09,Stressed,Yes,18-24,1123,Medium,19
USR00600,30,Female,Australia,Teacher,LinkedIn,5,2.4,2,72.0,Desktop,Evening (6-9pm),150,409,2,15,7,2,12,Educational,Medium,0.076,No,0.0,Socializing,Mild impact,8.4,Yes,Do Not Disturb,Friends Only,No,2024-11-29,Bored,Yes,25-34,523,High,24
USR00601,33,Female,Germany,Designer,Instagram,4,3.4,7,29.1,Smartphone,Evening (6-9pm),2775,985,4,26,3,2,7,Stories,Medium,0.118,Yes,114.05,Socializing,Mild impact,5.9,Yes,Do Not Disturb,Public,No,2024-06-30,Stressed,Yes,25-34,675,Medium,31
USR00602,19,Female,India,Freelancer,YouTube,4,4.9,4,73.5,Smartphone,Evening (6-9pm),138,205,1,15,4,1,9,Videos,Fast,0.281,No,0.0,Entertainment,No impact,7.5,Somewhat,Do Not Disturb,Private,No,2022-01-20,Relaxed,Yes,18-24,1567,High,20
USR00603,33,Female,UK,Engineer,Twitter/X,3,3.8,5,45.6,Smartphone,Afternoon (12-4pm),208,221,2,20,7,3,7,Reels/Shorts,Medium,0.104,No,0.0,Socializing,No impact,5.0,Somewhat,Selected,Public,No,2022-01-17,Inspired,Yes,25-34,1570,Medium,30
USR00604,37,Male,Pakistan,Researcher,YouTube,2,1.5,8,11.2,Smartphone,Evening (6-9pm),2604,558,4,24,4,2,13,Videos,Medium,0.189,No,0.0,Socializing,Moderate impact,5.0,No,Selected,Friends Only,No,2023-12-05,Happy,No,35-44,883,Medium,30
USR00605,30,Female,Australia,Engineer,Facebook,2,4.4,6,44.0,Laptop,Night (9pm-12am),3149,63,5,14,5,2,10,Stories,Medium,0.105,Sometimes,186.87,Learning,Moderate impact,4.4,No,Always On,Friends Only,No,2022-09-04,Stressed,Yes,25-34,1340,Medium,21
USR00606,42,Male,UAE,Freelancer,Facebook,3,6.7,5,80.4,Laptop,Afternoon (12-4pm),1949,1683,1,15,2,2,8,Stories,Medium,0.202,No,0.0,Learning,Moderate impact,8.8,Somewhat,Off,Public,No,2024-05-14,Relaxed,Occasionally,35-44,722,High,19
USR00607,20,Female,Nigeria,Researcher,Twitter/X,5,5.0,2,150.0,Smartphone,Afternoon (12-4pm),100,85,1,21,2,2,9,News,Medium,0.201,Yes,62.68,Business/Marketing,Mild impact,7.6,Yes,Off,Public,No,2022-09-28,Stressed,Occasionally,18-24,1316,High,25
USR00608,17,Male,India,Engineer,YouTube,1,0.9,6,9.0,Laptop,Afternoon (12-4pm),297,24,1,22,1,2,8,Reels/Shorts,Medium,0.227,No,0.0,Learning,Mild impact,4.3,Yes,Off,Friends Only,No,2024-09-05,Relaxed,Occasionally,Under 18,608,Medium,25
USR00609,13,Female,UAE,Teacher,Instagram,5,3.7,5,44.4,Desktop,Afternoon (12-4pm),882,247,1,12,8,1,9,News,Medium,0.039,Sometimes,93.18,News & Updates,Mild impact,8.3,No,Always On,Friends Only,No,2022-05-26,Relaxed,Occasionally,Under 18,1441,High,21
USR00610,38,Male,USA,Freelancer,TikTok,5,1.0,6,10.0,Laptop,Night (9pm-12am),144,1878,1,21,4,2,10,News,Medium,0.082,Sometimes,47.51,News & Updates,Mild impact,5.7,Yes,Selected,Public,No,2023-04-14,Relaxed,No,35-44,1118,Medium,27
USR00611,32,Female,USA,Teacher,Facebook,1,2.1,3,42.0,Smartphone,Night (9pm-12am),7845,494,2,21,5,4,6,Entertainment,Fast,0.088,No,0.0,Networking,No impact,7.0,Yes,Selected,Public,No,2024-02-24,Neutral,Occasionally,25-34,802,Medium,30
USR00612,26,Male,Pakistan,Researcher,TikTok,1,3.3,6,33.0,Laptop,Evening (6-9pm),8,602,2,18,3,1,12,Memes,Medium,0.051,Yes,40.69,Socializing,Severe impact,6.3,No,Selected,Public,No,2022-07-02,Bored,No,25-34,1404,Medium,22
USR00613,29,Female,India,Engineer,Facebook,2,3.1,6,31.0,Smartphone,Late Night (12am+),163,257,5,15,6,1,8,Entertainment,Fast,0.131,No,0.0,Socializing,Mild impact,3.6,No,Do Not Disturb,Public,No,2022-07-29,Neutral,Yes,25-34,1377,Low,22
USR00614,17,Male,India,Engineer,Twitter/X,1,4.9,4,73.5,Smartphone,Evening (6-9pm),265,203,2,30,4,2,5,Memes,Fast,0.094,Sometimes,68.67,News & Updates,No impact,4.7,Yes,Do Not Disturb,Friends Only,No,2022-07-31,Stressed,No,Under 18,1375,Medium,36
USR00615,46,Female,UAE,Student,Twitter/X,3,6.8,7,58.3,Smartphone,Night (9pm-12am),3,38,5,23,1,3,12,Entertainment,Slow,0.169,Sometimes,0.21,Networking,Severe impact,8.6,No,Do Not Disturb,Public,No,2023-10-04,Relaxed,No,45+,945,High,27
USR00616,28,Female,Brazil,Teacher,Twitter/X,1,3.6,4,54.0,Smartphone,Evening (6-9pm),53,16,4,17,4,6,11,Memes,Fast,0.156,No,0.0,Networking,Severe impact,7.9,No,Always On,Public,No,2024-01-23,Relaxed,Occasionally,25-34,834,High,27
USR00617,27,Female,USA,Entrepreneur,YouTube,5,2.0,1,120.0,Smartphone,Evening (6-9pm),2049,309,6,25,3,1,9,Photos,Medium,0.223,Sometimes,40.02,Socializing,Severe impact,4.4,Yes,Off,Friends Only,No,2023-09-05,Stressed,Yes,25-34,974,Medium,29
USR00618,32,Female,Canada,Other,TikTok,3,0.5,9,3.3,Tablet,Afternoon (12-4pm),702,1182,6,18,3,5,6,Stories,Fast,0.169,Sometimes,17.7,Socializing,Moderate impact,6.6,No,Do Not Disturb,Friends Only,No,2022-10-08,Happy,No,25-34,1306,Medium,26
USR00619,30,Female,USA,Engineer,YouTube,1,5.7,1,342.0,Smartphone,Morning (6-10am),11289,369,6,18,7,1,5,Educational,Slow,0.159,Yes,22.44,Networking,No impact,5.8,Somewhat,Off,Private,Yes,2024-02-23,Relaxed,Yes,25-34,803,Medium,26
USR00620,28,Male,Pakistan,Engineer,TikTok,2,2.4,6,24.0,Laptop,Morning (6-10am),10736,517,1,17,3,6,12,Memes,Medium,0.049,Sometimes,9.6,News & Updates,Severe impact,8.3,No,Always On,Friends Only,Yes,2022-09-30,Bored,Yes,25-34,1314,High,26
USR00621,20,Male,Pakistan,Freelancer,TikTok,2,2.5,4,37.5,Desktop,Night (9pm-12am),1450,1636,2,19,3,1,7,News,Slow,0.037,Yes,18.91,Learning,Moderate impact,5.8,No,Selected,Public,No,2022-10-20,Bored,No,18-24,1294,Medium,23
USR00622,30,Female,India,Marketer,Instagram,5,2.7,5,32.4,Smartphone,Afternoon (12-4pm),1168,363,5,18,5,1,10,Reels/Shorts,Fast,0.275,No,0.0,Networking,Mild impact,4.8,Yes,Do Not Disturb,Friends Only,No,2022-05-21,Inspired,No,25-34,1446,Medium,24
USR00623,42,Male,Canada,Designer,Instagram,4,3.5,6,35.0,Smartphone,Night (9pm-12am),748,211,5,22,8,5,8,Stories,Slow,0.175,Sometimes,16.99,Business/Marketing,Severe impact,7.5,Yes,Always On,Public,No,2024-12-22,Happy,Occasionally,35-44,500,High,35
USR00624,37,Female,Canada,Freelancer,Instagram,5,3.5,8,26.2,Laptop,Night (9pm-12am),5,91,2,21,5,3,5,Reels/Shorts,Fast,0.225,Sometimes,156.1,News & Updates,Mild impact,8.3,Yes,Always On,Public,No,2022-01-18,Stressed,Occasionally,35-44,1569,High,29
USR00625,39,Male,Canada,Doctor,Twitter/X,1,2.2,4,33.0,Desktop,Evening (6-9pm),54,2770,5,16,0,0,9,Educational,Medium,0.196,No,0.0,Entertainment,Severe impact,6.9,Somewhat,Do Not Disturb,Public,No,2022-12-03,Neutral,Yes,35-44,1250,Medium,16
USR00626,22,Female,Canada,Entrepreneur,YouTube,5,2.4,5,28.8,Smartphone,Morning (6-10am),797,460,4,15,8,1,12,Stories,Medium,0.066,No,0.0,Business/Marketing,Mild impact,7.2,No,Do Not Disturb,Friends Only,No,2024-06-20,Stressed,No,18-24,685,High,24
USR00627,19,Female,Canada,Entrepreneur,Instagram,3,1.7,10,10.2,Smartphone,Afternoon (12-4pm),2015,78,3,22,7,5,7,Photos,Medium,0.028,No,0.0,Networking,Mild impact,4.0,No,Off,Public,No,2023-12-21,Inspired,Yes,18-24,867,Low,34
USR00628,25,Male,India,Teacher,Instagram,5,1.5,5,18.0,Desktop,Evening (6-9pm),1120,60,2,15,4,2,9,Memes,Fast,0.121,No,0.0,Learning,Mild impact,3.9,Yes,Do Not Disturb,Public,No,2023-03-13,Stressed,No,25-34,1150,Low,21
USR00629,27,Female,Pakistan,Entrepreneur,Twitter/X,2,1.5,7,12.9,Smartphone,Afternoon (12-4pm),133,1100,2,20,4,1,10,Entertainment,Fast,0.149,Sometimes,15.39,Business/Marketing,Moderate impact,3.8,Yes,Always On,Friends Only,No,2022-11-07,Stressed,Yes,25-34,1276,Low,25
USR00630,35,Male,Pakistan,Researcher,YouTube,3,2.4,6,24.0,Smartphone,Evening (6-9pm),3595,70,2,37,2,1,13,Educational,Fast,0.099,Sometimes,13.91,Entertainment,Mild impact,8.1,No,Off,Private,No,2024-04-23,Relaxed,Occasionally,35-44,743,High,40
USR00631,13,Female,India,Doctor,Pinterest,2,1.3,4,19.5,Smartphone,Evening (6-9pm),9589,2263,2,25,7,2,8,Educational,Slow,0.075,Sometimes,44.46,Learning,Severe impact,5.5,Somewhat,Always On,Public,No,2024-06-25,Bored,Yes,Under 18,680,Medium,34
USR00632,39,Female,India,Other,Twitter/X,5,0.5,3,10.0,Smartphone,Afternoon (12-4pm),3598,8,3,14,2,3,7,Reels/Shorts,Medium,0.029,Sometimes,27.84,Learning,No impact,7.7,No,Do Not Disturb,Public,No,2023-03-21,Happy,Yes,35-44,1142,High,19
USR00633,25,Male,Brazil,Researcher,TikTok,1,2.0,5,24.0,Smartphone,Evening (6-9pm),3949,1348,6,12,6,4,9,Photos,Fast,0.213,No,0.0,Learning,Severe impact,5.1,Somewhat,Selected,Private,No,2022-06-27,Stressed,Yes,25-34,1409,Medium,22
USR00634,23,Male,Nigeria,Teacher,Instagram,5,1.0,4,15.0,Smartphone,Night (9pm-12am),243,438,1,20,3,0,6,Educational,Medium,0.333,No,0.0,Learning,Moderate impact,6.2,No,Always On,Public,No,2022-07-25,Bored,Occasionally,18-24,1381,Medium,23
USR00635,18,Female,Brazil,Engineer,Instagram,3,2.8,4,42.0,Laptop,Evening (6-9pm),4613,282,4,15,3,3,3,Stories,Medium,0.06,No,0.0,Networking,Severe impact,4.7,Somewhat,Off,Public,No,2022-10-14,Relaxed,Yes,18-24,1300,Medium,21
USR00636,13,Female,Nigeria,Engineer,TikTok,2,1.7,5,20.4,Smartphone,Night (9pm-12am),864,198,1,15,6,0,5,Videos,Fast,0.144,Sometimes,70.72,Business/Marketing,Mild impact,5.6,Yes,Selected,Public,No,2022-09-10,Neutral,Occasionally,Under 18,1334,Medium,21
USR00637,33,Male,UAE,Student,Instagram,5,3.5,2,105.0,Smartphone,Afternoon (12-4pm),1670,2365,2,16,4,1,7,Memes,Slow,0.406,Yes,48.48,Entertainment,Moderate impact,3.1,Somewhat,Always On,Private,No,2024-02-26,Neutral,Occasionally,25-34,800,Low,21
USR00638,27,Male,Canada,Engineer,Instagram,1,1.0,7,8.6,Smartphone,Night (9pm-12am),1284,571,4,17,1,1,7,Educational,Medium,0.172,No,0.0,News & Updates,Mild impact,5.6,Somewhat,Selected,Public,No,2023-12-21,Bored,Occasionally,25-34,867,Medium,19
USR00639,16,Male,Pakistan,Doctor,Twitter/X,1,0.6,3,12.0,Laptop,Evening (6-9pm),534,82,2,20,6,1,10,Reels/Shorts,Medium,0.038,Yes,1.73,Business/Marketing,Moderate impact,5.5,Somewhat,Do Not Disturb,Private,No,2024-05-29,Happy,No,Under 18,707,Medium,27
USR00640,16,Male,India,Entrepreneur,TikTok,4,2.4,5,28.8,Laptop,Afternoon (12-4pm),141,31,2,22,5,3,6,Videos,Medium,0.159,No,0.0,Business/Marketing,Mild impact,3.1,Somewhat,Selected,Friends Only,No,2023-10-07,Relaxed,No,Under 18,942,Low,30
USR00641,24,Non-binary,UAE,Designer,Pinterest,1,1.9,6,19.0,Smartphone,Evening (6-9pm),573,302,6,20,9,2,9,News,Medium,0.118,Yes,9.76,Socializing,Severe impact,7.0,No,Always On,Private,No,2022-10-14,Bored,No,18-24,1300,Medium,31
USR00642,40,Non-binary,India,Marketer,Twitter/X,5,0.9,8,6.8,Laptop,Night (9pm-12am),3929,244,4,25,6,2,9,Memes,Fast,0.114,No,0.0,Learning,Severe impact,7.2,Yes,Selected,Friends Only,No,2023-05-23,Inspired,Yes,35-44,1079,High,33
USR00643,24,Male,USA,Teacher,Facebook,1,4.2,5,50.4,Smartphone,Afternoon (12-4pm),300,39,1,12,3,3,8,Educational,Medium,0.077,No,0.0,Learning,Mild impact,5.0,Somewhat,Selected,Friends Only,No,2023-07-22,Neutral,Occasionally,18-24,1019,Medium,18
USR00644,14,Female,USA,Other,Instagram,1,1.2,3,24.0,Smartphone,Evening (6-9pm),3321,228,1,18,1,2,4,Memes,Fast,0.025,No,0.0,Business/Marketing,Mild impact,4.0,Yes,Selected,Public,No,2022-06-22,Neutral,Occasionally,Under 18,1414,Low,21
USR00645,25,Female,Nigeria,Entrepreneur,Snapchat,3,1.5,3,30.0,Smartphone,Evening (6-9pm),2506,122,3,22,4,3,8,Stories,Medium,0.13,No,0.0,News & Updates,Mild impact,9.3,No,Selected,Public,No,2023-05-24,Inspired,No,25-34,1078,High,29
USR00646,24,Male,UK,Freelancer,Twitter/X,1,4.7,5,56.4,Laptop,Night (9pm-12am),388,247,3,22,3,0,7,News,Fast,0.339,No,0.0,Business/Marketing,No impact,6.7,No,Selected,Public,No,2023-08-07,Inspired,No,18-24,1003,Medium,25
USR00647,13,Female,UK,Designer,Snapchat,5,3.6,7,30.9,Laptop,Morning (6-10am),8101,584,3,13,7,0,8,News,Fast,0.185,No,0.0,Business/Marketing,Mild impact,1.9,Yes,Do Not Disturb,Public,No,2022-02-24,Happy,Occasionally,Under 18,1532,Low,20
USR00648,26,Male,India,Freelancer,Facebook,1,1.1,5,13.2,Smartphone,Late Night (12am+),350,1467,4,22,4,4,10,Educational,Fast,0.03,Sometimes,6.73,Entertainment,Moderate impact,5.4,No,Always On,Friends Only,No,2023-09-10,Happy,Yes,25-34,969,Medium,30
USR00649,25,Female,UK,Entrepreneur,Twitter/X,2,2.1,5,25.2,Smartphone,Afternoon (12-4pm),10068,728,0,24,3,1,7,Videos,Fast,0.148,Yes,9.0,Socializing,Mild impact,5.0,Somewhat,Always On,Friends Only,Yes,2023-02-25,Stressed,Occasionally,25-34,1166,Medium,28
USR00650,32,Male,Brazil,Designer,Twitter/X,4,1.0,10,6.0,Tablet,Late Night (12am+),1453,102,3,15,3,4,11,Reels/Shorts,Fast,0.079,No,0.0,Learning,Moderate impact,4.9,Yes,Always On,Public,No,2024-11-26,Stressed,No,25-34,526,Medium,22
USR00651,41,Female,Australia,Engineer,Instagram,4,4.5,2,135.0,Smartphone,Evening (6-9pm),646,380,3,20,3,5,9,Entertainment,Fast,0.06,Yes,47.95,Entertainment,Mild impact,8.2,Yes,Do Not Disturb,Private,No,2024-11-09,Neutral,Occasionally,35-44,543,High,28
USR00652,36,Male,Pakistan,Doctor,Instagram,3,4.5,6,45.0,Smartphone,Night (9pm-12am),134,263,2,19,11,1,7,Educational,Fast,0.032,Yes,33.01,Socializing,No impact,6.7,No,Selected,Public,No,2023-01-22,Relaxed,No,35-44,1200,Medium,31
USR00653,24,Male,India,Designer,LinkedIn,5,7.4,7,63.4,Laptop,Night (9pm-12am),567,49,5,8,6,2,4,Reels/Shorts,Medium,0.098,Yes,15.41,Networking,Mild impact,7.3,Yes,Do Not Disturb,Friends Only,No,2024-03-13,Happy,No,18-24,784,High,16
USR00654,18,Female,UK,Entrepreneur,Twitter/X,5,9.1,4,136.5,Laptop,Night (9pm-12am),460,394,2,21,5,1,7,Videos,Slow,0.076,Yes,28.17,Business/Marketing,Moderate impact,6.0,Somewhat,Always On,Private,No,2023-08-29,Inspired,Occasionally,18-24,981,Medium,27
USR00655,47,Male,Pakistan,Researcher,Snapchat,3,1.7,11,9.3,Smartphone,Night (9pm-12am),69,2271,4,17,2,1,7,Educational,Fast,0.116,No,0.0,Entertainment,Mild impact,7.7,Somewhat,Always On,Public,No,2022-04-22,Neutral,Occasionally,45+,1475,High,20
USR00656,27,Male,Pakistan,Other,TikTok,4,4.1,5,49.2,Smartphone,Morning (6-10am),449,254,3,14,3,1,8,Memes,Slow,0.077,No,0.0,News & Updates,Moderate impact,5.5,No,Selected,Public,No,2023-05-06,Relaxed,Yes,25-34,1096,Medium,18
USR00657,27,Female,Pakistan,Designer,Instagram,2,0.5,4,7.5,Smartphone,Morning (6-10am),156,36,1,15,9,0,9,Videos,Fast,0.083,Sometimes,41.22,Networking,Moderate impact,6.6,Yes,Do Not Disturb,Public,No,2024-10-10,Neutral,Occasionally,25-34,573,Medium,24
USR00658,26,Female,Pakistan,Researcher,Facebook,4,2.9,1,174.0,Smartphone,Night (9pm-12am),1909,253,1,19,5,1,6,Memes,Medium,0.091,No,0.0,News & Updates,No impact,7.1,No,Do Not Disturb,Private,No,2024-03-01,Relaxed,Occasionally,25-34,796,High,25
USR00659,28,Male,Australia,Engineer,Instagram,4,3.4,11,18.5,Smartphone,Morning (6-10am),6983,57,3,16,6,2,15,Videos,Slow,0.244,No,0.0,Entertainment,No impact,5.1,No,Selected,Public,No,2022-08-19,Bored,Yes,25-34,1356,Medium,24
USR00660,25,Male,Australia,Entrepreneur,Instagram,2,1.3,3,26.0,Smartphone,Night (9pm-12am),73,689,1,23,6,1,7,Memes,Fast,0.164,Yes,26.67,News & Updates,No impact,2.4,No,Do Not Disturb,Friends Only,No,2023-05-09,Happy,Yes,25-34,1093,Low,30
USR00661,22,Male,Canada,Researcher,Twitter/X,4,1.6,2,48.0,Smartphone,Afternoon (12-4pm),14503,459,3,17,5,2,6,Videos,Slow,0.051,No,0.0,Entertainment,No impact,3.2,Somewhat,Always On,Private,Yes,2024-10-20,Inspired,No,18-24,563,Low,24
USR00662,22,Male,Brazil,Entrepreneur,TikTok,1,4.5,7,38.6,Smartphone,Late Night (12am+),527,199,7,18,2,1,12,Photos,Medium,0.068,Sometimes,9.06,Entertainment,Moderate impact,10.0,Somewhat,Selected,Private,No,2022-05-26,Relaxed,Occasionally,18-24,1441,High,21
USR00663,26,Male,India,Doctor,Pinterest,5,3.5,5,42.0,Smartphone,Afternoon (12-4pm),115,164,2,17,3,6,8,Memes,Medium,0.185,No,0.0,Learning,Mild impact,7.4,Yes,Selected,Friends Only,No,2024-12-17,Neutral,No,25-34,505,High,26
USR00664,22,Prefer not to say,Australia,Engineer,Instagram,4,6.8,1,408.0,Laptop,Afternoon (12-4pm),2601,189,4,17,1,2,10,Educational,Slow,0.028,No,0.0,Business/Marketing,No impact,7.5,No,Off,Friends Only,No,2022-01-25,Relaxed,Occasionally,18-24,1562,High,20
USR00665,21,Male,UAE,Other,YouTube,2,6.3,6,63.0,Smartphone,Afternoon (12-4pm),297,247,2,22,3,4,11,Videos,Fast,0.138,No,0.0,Learning,Mild impact,8.8,No,Selected,Private,No,2024-01-10,Happy,No,18-24,847,High,29
USR00666,27,Male,Germany,Doctor,Facebook,5,0.6,4,9.0,Smartphone,Night (9pm-12am),574,96,2,16,3,2,11,Stories,Medium,0.103,No,0.0,News & Updates,Moderate impact,4.2,Somewhat,Selected,Public,No,2023-10-11,Stressed,No,25-34,938,Medium,21
USR00667,24,Male,India,Marketer,YouTube,5,1.8,9,12.0,Smartphone,Evening (6-9pm),321,46,2,21,5,0,7,Educational,Fast,0.036,No,0.0,Networking,No impact,4.9,No,Selected,Friends Only,No,2022-09-28,Bored,No,18-24,1316,Medium,26
USR00668,39,Prefer not to say,India,Designer,TikTok,4,1.2,4,18.0,Desktop,Late Night (12am+),152,959,1,17,3,2,11,Reels/Shorts,Fast,0.001,Yes,4.55,Networking,Mild impact,4.2,No,Do Not Disturb,Friends Only,No,2024-03-03,Relaxed,Occasionally,35-44,794,Medium,22
USR00669,13,Male,Australia,Engineer,Twitter/X,4,4.2,9,28.0,Smartphone,Evening (6-9pm),2448,154,2,26,5,3,8,Educational,Fast,0.154,Sometimes,33.89,Socializing,No impact,10.0,No,Always On,Friends Only,No,2024-05-11,Neutral,Yes,Under 18,725,High,34
USR00670,35,Male,India,Student,Twitter/X,4,3.1,5,37.2,Smartphone,Night (9pm-12am),397,299,4,19,4,1,13,News,Medium,0.061,Yes,8.86,Learning,Mild impact,4.4,Yes,Do Not Disturb,Public,No,2024-01-19,Relaxed,No,35-44,838,Medium,24
USR00671,36,Female,Nigeria,Other,Twitter/X,3,1.2,2,36.0,Tablet,Evening (6-9pm),50,344,2,21,3,2,8,Videos,Slow,0.076,Yes,64.74,Business/Marketing,No impact,8.5,Yes,Always On,Private,No,2022-12-20,Stressed,No,35-44,1233,High,26
USR00672,13,Male,Germany,Other,Snapchat,5,1.4,8,10.5,Smartphone,Night (9pm-12am),1793,360,2,16,0,3,8,Reels/Shorts,Slow,0.03,Sometimes,5.41,Business/Marketing,Moderate impact,5.0,Yes,Selected,Private,No,2024-08-22,Inspired,Yes,Under 18,622,Medium,19
USR00673,24,Female,Pakistan,Freelancer,Pinterest,3,5.5,2,165.0,Smartphone,Afternoon (12-4pm),75,59,0,21,2,2,14,Stories,Medium,0.055,No,0.0,Entertainment,No impact,6.4,Yes,Selected,Public,No,2022-05-30,Bored,Occasionally,18-24,1437,Medium,25
USR00674,24,Female,Australia,Marketer,TikTok,4,1.9,7,16.3,Smartphone,Morning (6-10am),83,32,1,15,5,1,13,Stories,Medium,0.072,Yes,32.75,Networking,No impact,8.5,Yes,Selected,Friends Only,No,2022-02-04,Happy,Yes,18-24,1552,High,21
USR00675,15,Female,UAE,Student,Facebook,2,0.5,9,3.3,Smartphone,Evening (6-9pm),5691,120,3,18,3,1,8,News,Slow,0.07,No,0.0,Business/Marketing,Severe impact,6.7,Somewhat,Always On,Friends Only,No,2022-05-19,Stressed,Yes,Under 18,1448,Medium,22
USR00676,20,Male,Germany,Student,Facebook,4,1.1,3,22.0,Smartphone,Late Night (12am+),77,393,4,15,4,2,10,Videos,Medium,0.052,No,0.0,Entertainment,Mild impact,6.0,Yes,Always On,Private,No,2022-01-29,Inspired,Yes,18-24,1558,Medium,21
USR00677,18,Female,Pakistan,Freelancer,YouTube,4,7.6,3,152.0,Smartphone,Afternoon (12-4pm),10,102,3,22,4,1,6,Educational,Medium,0.045,No,0.0,Socializing,Mild impact,10.0,Somewhat,Do Not Disturb,Friends Only,No,2023-06-21,Neutral,Yes,18-24,1050,High,27
USR00678,41,Female,Pakistan,Teacher,LinkedIn,1,4.8,6,48.0,Smartphone,Evening (6-9pm),2040,159,4,23,2,1,8,Stories,Medium,0.081,Sometimes,26.18,Socializing,No impact,2.9,Yes,Always On,Public,No,2023-03-18,Happy,Yes,35-44,1145,Low,26
USR00679,34,Male,India,Marketer,Instagram,1,1.0,7,8.6,Smartphone,Evening (6-9pm),384,3142,3,29,4,2,8,News,Fast,0.214,No,0.0,Business/Marketing,Mild impact,4.5,Yes,Selected,Friends Only,No,2022-03-23,Inspired,Occasionally,25-34,1505,Medium,35
USR00680,37,Non-binary,Pakistan,Designer,Instagram,5,2.9,2,87.0,Smartphone,Evening (6-9pm),449,26,7,25,4,3,9,Entertainment,Slow,0.07,No,0.0,News & Updates,No impact,5.6,Somewhat,Off,Private,No,2022-05-04,Bored,No,35-44,1463,Medium,32
USR00681,32,Male,India,Teacher,Facebook,5,4.6,9,30.7,Smart TV,Afternoon (12-4pm),377,98,1,17,0,3,5,Photos,Medium,0.08,Sometimes,22.03,News & Updates,Moderate impact,8.1,Somewhat,Selected,Friends Only,No,2024-03-26,Inspired,Occasionally,25-34,771,High,20
USR00682,17,Male,Canada,Freelancer,Instagram,5,0.6,5,7.2,Smartphone,Evening (6-9pm),1009,2382,3,23,1,3,6,Videos,Medium,0.139,Yes,21.24,Learning,Moderate impact,5.3,Yes,Always On,Public,No,2024-11-03,Happy,No,Under 18,549,Medium,27
USR00683,22,Female,USA,Doctor,Instagram,3,5.0,5,60.0,Smartphone,Evening (6-9pm),171,231,0,30,3,1,7,Videos,Slow,0.054,Yes,21.41,Socializing,Moderate impact,7.9,Yes,Selected,Public,No,2023-08-10,Neutral,Occasionally,18-24,1000,High,34
USR00684,30,Prefer not to say,Nigeria,Marketer,Instagram,5,3.5,3,70.0,Smartphone,Late Night (12am+),9480,104,3,15,3,0,9,Videos,Fast,0.074,Yes,10.84,Business/Marketing,Moderate impact,3.1,Yes,Do Not Disturb,Friends Only,No,2024-10-23,Bored,Occasionally,25-34,560,Low,18
USR00685,17,Female,Brazil,Teacher,Instagram,1,1.5,6,15.0,Smartphone,Night (9pm-12am),46,994,4,26,0,0,8,News,Medium,0.145,Yes,6.5,Socializing,No impact,8.3,No,Off,Public,No,2024-04-30,Bored,Occasionally,Under 18,736,High,26
USR00686,32,Female,Pakistan,Designer,Twitter/X,5,3.8,6,38.0,Smartphone,Late Night (12am+),1481,261,2,25,2,2,10,Videos,Medium,0.085,No,0.0,Business/Marketing,Mild impact,7.8,Yes,Do Not Disturb,Friends Only,No,2024-05-17,Bored,Occasionally,25-34,719,High,29
USR00687,25,Prefer not to say,USA,Designer,Facebook,4,3.2,4,48.0,Smartphone,Late Night (12am+),2112,161,1,24,5,5,9,Educational,Fast,0.163,Sometimes,21.79,Business/Marketing,No impact,4.3,Yes,Selected,Public,No,2024-04-03,Stressed,Yes,25-34,763,Medium,34
USR00688,24,Male,Canada,Teacher,TikTok,1,3.3,6,33.0,Laptop,Night (9pm-12am),169,308,3,22,2,2,13,Videos,Medium,0.062,Sometimes,107.32,Entertainment,No impact,6.1,Somewhat,Always On,Public,No,2022-06-18,Relaxed,Yes,18-24,1418,Medium,26
USR00689,32,Male,USA,Freelancer,TikTok,3,2.9,8,21.8,Smart TV,Morning (6-10am),105,111,5,20,1,1,8,Photos,Medium,0.048,Sometimes,48.3,Business/Marketing,Mild impact,5.7,Somewhat,Do Not Disturb,Friends Only,No,2022-11-09,Inspired,Occasionally,25-34,1274,Medium,22
USR00690,30,Male,UK,Teacher,YouTube,3,1.3,4,19.5,Smartphone,Evening (6-9pm),4150,72,6,28,3,5,8,Educational,Slow,0.022,No,0.0,Socializing,Moderate impact,7.0,Somewhat,Do Not Disturb,Friends Only,No,2023-07-23,Relaxed,Occasionally,25-34,1018,Medium,36
USR00691,24,Female,Australia,Student,YouTube,5,1.5,6,15.0,Smartphone,Night (9pm-12am),111,213,4,31,3,4,9,Educational,Medium,0.075,No,0.0,Networking,Mild impact,8.3,No,Selected,Public,No,2022-06-21,Relaxed,Occasionally,18-24,1415,High,38
USR00692,36,Male,Australia,Student,Twitter/X,3,2.2,4,33.0,Tablet,Morning (6-10am),223,72,0,20,5,0,9,Memes,Medium,0.054,No,0.0,Entertainment,Mild impact,5.0,Yes,Always On,Private,No,2023-09-27,Happy,No,35-44,952,Medium,25
USR00693,18,Female,Pakistan,Student,Facebook,3,2.7,9,18.0,Smartphone,Evening (6-9pm),3285,247,4,18,5,2,6,Videos,Medium,0.13,Sometimes,47.46,Learning,Severe impact,6.9,No,Selected,Friends Only,No,2022-06-11,Inspired,Yes,18-24,1425,Medium,25
USR00694,31,Female,Pakistan,Entrepreneur,LinkedIn,1,4.0,5,48.0,Smartphone,Evening (6-9pm),708,374,2,18,5,2,5,Reels/Shorts,Slow,0.089,No,0.0,Entertainment,Mild impact,6.6,Somewhat,Selected,Public,No,2024-11-13,Stressed,Yes,25-34,539,Medium,25
USR00695,31,Male,Australia,Designer,YouTube,5,7.8,7,66.9,Smartphone,Afternoon (12-4pm),26,681,2,18,2,3,5,Entertainment,Slow,0.153,Sometimes,21.52,Networking,Mild impact,6.4,Yes,Always On,Private,No,2023-02-21,Neutral,No,25-34,1170,Medium,23
USR00696,24,Female,India,Freelancer,Facebook,5,3.0,2,90.0,Smartphone,Morning (6-10am),15439,947,2,19,4,2,7,Videos,Slow,0.086,No,0.0,Socializing,Severe impact,8.8,Somewhat,Selected,Friends Only,Yes,2022-11-15,Relaxed,Yes,18-24,1268,High,25
USR00697,29,Female,Pakistan,Other,Facebook,4,3.9,4,58.5,Smartphone,Night (9pm-12am),256,150,3,20,9,1,7,Educational,Medium,0.229,Yes,27.78,Entertainment,No impact,6.5,Yes,Always On,Public,No,2023-11-01,Bored,Occasionally,25-34,917,Medium,30
USR00698,16,Female,UK,Engineer,LinkedIn,5,4.5,4,67.5,Laptop,Night (9pm-12am),322,445,3,19,2,1,9,Memes,Medium,0.213,No,0.0,Learning,No impact,4.0,Yes,Do Not Disturb,Public,No,2024-03-11,Neutral,Yes,Under 18,786,Low,22
USR00699,34,Male,India,Engineer,Twitter/X,5,4.1,7,35.1,Smartphone,Late Night (12am+),1054,441,4,17,2,2,5,Photos,Medium,0.155,No,0.0,News & Updates,Mild impact,7.5,Yes,Selected,Friends Only,No,2022-05-16,Stressed,Yes,25-34,1451,High,21
USR00700,25,Male,Australia,Other,Twitter/X,1,1.3,3,26.0,Smartphone,Evening (6-9pm),2049,362,1,15,3,4,10,Educational,Fast,0.039,Sometimes,62.49,News & Updates,Mild impact,9.1,Somewhat,Always On,Private,No,2023-09-28,Relaxed,Occasionally,25-34,951,High,22
USR00701,22,Male,UK,Teacher,Facebook,4,5.8,4,87.0,Laptop,Afternoon (12-4pm),22696,137,1,22,2,1,5,News,Medium,0.275,Yes,52.6,Entertainment,No impact,6.5,Yes,Selected,Public,Yes,2024-06-14,Inspired,Occasionally,18-24,691,Medium,25
USR00702,35,Male,UK,Teacher,LinkedIn,4,5.3,3,106.0,Smartphone,Night (9pm-12am),33,71,2,18,4,0,7,Memes,Medium,0.217,No,0.0,Socializing,Mild impact,8.6,Yes,Do Not Disturb,Friends Only,No,2023-05-04,Inspired,Yes,35-44,1098,High,22
USR00703,21,Male,Nigeria,Student,Snapchat,5,2.8,3,56.0,Smartphone,Late Night (12am+),2941,446,3,15,8,3,7,News,Medium,0.114,Yes,3.61,Business/Marketing,No impact,5.4,No,Do Not Disturb,Public,No,2022-04-29,Stressed,Yes,18-24,1468,Medium,26
USR00704,15,Female,UK,Student,Instagram,2,1.4,2,42.0,Smartphone,Late Night (12am+),2533,31,3,23,4,3,8,Entertainment,Medium,0.205,Sometimes,11.78,Business/Marketing,Moderate impact,6.9,Somewhat,Always On,Friends Only,No,2023-05-16,Relaxed,Yes,Under 18,1086,Medium,30
USR00705,14,Male,UK,Doctor,Instagram,4,2.7,10,16.2,Smartphone,Evening (6-9pm),519,177,5,15,2,1,4,Photos,Medium,0.218,No,0.0,Learning,Moderate impact,3.4,Yes,Always On,Private,No,2022-06-26,Relaxed,Occasionally,Under 18,1410,Low,18
USR00706,31,Female,USA,Researcher,TikTok,5,0.7,3,14.0,Smartphone,Night (9pm-12am),2743,11,3,25,2,3,7,News,Medium,0.062,Sometimes,49.32,Business/Marketing,No impact,5.1,No,Do Not Disturb,Public,No,2024-06-08,Stressed,Occasionally,25-34,697,Medium,30
USR00707,16,Male,Pakistan,Teacher,YouTube,5,6.3,2,189.0,Smartphone,Late Night (12am+),3574,49,0,15,3,2,13,Educational,Medium,0.061,Sometimes,13.73,Learning,Mild impact,6.5,Somewhat,Always On,Public,No,2022-08-26,Bored,Occasionally,Under 18,1349,Medium,20
USR00708,41,Male,Germany,Entrepreneur,Twitter/X,1,1.6,6,16.0,Smartphone,Night (9pm-12am),55,85,5,19,6,0,8,Memes,Fast,0.137,No,0.0,News & Updates,Moderate impact,7.4,Somewhat,Selected,Public,No,2024-07-17,Happy,No,35-44,658,High,25
USR00709,13,Female,UAE,Teacher,TikTok,4,2.1,4,31.5,Smartphone,Morning (6-10am),15515,912,1,20,4,0,9,Photos,Fast,0.046,Sometimes,24.38,News & Updates,No impact,7.0,Somewhat,Selected,Public,Yes,2022-04-23,Happy,No,Under 18,1474,Medium,24
USR00710,40,Female,Australia,Entrepreneur,Instagram,4,6.0,6,60.0,Laptop,Morning (6-10am),40,558,2,14,3,2,7,Photos,Medium,0.056,No,0.0,Entertainment,Moderate impact,8.5,Somewhat,Selected,Public,No,2023-09-26,Stressed,No,35-44,953,High,19
USR00711,28,Female,Pakistan,Doctor,Facebook,2,5.6,2,168.0,Laptop,Afternoon (12-4pm),86,125,5,14,2,2,4,Reels/Shorts,Fast,0.187,Sometimes,26.41,Entertainment,Mild impact,3.4,Yes,Selected,Friends Only,No,2022-12-26,Stressed,No,25-34,1227,Low,18
USR00712,26,Female,Canada,Teacher,Facebook,5,3.2,4,48.0,Laptop,Evening (6-9pm),415,587,4,13,1,2,11,Memes,Fast,0.053,Yes,0.43,Networking,No impact,8.8,Yes,Always On,Public,No,2022-09-02,Relaxed,Occasionally,25-34,1342,High,16
USR00713,22,Male,Canada,Marketer,LinkedIn,4,6.8,9,45.3,Smartphone,Morning (6-10am),21266,709,1,31,1,1,8,Reels/Shorts,Slow,0.104,Sometimes,3.67,News & Updates,Mild impact,4.9,Somewhat,Selected,Friends Only,Yes,2022-01-26,Happy,Occasionally,18-24,1561,Medium,33
USR00714,30,Female,USA,Designer,Twitter/X,3,1.3,10,7.8,Smartphone,Late Night (12am+),381,201,4,17,4,3,10,News,Medium,0.132,No,0.0,Learning,Severe impact,4.0,No,Selected,Public,No,2022-10-09,Happy,Occasionally,25-34,1305,Low,24
USR00715,26,Female,UAE,Teacher,Twitter/X,4,3.2,5,38.4,Laptop,Night (9pm-12am),627,46,10,20,3,1,8,Memes,Fast,0.042,Sometimes,44.26,Networking,No impact,8.1,Yes,Selected,Public,No,2022-01-24,Bored,Occasionally,25-34,1563,High,24
USR00716,35,Female,Nigeria,Researcher,Instagram,5,1.3,2,39.0,Smartphone,Night (9pm-12am),8758,190,3,18,7,2,8,Photos,Medium,0.064,Sometimes,68.87,Socializing,No impact,4.2,No,Always On,Public,No,2022-12-02,Stressed,No,35-44,1251,Medium,27
USR00717,27,Female,Australia,Engineer,Instagram,3,5.1,3,102.0,Laptop,Late Night (12am+),387,217,3,23,8,2,7,Memes,Fast,0.089,Sometimes,26.11,Networking,No impact,8.7,Yes,Do Not Disturb,Friends Only,No,2024-10-13,Inspired,Yes,25-34,570,High,33
USR00718,28,Female,Pakistan,Entrepreneur,Twitter/X,2,5.0,7,42.9,Smartphone,Afternoon (12-4pm),79,55,7,23,3,2,6,Educational,Medium,0.245,No,0.0,Business/Marketing,No impact,2.3,No,Selected,Public,No,2023-12-12,Happy,No,25-34,876,Low,28
USR00719,24,Male,Pakistan,Engineer,TikTok,3,7.1,6,71.0,Tablet,Night (9pm-12am),313,380,4,20,5,1,8,Reels/Shorts,Slow,0.099,No,0.0,Socializing,No impact,4.8,Yes,Always On,Friends Only,No,2024-12-07,Neutral,Occasionally,18-24,515,Medium,26
USR00720,26,Female,Australia,Doctor,TikTok,1,2.6,4,39.0,Smart TV,Late Night (12am+),7843,342,2,18,5,2,14,Educational,Medium,0.167,No,0.0,Business/Marketing,Moderate impact,7.8,No,Do Not Disturb,Private,No,2024-11-25,Inspired,Yes,25-34,527,High,25
USR00721,29,Female,UAE,Other,Instagram,3,8.3,2,249.0,Smartphone,Morning (6-10am),755,417,5,25,1,4,7,Photos,Fast,0.15,Sometimes,10.49,Business/Marketing,Mild impact,7.4,Somewhat,Selected,Friends Only,No,2023-06-15,Neutral,Yes,25-34,1056,High,30
USR00722,13,Male,USA,Marketer,Pinterest,3,1.2,7,10.3,Smartphone,Evening (6-9pm),21486,341,3,23,3,1,10,Memes,Fast,0.064,No,0.0,Entertainment,Mild impact,1.5,Somewhat,Selected,Public,Yes,2022-12-08,Inspired,No,Under 18,1245,Low,27
USR00723,16,Male,Nigeria,Engineer,Snapchat,3,2.5,6,25.0,Laptop,Night (9pm-12am),2510,587,2,13,4,4,9,Videos,Slow,0.307,Sometimes,75.93,Business/Marketing,No impact,5.0,No,Always On,Friends Only,No,2024-02-01,Happy,Yes,Under 18,825,Medium,21
USR00724,32,Female,UAE,Entrepreneur,Facebook,5,1.2,7,10.3,Smartphone,Morning (6-10am),208,197,5,27,4,2,5,Stories,Fast,0.099,Yes,9.57,Entertainment,No impact,3.1,Yes,Selected,Friends Only,No,2022-09-17,Relaxed,Yes,25-34,1327,Low,33
USR00725,28,Male,Pakistan,Other,LinkedIn,2,3.0,7,25.7,Laptop,Night (9pm-12am),729,311,3,25,1,1,9,Videos,Slow,0.105,No,0.0,News & Updates,Severe impact,6.4,Yes,Always On,Public,No,2023-07-05,Happy,Occasionally,25-34,1036,Medium,27
USR00726,25,Female,Nigeria,Student,Pinterest,3,1.3,3,26.0,Smartphone,Evening (6-9pm),143,151,5,25,3,2,8,Stories,Fast,0.383,No,0.0,News & Updates,No impact,6.3,No,Always On,Public,No,2022-08-30,Stressed,Occasionally,25-34,1345,Medium,30
USR00727,27,Male,UAE,Doctor,Facebook,1,5.1,3,102.0,Laptop,Afternoon (12-4pm),199,121,4,17,5,1,2,Videos,Fast,0.004,Yes,52.22,Learning,Severe impact,5.8,No,Off,Public,No,2022-03-02,Relaxed,Occasionally,25-34,1526,Medium,23
USR00728,29,Female,Nigeria,Teacher,TikTok,4,3.5,4,52.5,Smartphone,Night (9pm-12am),2110323,1219,2,23,2,2,6,Memes,Medium,0.161,Yes,3.11,Socializing,Moderate impact,6.0,Yes,Always On,Private,Yes,2023-11-18,Inspired,Yes,25-34,900,Medium,27
USR00729,22,Female,India,Entrepreneur,Instagram,3,1.1,5,13.2,Smartphone,Afternoon (12-4pm),4161,21,3,14,3,2,11,Videos,Medium,0.118,No,0.0,Business/Marketing,Mild impact,4.2,Somewhat,Always On,Friends Only,No,2024-05-29,Relaxed,Yes,18-24,707,Medium,19
USR00730,20,Male,Canada,Other,YouTube,4,4.4,2,132.0,Smart TV,Afternoon (12-4pm),3133,700,2,17,4,3,4,Photos,Fast,0.159,Yes,35.82,Networking,No impact,4.9,No,Always On,Friends Only,No,2023-07-12,Inspired,No,18-24,1029,Medium,24
USR00731,28,Female,Canada,Designer,Twitter/X,4,6.5,4,97.5,Smartphone,Evening (6-9pm),216,116,4,17,3,4,9,Reels/Shorts,Slow,0.28,Sometimes,39.48,Networking,Moderate impact,8.1,No,Off,Friends Only,No,2024-12-08,Bored,Occasionally,25-34,514,High,24
USR00732,19,Female,Nigeria,Entrepreneur,Facebook,4,3.8,7,32.6,Smartphone,Late Night (12am+),11217,99,3,13,4,1,1,Photos,Fast,0.223,Sometimes,39.99,Socializing,Moderate impact,5.3,Yes,Off,Friends Only,Yes,2022-05-11,Stressed,Occasionally,18-24,1456,Medium,18
USR00733,30,Male,UK,Student,LinkedIn,3,0.9,5,10.8,Smartphone,Evening (6-9pm),4812,334,2,18,6,1,7,Photos,Medium,0.28,Yes,11.24,Business/Marketing,No impact,5.2,Somewhat,Always On,Friends Only,No,2023-06-23,Neutral,Yes,25-34,1048,Medium,25
USR00734,13,Female,India,Engineer,Instagram,5,2.3,6,23.0,Laptop,Late Night (12am+),19671,40,3,23,3,0,12,Photos,Medium,0.082,Sometimes,20.48,Learning,No impact,8.3,Somewhat,Do Not Disturb,Friends Only,Yes,2022-06-07,Happy,Yes,Under 18,1429,High,26
USR00735,35,Male,Pakistan,Doctor,Facebook,3,4.1,4,61.5,Smartphone,Morning (6-10am),18026,91,2,25,5,0,8,Memes,Medium,0.167,No,0.0,Learning,Moderate impact,4.1,No,Always On,Public,Yes,2024-10-13,Happy,Occasionally,35-44,570,Medium,30
USR00736,30,Male,UAE,Designer,Facebook,3,2.2,9,14.7,Laptop,Afternoon (12-4pm),46,88,3,21,5,2,9,Memes,Fast,0.142,No,0.0,Entertainment,Mild impact,8.9,Yes,Selected,Public,No,2024-07-21,Bored,Occasionally,25-34,654,High,28
USR00737,29,Male,India,Researcher,Twitter/X,5,1.2,2,36.0,Smartphone,Afternoon (12-4pm),90,187,2,18,2,2,5,Stories,Slow,0.017,Sometimes,26.25,Networking,Mild impact,9.0,Yes,Selected,Friends Only,No,2024-11-12,Happy,Yes,25-34,540,High,22
USR00738,34,Female,Pakistan,Researcher,Instagram,2,5.4,6,54.0,Smartphone,Evening (6-9pm),109,93,3,24,3,0,4,Memes,Medium,0.06,Sometimes,13.65,Learning,Mild impact,4.4,No,Selected,Friends Only,No,2024-01-08,Inspired,No,25-34,849,Medium,27
USR00739,40,Male,Pakistan,Other,TikTok,5,2.1,4,31.5,Smartphone,Evening (6-9pm),121,1671,4,16,4,3,3,Reels/Shorts,Fast,0.036,Sometimes,50.48,Entertainment,Mild impact,7.9,Yes,Always On,Friends Only,No,2022-04-24,Relaxed,Occasionally,35-44,1473,High,23
USR00740,35,Female,Nigeria,Other,TikTok,3,6.5,3,130.0,Smartphone,Morning (6-10am),1190,2114,2,21,5,2,5,Reels/Shorts,Medium,0.058,Sometimes,21.32,Socializing,Mild impact,2.3,Yes,Do Not Disturb,Friends Only,No,2024-10-20,Stressed,Yes,35-44,563,Low,28
USR00741,13,Male,USA,Researcher,Facebook,3,1.8,6,18.0,Smartphone,Night (9pm-12am),239,21,0,20,3,1,6,Photos,Medium,0.195,Sometimes,14.69,News & Updates,No impact,6.4,Yes,Selected,Public,No,2022-12-08,Stressed,Occasionally,Under 18,1245,Medium,24
USR00742,16,Male,USA,Freelancer,Snapchat,5,2.0,7,17.1,Desktop,Night (9pm-12am),27741,470,0,20,4,5,6,Reels/Shorts,Medium,0.124,No,0.0,Networking,Moderate impact,4.4,Yes,Off,Public,Yes,2024-01-24,Neutral,No,Under 18,833,Medium,29
USR00743,22,Female,Pakistan,Entrepreneur,TikTok,1,1.7,8,12.8,Laptop,Evening (6-9pm),20504,685,1,30,5,2,4,Photos,Slow,0.359,No,0.0,News & Updates,Mild impact,7.1,Somewhat,Selected,Friends Only,Yes,2022-11-19,Stressed,Occasionally,18-24,1264,High,37
USR00744,27,Male,Nigeria,Other,Facebook,5,2.3,9,15.3,Smartphone,Morning (6-10am),657,469,2,18,8,1,8,News,Fast,0.078,Yes,28.73,Learning,Moderate impact,6.8,Somewhat,Selected,Friends Only,No,2023-06-07,Neutral,No,25-34,1064,Medium,27
USR00745,31,Male,Australia,Student,TikTok,4,3.5,5,42.0,Smartphone,Evening (6-9pm),22462,111,1,27,2,3,8,Photos,Medium,0.112,Yes,53.55,Socializing,Severe impact,5.7,Yes,Selected,Public,Yes,2022-07-30,Inspired,Occasionally,25-34,1376,Medium,32
USR00746,21,Female,Pakistan,Freelancer,LinkedIn,5,1.2,4,18.0,Smartphone,Morning (6-10am),9687,182,1,19,1,5,6,Educational,Medium,0.074,No,0.0,Socializing,No impact,4.2,No,Always On,Friends Only,No,2022-08-25,Neutral,Yes,18-24,1350,Medium,25
USR00747,28,Female,Australia,Other,YouTube,1,1.0,3,20.0,Laptop,Late Night (12am+),295,99,4,20,3,2,9,Educational,Medium,0.073,No,0.0,Business/Marketing,Moderate impact,7.9,Yes,Always On,Public,No,2023-04-13,Relaxed,Yes,25-34,1119,High,25
USR00748,20,Male,Pakistan,Doctor,Twitter/X,4,0.6,7,5.1,Smartphone,Evening (6-9pm),17,147,0,29,5,1,7,Stories,Slow,0.018,Yes,33.53,News & Updates,Severe impact,6.1,Somewhat,Do Not Disturb,Public,No,2024-11-08,Neutral,Yes,18-24,544,Medium,35
USR00749,22,Male,Germany,Student,Twitter/X,3,0.5,4,7.5,Smartphone,Night (9pm-12am),449,57,3,21,5,2,9,Videos,Medium,0.3,No,0.0,Entertainment,Moderate impact,4.9,No,Always On,Friends Only,No,2022-01-06,Neutral,Occasionally,18-24,1581,Medium,28
USR00750,15,Male,India,Doctor,TikTok,2,0.9,8,6.8,Smartphone,Morning (6-10am),208,213,3,17,2,3,9,News,Fast,0.037,Yes,13.95,Entertainment,No impact,5.3,No,Selected,Friends Only,No,2022-04-01,Relaxed,Yes,Under 18,1496,Medium,22
USR00751,19,Male,Canada,Marketer,TikTok,5,1.8,8,13.5,Smartphone,Evening (6-9pm),964,40,1,24,5,1,6,News,Medium,0.089,Sometimes,22.75,Learning,Moderate impact,6.0,Yes,Off,Private,No,2022-01-26,Relaxed,No,18-24,1561,Medium,30
USR00752,16,Male,UAE,Engineer,Pinterest,5,2.9,1,174.0,Laptop,Late Night (12am+),781,192,2,15,7,1,8,Videos,Medium,0.03,Sometimes,33.73,News & Updates,Moderate impact,6.0,No,Always On,Public,No,2023-05-16,Stressed,Occasionally,Under 18,1086,Medium,23
USR00753,19,Female,Pakistan,Student,TikTok,5,3.4,5,40.8,Smartphone,Evening (6-9pm),745,54,2,18,5,0,8,Reels/Shorts,Fast,0.108,No,0.0,Socializing,Mild impact,6.8,No,Selected,Friends Only,No,2022-04-05,Happy,Yes,18-24,1492,Medium,23
USR00754,35,Male,UK,Doctor,Twitter/X,5,2.8,4,42.0,Smartphone,Morning (6-10am),1707,313,0,26,3,3,7,Stories,Medium,0.219,No,0.0,Learning,Mild impact,7.9,No,Selected,Public,No,2024-08-24,Stressed,Yes,35-44,620,High,32
USR00755,19,Male,USA,Entrepreneur,Pinterest,1,6.1,3,122.0,Smartphone,Night (9pm-12am),74,108,3,25,7,1,8,Educational,Fast,0.044,Sometimes,9.84,News & Updates,Moderate impact,8.1,Yes,Off,Public,No,2024-01-16,Stressed,No,18-24,841,High,33
USR00756,48,Male,Germany,Marketer,Facebook,4,7.3,2,219.0,Desktop,Night (9pm-12am),1394,346,3,20,2,2,7,Memes,Slow,0.122,Sometimes,4.29,Entertainment,No impact,5.8,Yes,Do Not Disturb,Friends Only,No,2024-02-24,Stressed,Occasionally,45+,802,Medium,24
USR00757,30,Female,India,Entrepreneur,Twitter/X,1,2.1,8,15.8,Desktop,Afternoon (12-4pm),301,895,3,29,3,2,7,Memes,Fast,0.085,Sometimes,3.61,Entertainment,Severe impact,7.0,Yes,Always On,Private,No,2022-11-04,Relaxed,No,25-34,1279,Medium,34
USR00758,28,Female,Canada,Teacher,TikTok,2,1.2,8,9.0,Laptop,Night (9pm-12am),953,1648,3,21,2,2,7,Educational,Medium,0.159,No,0.0,Business/Marketing,Severe impact,5.8,Yes,Always On,Public,No,2023-01-02,Bored,No,25-34,1220,Medium,25
USR00759,20,Male,Pakistan,Marketer,Instagram,1,8.6,3,172.0,Tablet,Night (9pm-12am),3726,11,1,25,3,3,8,Videos,Medium,0.138,Yes,13.52,Socializing,Mild impact,8.4,Yes,Always On,Public,No,2022-03-14,Neutral,Yes,18-24,1514,High,31
USR00760,32,Male,UAE,Researcher,TikTok,5,5.3,4,79.5,Smartphone,Night (9pm-12am),73,89,3,21,5,2,7,Memes,Fast,0.349,No,0.0,Networking,Moderate impact,6.0,Yes,Always On,Private,No,2024-05-08,Relaxed,Yes,25-34,728,Medium,28
USR00761,22,Female,Australia,Other,YouTube,2,5.1,12,25.5,Smartphone,Evening (6-9pm),400,170,4,29,2,2,12,News,Slow,0.196,Sometimes,21.44,Entertainment,Mild impact,6.4,Somewhat,Always On,Friends Only,No,2023-04-05,Relaxed,Occasionally,18-24,1127,Medium,33
USR00762,27,Female,UK,Engineer,Facebook,2,1.7,3,34.0,Laptop,Afternoon (12-4pm),537,425,2,16,2,4,9,Entertainment,Slow,0.055,No,0.0,Entertainment,No impact,6.2,No,Always On,Public,No,2023-10-22,Neutral,Occasionally,25-34,927,Medium,22
USR00763,47,Female,USA,Entrepreneur,YouTube,2,4.4,3,88.0,Smartphone,Late Night (12am+),263,33,2,14,2,0,7,Entertainment,Medium,0.124,Sometimes,0.68,Socializing,Severe impact,7.0,Somewhat,Selected,Friends Only,No,2023-05-24,Happy,No,45+,1078,Medium,16
USR00764,26,Male,Australia,Teacher,Instagram,3,2.9,4,43.5,Smartphone,Night (9pm-12am),3359,75,7,17,5,2,8,Reels/Shorts,Medium,0.087,Yes,3.34,Socializing,No impact,7.3,Yes,Off,Private,No,2024-05-02,Bored,Occasionally,25-34,734,High,24
USR00765,36,Female,USA,Entrepreneur,Twitter/X,1,2.5,3,50.0,Smartphone,Evening (6-9pm),181,286,1,22,5,1,7,Videos,Medium,0.022,Yes,9.97,Networking,No impact,8.7,Somewhat,Do Not Disturb,Friends Only,No,2023-10-18,Neutral,Yes,35-44,931,High,28
USR00766,21,Female,UK,Freelancer,LinkedIn,2,2.5,4,37.5,Smartphone,Evening (6-9pm),244,270,10,35,2,2,9,Photos,Medium,0.048,Sometimes,1.39,Networking,Moderate impact,8.4,Somewhat,Always On,Friends Only,No,2023-07-10,Neutral,Yes,18-24,1031,High,39
USR00767,26,Male,USA,Designer,Twitter/X,4,3.6,6,36.0,Smart TV,Afternoon (12-4pm),185,384,1,18,7,3,7,Videos,Fast,0.115,No,0.0,Learning,No impact,6.3,No,Do Not Disturb,Private,No,2022-06-09,Happy,Yes,25-34,1427,Medium,28
USR00768,41,Male,Canada,Engineer,Facebook,2,6.2,4,93.0,Smartphone,Late Night (12am+),4749,416,0,22,7,4,11,Videos,Fast,0.177,No,0.0,Business/Marketing,Moderate impact,6.1,No,Off,Public,No,2024-02-03,Bored,Yes,35-44,823,Medium,33
USR00769,21,Female,Germany,Engineer,Instagram,4,9.0,3,180.0,Smartphone,Late Night (12am+),274,367,3,19,3,0,5,Stories,Fast,0.094,No,0.0,Entertainment,Severe impact,5.8,No,Do Not Disturb,Public,No,2022-09-02,Inspired,Occasionally,18-24,1342,Medium,22
USR00770,41,Male,UAE,Designer,Pinterest,1,1.9,8,14.2,Laptop,Morning (6-10am),1522,308,3,19,6,1,9,Educational,Medium,0.235,Sometimes,31.43,Business/Marketing,Mild impact,8.0,Yes,Selected,Friends Only,No,2024-10-25,Neutral,Yes,35-44,558,High,26
USR00771,32,Female,USA,Marketer,Facebook,4,3.0,2,90.0,Smartphone,Night (9pm-12am),23301,261,3,13,4,1,6,Videos,Medium,0.092,Sometimes,29.62,Socializing,No impact,6.6,Yes,Always On,Public,Yes,2022-04-18,Bored,Yes,25-34,1479,Medium,18
USR00772,22,Male,USA,Researcher,TikTok,1,2.4,3,48.0,Smartphone,Afternoon (12-4pm),581,543,3,15,4,1,8,Memes,Fast,0.019,Yes,34.5,Business/Marketing,No impact,10.0,Yes,Do Not Disturb,Friends Only,No,2023-01-03,Neutral,No,18-24,1219,High,20
USR00773,32,Female,Pakistan,Entrepreneur,Instagram,1,3.4,7,29.1,Smartphone,Evening (6-9pm),4923,16,4,19,9,4,8,Memes,Slow,0.055,No,0.0,Learning,Severe impact,6.1,Somewhat,Do Not Disturb,Friends Only,No,2023-04-03,Happy,No,25-34,1129,Medium,32
USR00774,34,Male,USA,Freelancer,Twitter/X,5,2.2,3,44.0,Smartphone,Morning (6-10am),13472,1561,1,22,7,3,7,Videos,Fast,0.257,Sometimes,64.76,News & Updates,Mild impact,8.9,No,Always On,Public,Yes,2024-11-22,Bored,Occasionally,25-34,530,High,32
USR00775,31,Male,USA,Entrepreneur,Twitter/X,5,1.6,7,13.7,Smartphone,Night (9pm-12am),4225,17,3,32,5,2,7,News,Medium,0.107,Sometimes,14.49,Business/Marketing,Mild impact,9.0,Yes,Always On,Private,No,2022-04-05,Inspired,No,25-34,1492,High,39
USR00776,14,Male,India,Doctor,Instagram,3,2.0,5,24.0,Smartphone,Night (9pm-12am),645,67,5,22,3,3,5,Photos,Fast,0.356,Sometimes,18.85,Entertainment,No impact,8.9,No,Selected,Public,No,2024-04-01,Happy,No,Under 18,765,High,28
USR00777,21,Female,Canada,Teacher,Pinterest,5,1.7,2,51.0,Smartphone,Morning (6-10am),2112,186,2,25,6,3,8,Educational,Fast,0.146,Yes,57.89,Learning,Severe impact,5.6,Yes,Do Not Disturb,Friends Only,No,2022-05-22,Bored,Occasionally,18-24,1445,Medium,34
USR00778,25,Male,Pakistan,Designer,LinkedIn,4,2.3,9,15.3,Smartphone,Morning (6-10am),65,548,3,18,4,3,4,Reels/Shorts,Medium,0.342,Yes,8.28,Learning,Mild impact,6.0,Yes,Always On,Friends Only,No,2024-08-10,Stressed,Occasionally,25-34,634,Medium,25
USR00779,26,Male,UK,Entrepreneur,Twitter/X,2,0.9,4,13.5,Smartphone,Evening (6-9pm),163,6,2,21,1,4,13,Entertainment,Slow,0.008,No,0.0,News & Updates,Mild impact,5.9,Somewhat,Off,Public,No,2023-08-02,Relaxed,No,25-34,1008,Medium,26
USR00780,31,Prefer not to say,UAE,Doctor,Instagram,1,1.8,3,36.0,Desktop,Afternoon (12-4pm),223,236,1,13,3,3,8,Stories,Fast,0.106,No,0.0,Business/Marketing,Mild impact,8.9,Somewhat,Always On,Friends Only,No,2023-09-29,Inspired,No,25-34,950,High,19
USR00781,28,Female,UK,Engineer,Snapchat,5,3.4,1,204.0,Smartphone,Night (9pm-12am),37537,633,2,21,1,3,14,Entertainment,Medium,0.071,Yes,20.35,Networking,Moderate impact,5.4,Yes,Selected,Friends Only,Yes,2023-11-02,Inspired,Yes,25-34,916,Medium,25
USR00782,16,Prefer not to say,India,Student,Twitter/X,1,3.4,2,102.0,Laptop,Night (9pm-12am),154,807,5,13,2,3,7,Memes,Medium,0.196,Sometimes,25.23,Entertainment,No impact,5.2,No,Always On,Private,No,2022-06-26,Happy,No,Under 18,1410,Medium,18
USR00783,30,Male,USA,Designer,YouTube,4,3.1,6,31.0,Tablet,Night (9pm-12am),149,105,3,16,5,3,11,Stories,Fast,0.087,Yes,20.14,Business/Marketing,Severe impact,7.4,Yes,Always On,Friends Only,No,2024-07-24,Bored,No,25-34,651,High,24
USR00784,31,Male,Brazil,Student,Twitter/X,5,5.9,10,35.4,Smartphone,Morning (6-10am),101,170,1,23,9,0,6,Educational,Fast,0.09,No,0.0,Business/Marketing,No impact,3.8,No,Always On,Public,No,2022-01-17,Stressed,Occasionally,25-34,1570,Low,32
USR00785,31,Male,USA,Engineer,TikTok,5,3.5,6,35.0,Smartphone,Morning (6-10am),1821,116,1,14,4,3,6,Memes,Medium,0.099,Sometimes,9.6,Business/Marketing,No impact,7.6,No,Selected,Friends Only,No,2024-01-26,Inspired,No,25-34,831,High,21
USR00786,35,Female,Pakistan,Researcher,Snapchat,2,5.8,6,58.0,Smartphone,Night (9pm-12am),859,152,5,15,3,4,5,Videos,Slow,0.099,Sometimes,12.62,Entertainment,No impact,4.1,Yes,Off,Public,No,2023-02-15,Relaxed,No,35-44,1176,Medium,22
USR00787,33,Male,Pakistan,Other,Pinterest,2,9.0,2,270.0,Smartphone,Night (9pm-12am),4703,70,2,15,4,0,8,Photos,Slow,0.11,No,0.0,Business/Marketing,No impact,5.5,No,Always On,Public,No,2023-08-21,Relaxed,Occasionally,25-34,989,Medium,19
USR00788,30,Male,Brazil,Designer,TikTok,5,4.5,4,67.5,Smartphone,Evening (6-9pm),2226,84,3,23,5,2,8,Reels/Shorts,Medium,0.096,Sometimes,78.48,Learning,Mild impact,8.3,Yes,Selected,Public,No,2023-09-15,Stressed,Yes,25-34,964,High,30
USR00789,26,Female,Australia,Entrepreneur,Twitter/X,1,0.9,5,10.8,Smartphone,Afternoon (12-4pm),55,412,5,12,4,2,9,Videos,Medium,0.04,Yes,15.54,Business/Marketing,No impact,5.2,Somewhat,Selected,Private,No,2023-05-12,Happy,No,25-34,1090,Medium,18
USR00790,13,Female,UK,Marketer,TikTok,4,3.2,8,24.0,Laptop,Evening (6-9pm),155,286,0,24,6,4,6,News,Medium,0.32,Sometimes,28.93,Business/Marketing,No impact,6.8,Yes,Off,Friends Only,No,2024-08-08,Bored,No,Under 18,636,Medium,34
USR00791,30,Male,India,Designer,LinkedIn,4,2.9,5,34.8,Smartphone,Night (9pm-12am),7766,441,5,20,4,1,9,Memes,Medium,0.019,Yes,3.24,Business/Marketing,Severe impact,8.4,Yes,Always On,Friends Only,No,2024-01-25,Relaxed,Yes,25-34,832,High,25
USR00792,28,Male,Pakistan,Researcher,Twitter/X,2,6.5,3,130.0,Smartphone,Evening (6-9pm),461,316,3,15,3,1,5,Photos,Medium,0.144,Yes,16.98,Business/Marketing,Severe impact,4.2,Somewhat,Selected,Friends Only,No,2024-10-07,Relaxed,Occasionally,25-34,576,Medium,19
USR00793,29,Non-binary,Pakistan,Doctor,Snapchat,1,2.4,1,144.0,Laptop,Night (9pm-12am),5640,569,1,22,7,2,8,Reels/Shorts,Medium,0.179,No,0.0,Business/Marketing,Mild impact,6.5,Yes,Always On,Private,No,2023-02-05,Neutral,Occasionally,25-34,1186,Medium,31
USR00794,16,Female,Pakistan,Student,Snapchat,1,1.4,7,12.0,Smartphone,Night (9pm-12am),508,701,2,13,5,2,9,Memes,Fast,0.082,Yes,24.46,Entertainment,Mild impact,7.4,No,Off,Private,No,2023-05-18,Stressed,Occasionally,Under 18,1084,High,20
USR00795,18,Female,Pakistan,Teacher,TikTok,3,1.8,7,15.4,Smartphone,Morning (6-10am),116,30,3,19,2,1,9,News,Medium,0.258,No,0.0,Business/Marketing,No impact,3.6,Yes,Selected,Public,No,2022-11-05,Neutral,Occasionally,18-24,1278,Low,22
USR00796,35,Female,USA,Marketer,YouTube,3,1.0,4,15.0,Smartphone,Morning (6-10am),385,87,4,17,4,0,6,News,Fast,0.071,Yes,37.85,Learning,Moderate impact,4.3,Yes,Selected,Public,No,2022-01-14,Bored,Occasionally,35-44,1573,Medium,21
USR00797,26,Male,Pakistan,Teacher,TikTok,3,0.5,4,7.5,Laptop,Night (9pm-12am),116,185,4,17,3,0,11,Stories,Fast,0.118,No,0.0,Business/Marketing,No impact,9.1,Somewhat,Always On,Public,No,2024-04-19,Relaxed,Yes,25-34,747,High,20
USR00798,32,Female,UAE,Student,LinkedIn,4,8.2,4,123.0,Smartphone,Afternoon (12-4pm),240,238,3,25,2,1,7,Reels/Shorts,Medium,0.073,No,0.0,Learning,Mild impact,4.1,Yes,Always On,Friends Only,No,2022-02-18,Neutral,Yes,25-34,1538,Medium,28
USR00799,27,Male,UK,Entrepreneur,Twitter/X,4,2.6,9,17.3,Laptop,Night (9pm-12am),954,109,2,27,6,2,9,Reels/Shorts,Medium,0.284,Yes,17.15,Entertainment,No impact,5.6,No,Do Not Disturb,Public,No,2023-04-23,Relaxed,Occasionally,25-34,1109,Medium,35
USR00800,27,Male,India,Doctor,Snapchat,5,1.0,1,60.0,Smartphone,Morning (6-10am),1670,731,1,23,3,2,8,Stories,Fast,0.022,Sometimes,51.86,Entertainment,Moderate impact,2.6,Somewhat,Selected,Private,No,2023-12-11,Neutral,No,25-34,877,Low,28
USR00801,34,Male,India,Entrepreneur,TikTok,5,6.9,3,138.0,Laptop,Morning (6-10am),38,2633,6,17,2,1,10,News,Fast,0.164,No,0.0,Learning,Mild impact,4.8,No,Always On,Private,No,2022-01-20,Bored,Yes,25-34,1567,Medium,20
USR00802,22,Male,Pakistan,Freelancer,TikTok,4,7.6,4,114.0,Smartphone,Late Night (12am+),644,305,5,18,3,1,7,Photos,Fast,0.311,No,0.0,News & Updates,Mild impact,7.6,No,Selected,Public,No,2023-11-18,Stressed,Yes,18-24,900,High,22
USR00803,27,Female,UK,Marketer,Facebook,1,2.9,3,58.0,Smartphone,Morning (6-10am),231,270,0,23,5,4,2,News,Medium,0.291,No,0.0,News & Updates,No impact,7.9,Somewhat,Off,Public,No,2022-01-03,Bored,No,25-34,1584,High,32
USR00804,23,Male,Pakistan,Teacher,Pinterest,1,0.9,3,18.0,Laptop,Night (9pm-12am),207,678,1,16,5,1,11,Memes,Medium,0.357,Yes,4.11,Socializing,Moderate impact,7.6,Yes,Always On,Public,No,2024-02-10,Neutral,Occasionally,18-24,816,High,22
USR00805,23,Female,UAE,Student,Twitter/X,2,1.9,8,14.2,Tablet,Afternoon (12-4pm),844,26,3,24,7,3,11,Reels/Shorts,Fast,0.017,No,0.0,Business/Marketing,No impact,6.1,No,Off,Friends Only,No,2023-09-22,Stressed,Occasionally,18-24,957,Medium,34
USR00806,24,Male,Pakistan,Researcher,Instagram,3,2.2,11,12.0,Laptop,Morning (6-10am),246,253,5,22,3,4,4,Photos,Fast,0.182,Sometimes,6.45,Socializing,No impact,4.3,Yes,Do Not Disturb,Private,No,2022-08-01,Inspired,No,18-24,1374,Medium,29
USR00807,28,Female,India,Researcher,Twitter/X,2,2.7,4,40.5,Smartphone,Morning (6-10am),8005,792,1,19,0,1,9,Educational,Medium,0.086,Sometimes,51.83,Entertainment,No impact,6.9,Yes,Always On,Friends Only,No,2023-02-25,Neutral,No,25-34,1166,Medium,20
USR00808,23,Female,USA,Designer,TikTok,4,1.1,2,33.0,Smartphone,Afternoon (12-4pm),5644,113,3,24,3,0,9,Videos,Medium,0.217,Sometimes,29.27,Business/Marketing,Mild impact,5.4,Somewhat,Do Not Disturb,Friends Only,No,2024-12-21,Stressed,Occasionally,18-24,501,Medium,27
USR00809,37,Male,Pakistan,Other,Twitter/X,1,4.7,3,94.0,Laptop,Evening (6-9pm),5581,56,5,25,0,2,6,Educational,Slow,0.117,Yes,159.5,Entertainment,Mild impact,3.3,Yes,Do Not Disturb,Public,No,2023-05-03,Happy,Yes,35-44,1099,Low,27
USR00810,19,Female,Australia,Engineer,Twitter/X,1,0.5,4,7.5,Smart TV,Evening (6-9pm),272,195,1,16,5,0,10,Educational,Medium,0.216,Yes,39.73,Socializing,No impact,6.3,No,Selected,Private,No,2024-05-09,Happy,Occasionally,18-24,727,Medium,21
USR00811,25,Male,India,Other,Twitter/X,5,5.2,2,156.0,Smartphone,Afternoon (12-4pm),117,227,3,23,4,0,6,Photos,Medium,0.108,Yes,2.78,Entertainment,Mild impact,8.5,Yes,Do Not Disturb,Public,No,2024-10-04,Stressed,Occasionally,25-34,579,High,27
USR00812,23,Female,UK,Doctor,TikTok,1,5.9,7,50.6,Laptop,Late Night (12am+),770,82,2,19,5,3,8,Entertainment,Medium,0.187,Yes,11.89,Socializing,Mild impact,8.2,Somewhat,Always On,Private,No,2022-05-03,Happy,Yes,18-24,1464,High,27
USR00813,38,Female,USA,Other,Instagram,4,2.0,2,60.0,Smartphone,Evening (6-9pm),507,3027,5,21,7,3,8,Stories,Slow,0.049,No,0.0,Learning,Mild impact,8.3,Yes,Do Not Disturb,Friends Only,No,2022-10-19,Inspired,No,35-44,1295,High,31
USR00814,28,Male,UAE,Entrepreneur,Facebook,3,2.5,11,13.6,Smartphone,Afternoon (12-4pm),222,137,4,18,5,0,5,Photos,Slow,0.193,Yes,139.38,News & Updates,Moderate impact,6.7,Somewhat,Selected,Friends Only,No,2023-07-28,Happy,No,25-34,1013,Medium,23
USR00815,35,Male,UAE,Entrepreneur,Facebook,2,6.3,5,75.6,Tablet,Afternoon (12-4pm),80,61,1,18,9,4,4,Educational,Fast,0.125,No,0.0,Socializing,No impact,4.5,No,Always On,Friends Only,No,2022-07-10,Neutral,No,35-44,1396,Medium,31
USR00816,15,Male,India,Engineer,TikTok,1,4.0,5,48.0,Smartphone,Night (9pm-12am),617,218,6,15,3,2,6,Educational,Slow,0.094,Yes,23.85,Business/Marketing,Mild impact,7.3,Yes,Selected,Public,No,2022-03-31,Happy,Yes,Under 18,1497,High,20
USR00817,29,Female,Nigeria,Entrepreneur,YouTube,1,2.1,4,31.5,Tablet,Night (9pm-12am),321,727,2,18,2,1,13,Educational,Fast,0.152,Sometimes,16.17,Business/Marketing,No impact,6.5,No,Selected,Private,No,2023-04-20,Stressed,Occasionally,25-34,1112,Medium,21
USR00818,34,Female,Australia,Teacher,Instagram,4,2.2,4,33.0,Smartphone,Morning (6-10am),2296,249,2,22,3,1,9,Videos,Medium,0.061,Sometimes,8.24,Learning,Moderate impact,5.7,Somewhat,Always On,Private,No,2024-11-30,Neutral,No,25-34,522,Medium,26
USR00819,27,Male,India,Marketer,YouTube,4,3.6,4,54.0,Smartphone,Afternoon (12-4pm),2202,438,4,19,7,0,4,Stories,Fast,0.027,Sometimes,16.07,Networking,Mild impact,7.4,No,Always On,Public,No,2024-04-25,Stressed,Occasionally,25-34,741,High,26
USR00820,35,Female,India,Researcher,YouTube,4,7.7,3,154.0,Smartphone,Morning (6-10am),4824,85,1,16,1,2,11,Reels/Shorts,Fast,0.07,Sometimes,19.56,Entertainment,Moderate impact,7.0,Yes,Selected,Public,No,2024-02-02,Bored,Yes,35-44,824,Medium,19
USR00821,22,Male,Canada,Marketer,YouTube,5,2.3,5,27.6,Laptop,Afternoon (12-4pm),68,1458,3,17,8,2,18,News,Fast,0.245,Sometimes,38.47,Socializing,Mild impact,5.1,No,Selected,Friends Only,No,2024-07-27,Relaxed,No,18-24,648,Medium,27
USR00822,38,Male,UAE,Doctor,TikTok,1,2.0,9,13.3,Smartphone,Afternoon (12-4pm),1369,480,3,19,4,2,9,Photos,Fast,0.248,Yes,24.44,Business/Marketing,No impact,5.0,Yes,Do Not Disturb,Friends Only,No,2022-06-23,Stressed,Yes,35-44,1413,Medium,25
USR00823,45,Male,Australia,Researcher,Facebook,2,2.7,5,32.4,Smartphone,Morning (6-10am),179,860,3,19,1,4,8,News,Medium,0.127,Yes,62.03,Entertainment,Mild impact,4.1,Somewhat,Selected,Public,No,2022-07-15,Happy,Occasionally,45+,1391,Medium,24
USR00824,24,Female,Pakistan,Designer,Snapchat,2,2.7,2,81.0,Smartphone,Evening (6-9pm),73,379,3,16,5,0,7,Photos,Fast,0.051,No,0.0,Socializing,No impact,6.7,Yes,Do Not Disturb,Friends Only,No,2024-11-01,Stressed,Occasionally,18-24,551,Medium,21
USR00825,23,Female,UK,Designer,Pinterest,2,3.2,6,32.0,Smartphone,Late Night (12am+),307,658,4,20,4,3,13,Entertainment,Medium,0.021,No,0.0,Socializing,Mild impact,7.8,No,Selected,Public,No,2022-10-01,Relaxed,No,18-24,1313,High,27
USR00826,38,Female,Pakistan,Doctor,Twitter/X,5,2.5,7,21.4,Smartphone,Night (9pm-12am),4553,85,4,11,2,2,7,Entertainment,Fast,0.082,No,0.0,News & Updates,Moderate impact,5.1,No,Always On,Private,No,2024-03-18,Bored,Yes,35-44,779,Medium,15
USR00827,39,Male,Pakistan,Researcher,Instagram,3,5.4,5,64.8,Smartphone,Night (9pm-12am),340,135,3,20,7,0,7,Videos,Medium,0.031,Sometimes,45.47,Entertainment,Mild impact,4.3,Yes,Selected,Private,No,2022-06-03,Bored,No,35-44,1433,Medium,27
USR00828,22,Female,Pakistan,Entrepreneur,Twitter/X,5,1.3,7,11.1,Smartphone,Morning (6-10am),11134,1231,3,26,6,2,6,Videos,Slow,0.042,Yes,61.25,Entertainment,Mild impact,7.1,Yes,Do Not Disturb,Public,Yes,2022-05-08,Happy,Yes,18-24,1459,High,34
USR00829,23,Female,USA,Engineer,Facebook,1,3.4,7,29.1,Smartphone,Afternoon (12-4pm),1786,1590,4,18,3,1,4,Stories,Fast,0.131,No,0.0,News & Updates,No impact,9.0,No,Selected,Private,No,2024-06-09,Bored,No,18-24,696,High,22
USR00830,24,Male,Canada,Designer,Snapchat,5,3.5,8,26.2,Smartphone,Afternoon (12-4pm),327,61,3,20,6,4,10,Stories,Fast,0.194,Yes,37.55,News & Updates,No impact,9.8,No,Do Not Disturb,Public,No,2022-09-25,Stressed,No,18-24,1319,High,30
USR00831,16,Male,Australia,Entrepreneur,Snapchat,4,1.4,7,12.0,Smartphone,Late Night (12am+),5367,330,2,22,4,0,11,Photos,Slow,0.033,Sometimes,59.85,Networking,Mild impact,8.9,Somewhat,Do Not Disturb,Private,No,2023-04-30,Stressed,Occasionally,Under 18,1102,High,26
USR00832,19,Non-binary,Nigeria,Teacher,Twitter/X,2,3.4,3,68.0,Tablet,Afternoon (12-4pm),1482,145,3,17,9,2,9,Photos,Fast,0.15,Yes,47.17,Socializing,No impact,6.1,Yes,Selected,Friends Only,No,2023-08-21,Neutral,Occasionally,18-24,989,Medium,28
USR00833,18,Male,UAE,Other,Twitter/X,1,3.6,4,54.0,Tablet,Evening (6-9pm),124,106,3,24,4,0,6,Memes,Slow,0.356,No,0.0,News & Updates,Severe impact,4.6,Yes,Always On,Friends Only,No,2023-06-19,Bored,No,18-24,1052,Medium,28
USR00834,20,Male,USA,Student,Twitter/X,1,0.5,4,7.5,Desktop,Evening (6-9pm),18879,344,2,25,3,2,7,Educational,Slow,0.163,No,0.0,News & Updates,Moderate impact,7.3,Somewhat,Do Not Disturb,Private,Yes,2023-10-08,Relaxed,Occasionally,18-24,941,High,30
USR00835,26,Female,UAE,Engineer,YouTube,1,1.2,3,24.0,Desktop,Evening (6-9pm),1061,962,3,22,1,2,11,Memes,Fast,0.116,No,0.0,Learning,Severe impact,6.1,Yes,Do Not Disturb,Friends Only,No,2024-03-15,Neutral,Yes,25-34,782,Medium,25
USR00836,28,Female,Nigeria,Engineer,TikTok,1,6.7,7,57.4,Tablet,Evening (6-9pm),688,420,3,17,3,2,6,Entertainment,Medium,0.024,Yes,23.51,Learning,Severe impact,5.8,No,Do Not Disturb,Private,No,2023-10-31,Neutral,Occasionally,25-34,918,Medium,22
USR00837,39,Male,USA,Researcher,Facebook,3,1.7,7,14.6,Laptop,Afternoon (12-4pm),142,166,4,25,4,4,8,Educational,Slow,0.029,Sometimes,71.24,Entertainment,Moderate impact,9.6,Yes,Do Not Disturb,Private,No,2023-10-14,Inspired,Yes,35-44,935,High,33
USR00838,19,Female,UAE,Engineer,Instagram,5,1.0,3,20.0,Tablet,Evening (6-9pm),5558,453,7,24,4,1,7,News,Fast,0.227,No,0.0,Networking,Moderate impact,8.7,Somewhat,Always On,Friends Only,No,2024-07-16,Neutral,Occasionally,18-24,659,High,29
USR00839,34,Male,Canada,Freelancer,Twitter/X,1,0.5,7,4.3,Smartphone,Night (9pm-12am),1687,158,3,18,2,2,8,Photos,Medium,0.044,No,0.0,Business/Marketing,Mild impact,7.3,Yes,Selected,Friends Only,No,2023-07-11,Stressed,Occasionally,25-34,1030,High,22
USR00840,25,Female,USA,Entrepreneur,Pinterest,3,1.2,8,9.0,Smartphone,Night (9pm-12am),2064,401,4,20,3,2,5,Memes,Medium,0.05,Yes,34.3,Learning,No impact,6.0,Somewhat,Always On,Public,No,2023-04-24,Stressed,No,25-34,1108,Medium,25
USR00841,26,Male,India,Marketer,TikTok,5,2.4,3,48.0,Laptop,Evening (6-9pm),266,1307,3,20,3,0,9,Memes,Medium,0.348,Sometimes,32.56,Entertainment,Moderate impact,6.2,Somewhat,Always On,Public,No,2022-06-02,Relaxed,Yes,25-34,1434,Medium,23
USR00842,32,Male,Pakistan,Student,Facebook,5,1.0,4,15.0,Laptop,Night (9pm-12am),2985,20,4,25,1,0,4,Reels/Shorts,Fast,0.163,Yes,46.98,Learning,No impact,3.4,Somewhat,Do Not Disturb,Friends Only,No,2023-02-20,Neutral,No,25-34,1171,Low,26
USR00843,18,Female,Pakistan,Engineer,Facebook,3,4.0,7,34.3,Smartphone,Late Night (12am+),3433,636,4,25,4,1,11,Entertainment,Fast,0.018,Yes,42.07,Socializing,Mild impact,8.1,No,Selected,Public,No,2022-10-06,Happy,Yes,18-24,1308,High,30
USR00844,30,Male,Pakistan,Engineer,Snapchat,4,1.4,1,84.0,Smartphone,Afternoon (12-4pm),199,38,2,15,1,4,11,Photos,Fast,0.105,No,0.0,Business/Marketing,Moderate impact,8.5,Somewhat,Always On,Public,No,2022-08-12,Neutral,No,25-34,1363,High,20
USR00845,28,Male,Pakistan,Teacher,Snapchat,4,3.2,4,48.0,Smartphone,Night (9pm-12am),51,1068,3,12,8,1,11,Entertainment,Fast,0.048,Sometimes,75.84,Networking,Mild impact,4.8,No,Selected,Private,No,2022-11-15,Happy,No,25-34,1268,Medium,21
USR00846,30,Male,Nigeria,Marketer,Snapchat,1,6.1,2,183.0,Smartphone,Morning (6-10am),1894,113,3,12,2,1,5,Stories,Slow,0.013,Yes,44.77,Business/Marketing,Moderate impact,5.1,Somewhat,Off,Private,No,2022-08-05,Bored,Occasionally,25-34,1370,Medium,15
USR00847,29,Male,Australia,Student,TikTok,3,5.9,2,177.0,Smartphone,Morning (6-10am),39,56,1,22,5,1,9,Educational,Medium,0.193,Yes,30.41,Business/Marketing,No impact,8.0,Yes,Always On,Friends Only,No,2022-12-03,Bored,Yes,25-34,1250,High,28
USR00848,46,Male,India,Student,TikTok,3,3.2,5,38.4,Smartphone,Afternoon (12-4pm),874,563,1,15,1,1,6,Videos,Medium,0.051,Sometimes,42.6,Socializing,Moderate impact,5.6,No,Selected,Private,No,2024-07-09,Neutral,No,45+,666,Medium,17
USR00849,21,Female,UAE,Designer,YouTube,4,1.1,6,11.0,Laptop,Night (9pm-12am),297,378,2,17,4,2,9,News,Medium,0.029,Sometimes,14.75,News & Updates,Severe impact,8.2,No,Selected,Public,No,2024-08-12,Relaxed,Yes,18-24,632,High,23
USR00850,22,Male,UAE,Other,YouTube,3,2.5,5,30.0,Laptop,Evening (6-9pm),5964,73,2,22,4,3,9,Videos,Medium,0.053,Sometimes,266.37,Networking,Mild impact,4.8,Yes,Always On,Public,No,2023-10-06,Inspired,Yes,18-24,943,Medium,29
USR00851,22,Non-binary,USA,Other,Snapchat,3,3.3,4,49.5,Smartphone,Night (9pm-12am),327,54,4,23,4,2,12,News,Fast,0.071,No,0.0,Entertainment,No impact,5.6,Somewhat,Off,Private,No,2024-04-12,Inspired,No,18-24,754,Medium,29
USR00852,22,Female,UAE,Engineer,Instagram,1,10.0,5,120.0,Smartphone,Morning (6-10am),4880,195,2,19,3,0,10,Videos,Slow,0.186,No,0.0,Socializing,Mild impact,7.1,Yes,Selected,Friends Only,No,2022-09-05,Stressed,Yes,18-24,1339,High,22
USR00853,21,Female,Germany,Doctor,Instagram,1,0.5,7,4.3,Smart TV,Night (9pm-12am),263,57,2,25,3,1,17,Educational,Slow,0.057,No,0.0,News & Updates,Mild impact,5.6,No,Always On,Private,No,2024-01-04,Happy,Yes,18-24,853,Medium,29
USR00854,36,Female,India,Entrepreneur,Facebook,3,2.5,4,37.5,Desktop,Night (9pm-12am),4023,68,3,27,5,4,8,Reels/Shorts,Medium,0.29,No,0.0,Business/Marketing,Mild impact,5.5,Yes,Selected,Private,No,2023-03-02,Stressed,No,35-44,1161,Medium,36
USR00855,38,Female,India,Researcher,LinkedIn,2,3.9,2,117.0,Smartphone,Morning (6-10am),27135,281,2,19,7,2,12,Entertainment,Fast,0.026,Sometimes,115.71,News & Updates,No impact,5.5,Yes,Selected,Public,Yes,2024-07-14,Relaxed,No,35-44,661,Medium,28
USR00856,22,Female,USA,Marketer,Pinterest,2,2.8,9,18.7,Smartphone,Night (9pm-12am),97,76,1,19,7,2,8,Reels/Shorts,Slow,0.193,No,0.0,Learning,Mild impact,7.5,No,Always On,Friends Only,No,2023-09-24,Neutral,Yes,18-24,955,High,28
USR00857,20,Female,USA,Teacher,YouTube,3,3.0,4,45.0,Laptop,Morning (6-10am),1125,408,3,21,5,1,9,Educational,Fast,0.035,Yes,103.43,Socializing,Moderate impact,7.9,No,Always On,Friends Only,No,2024-08-06,Inspired,Yes,18-24,638,High,27
USR00858,30,Male,Pakistan,Student,Twitter/X,4,1.5,3,30.0,Smartphone,Evening (6-9pm),93695,1462,2,19,6,0,3,Photos,Fast,0.035,No,0.0,Socializing,Moderate impact,7.1,Yes,Selected,Private,Yes,2023-06-27,Happy,No,25-34,1044,High,25
USR00859,22,Female,Pakistan,Researcher,Instagram,1,4.7,4,70.5,Smartphone,Late Night (12am+),749,204,2,23,2,1,10,Educational,Slow,0.163,Sometimes,33.79,Networking,Severe impact,4.9,Yes,Always On,Friends Only,No,2022-09-03,Bored,Yes,18-24,1341,Medium,26
USR00860,32,Male,Pakistan,Entrepreneur,Facebook,2,2.7,4,40.5,Smartphone,Evening (6-9pm),743,286,2,16,1,1,7,Photos,Medium,0.095,No,0.0,Learning,No impact,8.7,Yes,Always On,Private,No,2022-07-05,Stressed,Occasionally,25-34,1401,High,18
USR00861,28,Male,Canada,Marketer,Snapchat,1,3.0,6,30.0,Smartphone,Night (9pm-12am),2749,2756,5,20,5,3,3,Photos,Medium,0.28,No,0.0,Networking,Severe impact,6.7,Somewhat,Selected,Private,No,2022-11-19,Stressed,Yes,25-34,1264,Medium,28
USR00862,14,Female,Nigeria,Student,Twitter/X,3,5.0,4,75.0,Smartphone,Night (9pm-12am),716,58,2,20,3,0,6,News,Medium,0.314,No,0.0,Entertainment,Moderate impact,8.1,No,Selected,Public,No,2023-09-16,Happy,Occasionally,Under 18,963,High,23
USR00863,39,Female,USA,Designer,Facebook,1,2.1,6,21.0,Smartphone,Morning (6-10am),30,1021,2,23,6,3,6,Stories,Medium,0.072,Yes,40.57,Learning,Moderate impact,3.9,No,Always On,Friends Only,No,2022-03-24,Bored,No,35-44,1504,Low,32
USR00864,41,Male,Australia,Student,LinkedIn,2,5.7,9,38.0,Smartphone,Afternoon (12-4pm),5105,884,3,21,1,4,8,Reels/Shorts,Fast,0.088,No,0.0,News & Updates,Moderate impact,8.3,Somewhat,Do Not Disturb,Friends Only,No,2023-03-17,Stressed,Yes,35-44,1146,High,26
USR00865,22,Male,UK,Engineer,Instagram,3,0.9,3,18.0,Smartphone,Night (9pm-12am),18,682,3,19,5,3,8,Reels/Shorts,Slow,0.147,Sometimes,199.24,Networking,Mild impact,5.5,No,Always On,Friends Only,No,2023-11-03,Neutral,Yes,18-24,915,Medium,27
USR00866,23,Non-binary,India,Marketer,YouTube,3,3.1,3,62.0,Desktop,Evening (6-9pm),314,1152,4,13,3,2,5,Videos,Fast,0.129,No,0.0,News & Updates,Mild impact,5.4,Yes,Always On,Private,No,2022-10-31,Happy,Yes,18-24,1283,Medium,18
USR00867,29,Female,UK,Student,TikTok,3,1.4,8,10.5,Smartphone,Night (9pm-12am),5845,342,3,12,4,1,11,Videos,Fast,0.287,Sometimes,30.15,Socializing,Severe impact,6.9,Somewhat,Always On,Public,No,2022-07-06,Neutral,Occasionally,25-34,1400,Medium,17
USR00868,29,Female,Australia,Other,TikTok,1,1.1,6,11.0,Smartphone,Evening (6-9pm),350,121,4,24,5,0,4,Memes,Medium,0.06,Sometimes,23.61,Networking,No impact,2.5,Yes,Do Not Disturb,Private,No,2023-05-24,Stressed,Yes,25-34,1078,Low,29
USR00869,32,Male,Pakistan,Other,Instagram,4,7.7,1,462.0,Smartphone,Evening (6-9pm),190,910,3,17,3,2,5,Memes,Medium,0.058,No,0.0,Learning,No impact,6.8,Yes,Selected,Private,No,2023-12-30,Neutral,Occasionally,25-34,858,Medium,22
USR00870,43,Male,Pakistan,Engineer,Twitter/X,2,1.0,7,8.6,Smartphone,Night (9pm-12am),3237,952,1,17,3,1,8,News,Medium,0.117,Sometimes,101.6,Entertainment,No impact,5.7,Yes,Always On,Public,No,2024-03-22,Neutral,Yes,35-44,775,Medium,21
USR00871,25,Male,UAE,Entrepreneur,Twitter/X,5,2.7,5,32.4,Smartphone,Afternoon (12-4pm),143,921,3,17,3,1,12,Educational,Slow,0.246,Sometimes,7.08,Socializing,Moderate impact,8.7,Yes,Selected,Public,No,2024-11-17,Relaxed,Yes,25-34,535,High,21
USR00872,20,Non-binary,Canada,Teacher,YouTube,2,0.9,7,7.7,Laptop,Late Night (12am+),73,258,3,14,5,1,6,Memes,Fast,0.143,No,0.0,Entertainment,Moderate impact,6.7,Yes,Selected,Public,No,2022-04-11,Inspired,Yes,18-24,1486,Medium,20
USR00873,15,Female,Nigeria,Entrepreneur,Instagram,2,5.5,5,66.0,Smartphone,Afternoon (12-4pm),1090,103,1,13,5,2,8,Memes,Medium,0.232,No,0.0,Socializing,No impact,4.4,No,Always On,Public,No,2023-09-05,Bored,Yes,Under 18,974,Medium,20
USR00874,21,Male,Australia,Designer,Instagram,5,2.0,2,60.0,Smartphone,Evening (6-9pm),478,307,3,22,2,1,10,Reels/Shorts,Medium,0.1,Yes,9.14,News & Updates,No impact,4.8,No,Selected,Friends Only,No,2023-06-17,Stressed,Yes,18-24,1054,Medium,25
USR00875,26,Female,Canada,Freelancer,Snapchat,2,5.0,6,50.0,Smart TV,Morning (6-10am),70,757,2,26,4,3,11,Memes,Medium,0.023,No,0.0,Learning,No impact,1.8,No,Selected,Public,No,2022-12-23,Bored,Occasionally,25-34,1230,Low,33
USR00876,41,Male,UAE,Doctor,Facebook,3,3.8,7,32.6,Laptop,Evening (6-9pm),2093,836,0,18,5,7,6,News,Medium,0.029,No,0.0,Learning,Moderate impact,10.0,Yes,Always On,Friends Only,No,2022-03-05,Relaxed,Occasionally,35-44,1523,High,30
USR00877,22,Male,UK,Freelancer,TikTok,3,9.2,5,110.4,Tablet,Evening (6-9pm),1534,146,0,16,11,2,4,Reels/Shorts,Fast,0.23,Sometimes,109.52,Entertainment,No impact,1.7,Somewhat,Do Not Disturb,Private,No,2024-04-08,Happy,Occasionally,18-24,758,Low,29
USR00878,28,Female,India,Engineer,LinkedIn,1,0.8,6,8.0,Desktop,Evening (6-9pm),348,357,2,17,4,2,9,Reels/Shorts,Medium,0.16,Yes,11.79,Learning,No impact,5.2,Yes,Selected,Friends Only,No,2024-07-15,Relaxed,No,25-34,660,Medium,23
USR00879,26,Female,USA,Teacher,Instagram,5,1.2,5,14.4,Smart TV,Late Night (12am+),393,50,4,13,0,2,4,Stories,Medium,0.033,Sometimes,84.08,Entertainment,No impact,7.5,Somewhat,Selected,Friends Only,No,2023-05-27,Happy,Occasionally,25-34,1075,High,15
USR00880,36,Female,USA,Engineer,Twitter/X,3,4.8,6,48.0,Smartphone,Night (9pm-12am),1551,797,2,16,5,3,7,Photos,Medium,0.072,Yes,80.96,News & Updates,Severe impact,8.8,Yes,Do Not Disturb,Public,No,2022-07-13,Stressed,Yes,35-44,1393,High,24
USR00881,47,Male,UAE,Student,TikTok,5,3.2,3,64.0,Smartphone,Late Night (12am+),5668,95,4,6,4,4,9,Reels/Shorts,Fast,0.249,Sometimes,20.21,Socializing,No impact,9.4,Yes,Always On,Friends Only,No,2024-08-04,Stressed,No,45+,640,High,14
USR00882,22,Female,UAE,Marketer,TikTok,3,2.2,4,33.0,Smartphone,Evening (6-9pm),399,627,1,12,1,2,8,Entertainment,Fast,0.072,No,0.0,Socializing,Severe impact,6.0,Somewhat,Always On,Private,No,2022-07-28,Neutral,Yes,18-24,1378,Medium,15
USR00883,23,Female,UAE,Marketer,Instagram,2,8.2,5,98.4,Tablet,Night (9pm-12am),2161,61,3,17,9,4,19,Educational,Fast,0.028,No,0.0,News & Updates,Mild impact,7.1,Yes,Off,Friends Only,No,2022-10-14,Inspired,No,18-24,1300,High,30
USR00884,35,Male,Germany,Engineer,YouTube,5,2.6,8,19.5,Laptop,Evening (6-9pm),1839,843,3,19,0,4,7,News,Medium,0.127,No,0.0,Socializing,Mild impact,5.7,Somewhat,Always On,Public,No,2022-09-06,Stressed,Yes,35-44,1338,Medium,23
USR00885,32,Prefer not to say,USA,Researcher,LinkedIn,3,1.5,10,9.0,Laptop,Morning (6-10am),3238,360,0,14,7,2,10,Entertainment,Slow,0.027,Yes,5.86,News & Updates,Mild impact,3.4,Yes,Selected,Public,No,2022-01-25,Bored,Occasionally,25-34,1562,Low,23
USR00886,41,Non-binary,Canada,Engineer,Facebook,4,5.0,5,60.0,Smartphone,Night (9pm-12am),713,95,1,22,2,2,2,Entertainment,Slow,0.126,Sometimes,25.92,Networking,Mild impact,4.3,Somewhat,Off,Public,No,2022-05-07,Stressed,Occasionally,35-44,1460,Medium,26
USR00887,31,Male,UK,Designer,Instagram,5,2.7,3,54.0,Smartphone,Evening (6-9pm),128,560,4,15,5,1,11,Memes,Medium,0.042,No,0.0,Entertainment,Mild impact,3.1,No,Always On,Friends Only,No,2023-04-01,Stressed,No,25-34,1131,Low,21
USR00888,24,Female,USA,Doctor,Twitter/X,5,2.8,7,24.0,Tablet,Morning (6-10am),289,120,3,18,2,0,14,Memes,Fast,0.123,Sometimes,0.44,Socializing,Moderate impact,6.8,Somewhat,Off,Friends Only,No,2022-09-25,Happy,Occasionally,18-24,1319,Medium,20
USR00889,31,Female,India,Researcher,TikTok,4,4.0,2,120.0,Smartphone,Morning (6-10am),1232,601,1,19,3,4,6,Educational,Medium,0.071,No,0.0,News & Updates,Mild impact,5.6,Yes,Selected,Private,No,2023-02-10,Bored,No,25-34,1181,Medium,26
USR00890,35,Male,Pakistan,Engineer,Facebook,5,4.1,6,41.0,Laptop,Afternoon (12-4pm),17557,176,1,21,4,0,13,Photos,Fast,0.153,Yes,19.03,Networking,Severe impact,5.9,No,Off,Friends Only,Yes,2024-03-31,Relaxed,Yes,35-44,766,Medium,25
USR00891,33,Female,Australia,Other,Facebook,1,1.2,6,12.0,Tablet,Late Night (12am+),278,31,4,17,3,3,7,Stories,Slow,0.075,Sometimes,57.57,Entertainment,Mild impact,7.4,Somewhat,Always On,Friends Only,No,2024-02-02,Happy,Yes,25-34,824,High,23
USR00892,31,Non-binary,USA,Student,Twitter/X,2,2.1,6,21.0,Smartphone,Evening (6-9pm),2831,75,3,17,4,1,7,Stories,Fast,0.211,Sometimes,27.26,Business/Marketing,Moderate impact,6.6,Somewhat,Selected,Public,No,2022-06-22,Neutral,No,25-34,1414,Medium,22
USR00893,35,Male,USA,Freelancer,TikTok,2,0.9,5,10.8,Smartphone,Evening (6-9pm),368,145,6,18,5,1,8,Memes,Medium,0.219,Sometimes,40.75,Networking,Moderate impact,7.4,Yes,Off,Public,No,2023-06-15,Neutral,Yes,35-44,1056,High,24
USR00894,36,Male,UK,Engineer,Snapchat,3,3.3,1,198.0,Tablet,Morning (6-10am),811,1263,5,16,2,1,7,Stories,Medium,0.182,Sometimes,21.24,Learning,Mild impact,9.5,Yes,Always On,Public,No,2022-06-03,Stressed,Occasionally,35-44,1433,High,19
USR00895,38,Female,Brazil,Marketer,Instagram,1,7.6,6,76.0,Smartphone,Night (9pm-12am),10175,721,3,23,5,1,10,Memes,Medium,0.11,No,0.0,Learning,Moderate impact,4.8,No,Always On,Public,Yes,2022-02-14,Relaxed,No,35-44,1542,Medium,29
USR00896,32,Female,USA,Designer,TikTok,4,1.3,4,19.5,Smartphone,Night (9pm-12am),2632,1717,3,26,8,0,12,Educational,Fast,0.037,No,0.0,Entertainment,No impact,2.8,Yes,Always On,Friends Only,No,2022-05-13,Relaxed,Yes,25-34,1454,Low,34
USR00897,25,Female,Canada,Researcher,Twitter/X,4,0.7,6,7.0,Smartphone,Afternoon (12-4pm),71,1779,2,20,4,3,12,Entertainment,Medium,0.08,No,0.0,Entertainment,No impact,5.2,Yes,Off,Private,No,2023-02-09,Inspired,No,25-34,1182,Medium,27
USR00898,28,Female,Pakistan,Teacher,TikTok,2,1.6,3,32.0,Smartphone,Evening (6-9pm),237,128,2,14,5,0,9,Videos,Medium,0.137,No,0.0,Business/Marketing,Mild impact,5.8,No,Always On,Friends Only,No,2024-06-27,Relaxed,Occasionally,25-34,678,Medium,19
USR00899,36,Male,India,Researcher,Facebook,4,2.2,6,22.0,Smartphone,Afternoon (12-4pm),6381,195,1,20,4,3,8,Reels/Shorts,Medium,0.12,Yes,58.94,Socializing,Moderate impact,7.0,No,Always On,Friends Only,No,2022-09-21,Stressed,Yes,35-44,1323,Medium,27
USR00900,20,Male,India,Researcher,Facebook,2,4.1,3,82.0,Smart TV,Morning (6-10am),858,149,0,21,3,5,7,Educational,Medium,0.087,Yes,10.16,Learning,Mild impact,7.5,No,Do Not Disturb,Friends Only,No,2022-07-08,Inspired,Yes,18-24,1398,High,29
USR00901,29,Male,USA,Engineer,Pinterest,1,2.0,5,24.0,Smartphone,Evening (6-9pm),84,109,6,22,5,1,9,Entertainment,Slow,0.137,No,0.0,Networking,Mild impact,4.3,Yes,Selected,Public,No,2023-11-11,Stressed,No,25-34,907,Medium,28
USR00902,23,Female,India,Engineer,TikTok,1,3.3,2,99.0,Smartphone,Morning (6-10am),152,26,1,26,5,3,10,Videos,Medium,0.064,Sometimes,54.18,Learning,No impact,4.0,No,Selected,Public,No,2022-09-08,Relaxed,No,18-24,1336,Low,34
USR00903,27,Female,India,Engineer,Pinterest,1,1.8,4,27.0,Smartphone,Afternoon (12-4pm),2359,240,4,14,3,2,13,Videos,Slow,0.318,Yes,5.84,Learning,Mild impact,8.7,Yes,Selected,Public,No,2022-03-29,Relaxed,No,25-34,1499,High,19
USR00904,37,Female,Brazil,Engineer,Facebook,3,2.3,7,19.7,Tablet,Morning (6-10am),3983,52,4,26,3,0,6,Educational,Medium,0.05,Yes,11.63,Networking,Mild impact,6.8,Somewhat,Selected,Public,No,2024-08-02,Bored,Occasionally,35-44,642,Medium,29
USR00905,28,Male,India,Other,TikTok,4,1.4,6,14.0,Tablet,Evening (6-9pm),686,234,1,21,7,4,9,Videos,Medium,0.128,Sometimes,50.93,Entertainment,No impact,6.8,Yes,Selected,Public,No,2022-04-14,Bored,No,25-34,1483,Medium,32
USR00906,27,Female,UAE,Teacher,Twitter/X,3,1.1,7,9.4,Smartphone,Afternoon (12-4pm),57271,3099,5,22,3,0,5,Reels/Shorts,Medium,0.015,Sometimes,23.23,News & Updates,Mild impact,6.7,Yes,Off,Friends Only,Yes,2022-12-11,Happy,Yes,25-34,1242,Medium,25
USR00907,16,Male,Australia,Marketer,Facebook,5,4.2,6,42.0,Laptop,Late Night (12am+),2932,132,2,26,6,3,7,Memes,Medium,0.12,No,0.0,News & Updates,No impact,6.5,No,Always On,Private,No,2024-06-06,Relaxed,Occasionally,Under 18,699,Medium,35
USR00908,32,Male,UAE,Engineer,YouTube,4,1.9,2,57.0,Tablet,Evening (6-9pm),429,309,4,20,2,2,7,Entertainment,Slow,0.055,Yes,1.04,Socializing,No impact,5.8,No,Off,Public,No,2024-03-19,Relaxed,Occasionally,25-34,778,Medium,24
USR00909,32,Female,Pakistan,Other,Instagram,5,3.5,1,210.0,Smartphone,Afternoon (12-4pm),153,726,1,17,4,1,5,Reels/Shorts,Fast,0.158,No,0.0,Socializing,Mild impact,4.9,Yes,Always On,Private,No,2024-10-13,Stressed,Occasionally,25-34,570,Medium,22
USR00910,44,Female,India,Other,Facebook,1,1.4,4,21.0,Desktop,Evening (6-9pm),115,342,3,26,3,1,4,Stories,Fast,0.355,Sometimes,15.34,Learning,No impact,5.2,No,Always On,Public,No,2022-03-02,Relaxed,No,35-44,1526,Medium,30
USR00911,24,Male,Canada,Researcher,Twitter/X,3,2.6,5,31.2,Smartphone,Night (9pm-12am),1216,347,8,16,2,3,9,Stories,Medium,0.061,Yes,9.82,News & Updates,Moderate impact,10.0,No,Selected,Friends Only,No,2024-02-23,Relaxed,No,18-24,803,High,21
USR00912,28,Female,Nigeria,Marketer,LinkedIn,3,0.5,2,15.0,Desktop,Evening (6-9pm),275,158,4,22,5,2,12,News,Fast,0.018,Yes,16.47,News & Updates,Mild impact,9.4,No,Do Not Disturb,Public,No,2024-05-23,Neutral,Yes,25-34,713,High,29
USR00913,28,Male,Australia,Engineer,TikTok,2,2.0,3,40.0,Smartphone,Late Night (12am+),13531,185,0,22,3,2,10,Photos,Fast,0.123,Sometimes,15.89,Entertainment,No impact,7.9,Somewhat,Selected,Public,Yes,2022-12-20,Inspired,Occasionally,25-34,1233,High,27
USR00914,39,Male,UAE,Doctor,YouTube,1,1.5,6,15.0,Tablet,Afternoon (12-4pm),9314,77,4,17,1,1,9,Photos,Medium,0.073,No,0.0,News & Updates,Moderate impact,6.1,Yes,Always On,Public,No,2023-12-26,Bored,No,35-44,862,Medium,19
USR00915,26,Female,Canada,Doctor,Facebook,2,5.3,9,35.3,Laptop,Late Night (12am+),2078,675,6,14,3,3,5,Entertainment,Slow,0.021,Sometimes,66.19,Business/Marketing,No impact,7.2,Somewhat,Selected,Public,No,2023-03-16,Happy,Yes,25-34,1147,High,20
USR00916,29,Male,Germany,Marketer,TikTok,1,1.0,6,10.0,Smartphone,Morning (6-10am),79,30,2,26,3,2,4,Videos,Medium,0.291,Sometimes,60.26,Learning,Mild impact,3.6,Yes,Off,Private,No,2023-01-19,Bored,Yes,25-34,1203,Low,31
USR00917,31,Female,Germany,Engineer,Facebook,2,2.4,4,36.0,Laptop,Late Night (12am+),198,784,4,20,2,0,6,News,Medium,0.128,No,0.0,Socializing,Mild impact,8.0,No,Selected,Friends Only,No,2023-07-18,Relaxed,Yes,25-34,1023,High,22
USR00918,28,Female,Australia,Marketer,Facebook,3,3.2,2,96.0,Smartphone,Morning (6-10am),6375,45,1,18,5,0,7,Stories,Fast,0.025,No,0.0,Entertainment,Severe impact,5.8,Yes,Always On,Public,No,2023-07-28,Stressed,No,25-34,1013,Medium,23
USR00919,23,Female,UAE,Teacher,Facebook,3,4.9,6,49.0,Laptop,Afternoon (12-4pm),241,776,1,15,1,0,9,Videos,Medium,0.12,No,0.0,Business/Marketing,No impact,6.2,No,Selected,Public,No,2024-07-02,Relaxed,Occasionally,18-24,673,Medium,16
USR00920,28,Female,India,Researcher,YouTube,2,4.5,7,38.6,Smartphone,Evening (6-9pm),5013,160,2,19,5,1,10,Memes,Fast,0.127,Yes,12.8,Socializing,No impact,6.4,No,Selected,Friends Only,No,2022-11-01,Inspired,Yes,25-34,1282,Medium,25
USR00921,35,Female,Canada,Teacher,Facebook,2,2.5,2,75.0,Smartphone,Afternoon (12-4pm),1562,55,2,13,3,0,8,Reels/Shorts,Medium,0.187,No,0.0,Business/Marketing,No impact,5.9,Somewhat,Always On,Friends Only,No,2022-03-12,Neutral,Yes,35-44,1516,Medium,16
USR00922,18,Male,UAE,Engineer,Snapchat,4,2.7,6,27.0,Smartphone,Afternoon (12-4pm),730,490,4,19,3,2,4,Photos,Fast,0.092,Sometimes,2.66,Socializing,Mild impact,7.6,No,Do Not Disturb,Private,No,2023-05-19,Neutral,Occasionally,18-24,1083,High,24
USR00923,28,Female,Pakistan,Other,Facebook,3,5.3,8,39.8,Smartphone,Late Night (12am+),187,745,3,22,5,2,7,Educational,Medium,0.276,Yes,28.2,Socializing,No impact,9.1,No,Selected,Friends Only,No,2023-08-28,Neutral,Occasionally,25-34,982,High,29
USR00924,21,Female,India,Marketer,LinkedIn,5,2.5,4,37.5,Smartphone,Night (9pm-12am),561,144,1,17,2,1,10,Reels/Shorts,Medium,0.103,Yes,49.92,Entertainment,Mild impact,7.7,Yes,Always On,Friends Only,No,2024-10-18,Inspired,Yes,18-24,565,High,20
USR00925,36,Male,UAE,Other,Facebook,5,2.9,6,29.0,Smartphone,Evening (6-9pm),935,580,5,21,6,4,9,Videos,Medium,0.513,No,0.0,Learning,Moderate impact,6.3,Yes,Off,Public,No,2024-04-23,Bored,Yes,35-44,743,Medium,31
USR00926,14,Male,Pakistan,Researcher,TikTok,1,5.4,6,54.0,Laptop,Morning (6-10am),4266,15,6,24,4,2,7,Photos,Fast,0.04,Yes,11.84,Entertainment,No impact,4.3,Somewhat,Selected,Public,No,2024-09-08,Neutral,Yes,Under 18,605,Medium,30
USR00927,22,Male,USA,Entrepreneur,Twitter/X,4,9.9,1,594.0,Tablet,Afternoon (12-4pm),135,50,3,16,6,1,8,Videos,Fast,0.139,Yes,3.73,Networking,Severe impact,6.3,Yes,Selected,Private,No,2022-05-05,Bored,No,18-24,1462,Medium,23
USR00928,30,Female,Nigeria,Student,Facebook,2,3.1,7,26.6,Smartphone,Afternoon (12-4pm),414,1153,3,23,2,1,5,Videos,Medium,0.125,Yes,68.97,Entertainment,Mild impact,6.1,Somewhat,Selected,Private,No,2022-06-29,Inspired,Yes,25-34,1407,Medium,26
USR00929,39,Male,India,Student,YouTube,5,3.7,6,37.0,Smartphone,Evening (6-9pm),721,187,3,21,6,2,4,Memes,Medium,0.067,No,0.0,Socializing,Mild impact,7.7,Yes,Off,Private,No,2023-07-27,Bored,Occasionally,35-44,1014,High,29
USR00930,26,Male,India,Other,Instagram,1,4.4,5,52.8,Smartphone,Night (9pm-12am),2192,26,5,25,4,3,14,Educational,Medium,0.13,No,0.0,Learning,Mild impact,5.0,No,Do Not Disturb,Public,No,2024-02-24,Bored,No,25-34,802,Medium,32
USR00931,22,Male,Pakistan,Engineer,TikTok,3,5.4,3,108.0,Smartphone,Evening (6-9pm),129,105,2,23,11,3,8,Photos,Fast,0.255,Yes,12.33,Networking,No impact,4.6,No,Always On,Friends Only,No,2022-10-09,Relaxed,Occasionally,18-24,1305,Medium,37
USR00932,42,Female,Pakistan,Marketer,YouTube,3,5.0,7,42.9,Smartphone,Morning (6-10am),62,80,3,26,8,1,10,Memes,Medium,0.123,No,0.0,Learning,Mild impact,6.7,Somewhat,Always On,Private,No,2024-05-08,Stressed,No,35-44,728,Medium,35
USR00933,15,Prefer not to say,Australia,Teacher,Instagram,5,1.7,4,25.5,Laptop,Morning (6-10am),2237,200,4,22,4,0,8,Reels/Shorts,Medium,0.286,Yes,50.02,Learning,Mild impact,7.9,No,Selected,Friends Only,No,2023-02-13,Relaxed,No,Under 18,1178,High,26
USR00934,13,Female,USA,Teacher,Instagram,1,3.2,2,96.0,Smartphone,Afternoon (12-4pm),43,156,3,15,3,2,6,Stories,Fast,0.122,No,0.0,Entertainment,No impact,6.5,Yes,Selected,Friends Only,No,2024-12-12,Inspired,Occasionally,Under 18,510,Medium,20
USR00935,30,Male,Pakistan,Entrepreneur,Twitter/X,3,5.0,7,42.9,Smartphone,Night (9pm-12am),6720,303,3,27,3,2,11,Stories,Medium,0.13,Yes,3.42,Business/Marketing,Moderate impact,7.9,No,Selected,Friends Only,No,2023-05-26,Bored,No,25-34,1076,High,32
USR00936,22,Female,Germany,Entrepreneur,Pinterest,1,6.1,5,73.2,Smartphone,Night (9pm-12am),502,225,3,15,4,0,5,Educational,Medium,0.099,No,0.0,Networking,Moderate impact,3.9,Somewhat,Selected,Friends Only,No,2022-02-09,Inspired,Yes,18-24,1547,Low,19
USR00937,18,Prefer not to say,Australia,Freelancer,Twitter/X,3,2.4,8,18.0,Smartphone,Night (9pm-12am),41,1250,0,13,2,0,10,Memes,Fast,0.093,No,0.0,Entertainment,Mild impact,7.1,Yes,Do Not Disturb,Friends Only,No,2024-02-23,Neutral,No,18-24,803,High,15
USR00938,32,Female,Pakistan,Student,LinkedIn,3,3.2,7,27.4,Laptop,Evening (6-9pm),280,407,0,18,3,3,9,Educational,Fast,0.153,Yes,32.95,Entertainment,Mild impact,3.9,Yes,Always On,Friends Only,No,2024-01-06,Bored,Occasionally,25-34,851,Low,24
USR00939,28,Female,Pakistan,Doctor,Snapchat,3,3.4,5,40.8,Smartphone,Late Night (12am+),1316,423,3,21,3,2,8,Stories,Slow,0.039,Yes,60.56,News & Updates,Mild impact,10.0,Somewhat,Always On,Friends Only,No,2024-09-09,Stressed,No,25-34,604,High,26
USR00940,22,Male,USA,Other,TikTok,2,2.7,4,40.5,Smartphone,Morning (6-10am),254,990,6,23,3,4,11,Reels/Shorts,Fast,0.055,Yes,4.42,Networking,No impact,8.6,Somewhat,Selected,Public,No,2024-09-19,Relaxed,No,18-24,594,High,30
USR00941,16,Male,UAE,Designer,Snapchat,2,3.1,3,62.0,Desktop,Evening (6-9pm),689,153,6,7,1,2,7,News,Slow,0.021,No,0.0,Entertainment,No impact,6.9,Yes,Always On,Friends Only,No,2023-12-06,Inspired,Occasionally,Under 18,882,Medium,10
USR00942,33,Male,Pakistan,Student,Twitter/X,1,12.0,9,80.0,Laptop,Evening (6-9pm),2520,53,2,17,7,1,10,Entertainment,Medium,0.168,Sometimes,9.2,Socializing,Mild impact,3.3,No,Selected,Friends Only,No,2024-10-25,Bored,Occasionally,25-34,558,Low,25
USR00943,32,Male,India,Other,YouTube,3,2.3,4,34.5,Laptop,Afternoon (12-4pm),462,1041,5,18,7,3,11,Memes,Medium,0.048,Sometimes,4.08,Networking,No impact,3.7,Yes,Selected,Private,No,2023-10-21,Inspired,No,25-34,928,Low,28
USR00944,26,Male,India,Engineer,YouTube,1,2.4,8,18.0,Smartphone,Afternoon (12-4pm),123,288,2,23,5,1,9,Memes,Fast,0.26,No,0.0,Learning,No impact,9.6,Somewhat,Do Not Disturb,Friends Only,No,2024-03-06,Happy,No,25-34,791,High,29
USR00945,41,Female,USA,Teacher,TikTok,5,0.6,4,9.0,Smartphone,Afternoon (12-4pm),388,289,3,24,4,2,10,Videos,Fast,0.073,Sometimes,2.86,Socializing,No impact,4.1,Yes,Always On,Friends Only,No,2023-07-08,Happy,Yes,35-44,1033,Medium,30
USR00946,18,Male,USA,Teacher,Instagram,3,0.5,2,15.0,Smartphone,Night (9pm-12am),8490,114,0,20,1,3,15,Stories,Slow,0.119,Sometimes,15.8,Entertainment,Moderate impact,7.1,Yes,Do Not Disturb,Public,No,2023-01-04,Stressed,Occasionally,18-24,1218,High,24
USR00947,14,Male,Pakistan,Freelancer,Pinterest,3,3.6,2,108.0,Laptop,Afternoon (12-4pm),13809,116,2,17,3,0,8,Photos,Fast,0.234,Sometimes,80.06,Business/Marketing,No impact,9.5,No,Always On,Friends Only,Yes,2022-02-23,Relaxed,Occasionally,Under 18,1533,High,20
USR00948,21,Female,Australia,Marketer,Instagram,1,5.0,5,60.0,Smartphone,Late Night (12am+),17,675,4,31,3,3,5,Stories,Medium,0.283,No,0.0,Learning,No impact,6.4,Somewhat,Selected,Private,No,2023-10-16,Bored,Yes,18-24,933,Medium,37
USR00949,26,Female,India,Freelancer,Pinterest,1,4.4,8,33.0,Tablet,Late Night (12am+),4740,797,3,27,4,2,12,Videos,Fast,0.094,Sometimes,15.52,Business/Marketing,Mild impact,4.0,Yes,Always On,Private,No,2023-03-25,Relaxed,Yes,25-34,1138,Low,33
USR00950,28,Female,Pakistan,Entrepreneur,Snapchat,5,1.4,5,16.8,Smartphone,Night (9pm-12am),1043,626,6,21,3,3,6,Entertainment,Medium,0.082,No,0.0,Networking,Mild impact,3.0,Yes,Do Not Disturb,Friends Only,No,2022-03-02,Inspired,Yes,25-34,1526,Low,27
USR00951,25,Female,Canada,Teacher,YouTube,5,4.3,6,43.0,Tablet,Evening (6-9pm),3509,633,4,16,3,0,7,News,Fast,0.018,No,0.0,Networking,No impact,6.9,Yes,Do Not Disturb,Friends Only,No,2023-07-30,Inspired,Occasionally,25-34,1011,Medium,19
USR00952,29,Female,UK,Researcher,Pinterest,1,2.4,3,48.0,Smartphone,Evening (6-9pm),246,484,4,27,3,1,11,Educational,Slow,0.207,Sometimes,2.82,Learning,Severe impact,4.2,Somewhat,Selected,Public,No,2022-04-30,Inspired,Yes,25-34,1467,Medium,31
USR00953,16,Female,UAE,Marketer,Pinterest,2,2.0,5,24.0,Laptop,Afternoon (12-4pm),27,286,5,21,1,4,8,Photos,Fast,0.08,Sometimes,50.63,Entertainment,No impact,6.2,Somewhat,Off,Friends Only,No,2024-08-24,Bored,No,Under 18,620,Medium,26
USR00954,38,Female,Canada,Designer,YouTube,4,0.9,8,6.8,Smartphone,Afternoon (12-4pm),1904,198,5,14,8,0,9,Memes,Slow,0.126,No,0.0,Business/Marketing,Severe impact,4.3,Somewhat,Selected,Friends Only,No,2024-12-20,Neutral,Occasionally,35-44,502,Medium,22
USR00955,26,Male,Brazil,Freelancer,TikTok,5,1.5,4,22.5,Smartphone,Morning (6-10am),122,1045,0,18,5,4,9,Stories,Medium,0.152,Yes,61.78,News & Updates,No impact,5.1,Yes,Do Not Disturb,Public,No,2024-01-03,Relaxed,Occasionally,25-34,854,Medium,27
USR00956,35,Female,USA,Freelancer,YouTube,4,3.6,5,43.2,Laptop,Afternoon (12-4pm),54,156,4,15,6,1,10,News,Fast,0.245,Yes,14.37,Business/Marketing,No impact,5.2,Yes,Always On,Private,No,2023-04-22,Relaxed,Yes,35-44,1110,Medium,22
USR00957,29,Male,USA,Doctor,Instagram,5,3.2,1,192.0,Smartphone,Evening (6-9pm),61,381,2,14,8,3,9,Educational,Fast,0.264,No,0.0,Business/Marketing,Severe impact,5.7,Yes,Always On,Public,No,2022-11-23,Inspired,Yes,25-34,1260,Medium,25
USR00958,30,Prefer not to say,Australia,Doctor,Twitter/X,5,2.9,5,34.8,Smartphone,Late Night (12am+),1961,93,3,23,2,1,10,News,Fast,0.084,No,0.0,Socializing,Mild impact,4.9,Somewhat,Do Not Disturb,Private,No,2022-07-25,Stressed,Occasionally,25-34,1381,Medium,26
USR00959,31,Female,Pakistan,Researcher,Twitter/X,5,0.5,6,5.0,Smartphone,Afternoon (12-4pm),854,110,5,18,5,2,9,Educational,Slow,0.146,No,0.0,News & Updates,Moderate impact,6.7,Yes,Always On,Friends Only,No,2023-05-23,Happy,Yes,25-34,1079,Medium,25
USR00960,30,Male,Pakistan,Teacher,Facebook,5,2.9,3,58.0,Smartphone,Evening (6-9pm),2720,184,2,24,5,4,9,Photos,Medium,0.145,Sometimes,46.58,Entertainment,Moderate impact,8.0,No,Do Not Disturb,Friends Only,No,2023-05-09,Happy,Yes,25-34,1093,High,33
USR00961,32,Female,UAE,Doctor,Facebook,2,1.7,6,17.0,Smartphone,Afternoon (12-4pm),2217,93,3,13,1,3,7,Stories,Fast,0.041,No,0.0,Networking,No impact,5.6,Yes,Selected,Private,No,2023-06-30,Neutral,Occasionally,25-34,1041,Medium,17
USR00962,37,Female,Germany,Freelancer,Facebook,2,3.2,5,38.4,Tablet,Night (9pm-12am),311,637,2,14,4,2,7,Stories,Slow,0.042,No,0.0,Socializing,Moderate impact,6.7,No,Off,Public,No,2024-12-28,Relaxed,Occasionally,35-44,494,Medium,20
USR00963,28,Female,Brazil,Doctor,Snapchat,4,5.5,5,66.0,Smartphone,Evening (6-9pm),585,48,6,20,7,4,4,Stories,Fast,0.218,Yes,20.93,Learning,No impact,4.5,Yes,Off,Friends Only,No,2022-04-25,Neutral,No,25-34,1472,Medium,31
USR00964,32,Female,Germany,Marketer,LinkedIn,1,1.9,6,19.0,Smartphone,Evening (6-9pm),264,275,1,28,5,3,3,Educational,Medium,0.037,No,0.0,News & Updates,Mild impact,3.4,Yes,Selected,Private,No,2023-03-26,Inspired,No,25-34,1137,Low,36
USR00965,26,Male,Pakistan,Entrepreneur,Instagram,4,2.8,6,28.0,Laptop,Morning (6-10am),455,286,2,22,3,1,9,Videos,Fast,0.061,Sometimes,3.07,Learning,No impact,6.9,No,Selected,Private,No,2024-03-06,Inspired,No,25-34,791,Medium,26
USR00966,38,Male,Pakistan,Entrepreneur,TikTok,2,8.1,7,69.4,Smartphone,Evening (6-9pm),116,27,3,23,5,3,10,News,Medium,0.017,Sometimes,1.97,Socializing,Mild impact,7.8,Yes,Always On,Friends Only,No,2023-12-28,Bored,Occasionally,35-44,860,High,31
USR00967,21,Male,UAE,Designer,Instagram,2,3.1,6,31.0,Smartphone,Morning (6-10am),1343,144,4,26,2,3,4,Videos,Medium,0.278,Sometimes,40.91,Learning,Moderate impact,2.8,Somewhat,Always On,Friends Only,No,2022-12-22,Bored,Occasionally,18-24,1231,Low,31
USR00968,41,Male,Australia,Student,Snapchat,3,2.6,5,31.2,Smartphone,Night (9pm-12am),4606,332,1,20,2,2,4,Reels/Shorts,Fast,0.115,Yes,11.14,Business/Marketing,Moderate impact,6.0,No,Selected,Public,No,2022-12-27,Bored,No,35-44,1226,Medium,24
USR00969,26,Female,Brazil,Other,Twitter/X,3,1.4,6,14.0,Smartphone,Evening (6-9pm),152,409,2,18,5,4,11,Educational,Medium,0.056,Yes,254.77,Entertainment,Mild impact,7.0,Yes,Always On,Public,No,2023-04-30,Neutral,No,25-34,1102,Medium,27
USR00970,15,Female,Pakistan,Student,LinkedIn,5,4.3,6,43.0,Smartphone,Morning (6-10am),6676,191,2,20,4,2,7,Videos,Fast,0.049,No,0.0,News & Updates,No impact,6.7,Yes,Always On,Public,No,2023-10-14,Stressed,Occasionally,Under 18,935,Medium,26
USR00971,28,Male,India,Doctor,TikTok,3,1.2,5,14.4,Smartphone,Evening (6-9pm),815,551,2,18,4,2,9,Videos,Medium,0.089,Sometimes,36.03,Learning,No impact,5.1,Yes,Always On,Friends Only,No,2024-01-05,Inspired,Occasionally,25-34,852,Medium,24
USR00972,21,Female,USA,Other,Instagram,1,5.6,10,33.6,Smartphone,Evening (6-9pm),1026,214,3,19,4,3,6,Reels/Shorts,Fast,0.076,Yes,21.75,Learning,Moderate impact,6.3,Yes,Always On,Friends Only,No,2022-02-27,Relaxed,Yes,18-24,1529,Medium,26
USR00973,33,Male,UK,Other,Snapchat,4,4.0,4,60.0,Tablet,Night (9pm-12am),31,248,3,22,1,3,9,Entertainment,Fast,0.041,Sometimes,0.27,Entertainment,Severe impact,7.9,No,Do Not Disturb,Public,No,2023-12-22,Stressed,Yes,25-34,866,High,26
USR00974,21,Female,Canada,Student,LinkedIn,4,1.7,8,12.8,Smartphone,Late Night (12am+),25,330,0,16,9,3,12,Memes,Fast,0.062,No,0.0,Socializing,Moderate impact,4.7,Yes,Always On,Friends Only,No,2022-10-19,Relaxed,No,18-24,1295,Medium,28
USR00975,23,Male,Pakistan,Teacher,TikTok,2,1.4,6,14.0,Tablet,Afternoon (12-4pm),862,744,5,20,2,2,8,Reels/Shorts,Fast,0.1,No,0.0,Learning,No impact,9.0,Yes,Do Not Disturb,Friends Only,No,2023-01-21,Happy,No,18-24,1201,High,24
USR00976,13,Female,UAE,Researcher,TikTok,4,1.5,4,22.5,Smartphone,Evening (6-9pm),2755,108,4,29,5,2,8,Stories,Medium,0.09,Sometimes,82.04,Entertainment,No impact,3.7,Yes,Always On,Friends Only,No,2024-10-05,Bored,Yes,Under 18,578,Low,36
USR00977,23,Male,India,Researcher,Instagram,1,0.6,5,7.2,Smartphone,Night (9pm-12am),198,136,4,24,5,2,6,Entertainment,Fast,0.17,No,0.0,Networking,Mild impact,7.8,No,Always On,Public,No,2023-09-25,Relaxed,Yes,18-24,954,High,31
USR00978,13,Female,Pakistan,Researcher,LinkedIn,3,3.5,4,52.5,Smartphone,Night (9pm-12am),13442,109,0,26,2,4,5,Videos,Fast,0.188,Sometimes,3.66,Entertainment,Moderate impact,6.3,No,Selected,Private,Yes,2022-12-26,Neutral,No,Under 18,1227,Medium,32
USR00979,14,Male,Australia,Designer,TikTok,3,0.5,6,5.0,Laptop,Afternoon (12-4pm),2497,164,3,15,2,2,8,Educational,Medium,0.245,No,0.0,News & Updates,Mild impact,5.3,Yes,Do Not Disturb,Friends Only,No,2024-10-01,Relaxed,Occasionally,Under 18,582,Medium,19
USR00980,33,Female,USA,Engineer,Twitter/X,1,2.5,2,75.0,Smartphone,Morning (6-10am),129,1354,4,15,3,1,12,Videos,Fast,0.141,Sometimes,5.81,Business/Marketing,Moderate impact,2.9,Somewhat,Do Not Disturb,Friends Only,No,2022-03-19,Bored,No,25-34,1509,Low,19
USR00981,33,Female,USA,Researcher,Instagram,3,2.3,2,69.0,Laptop,Night (9pm-12am),703,486,2,21,5,1,7,Reels/Shorts,Medium,0.09,No,0.0,Business/Marketing,No impact,8.3,No,Always On,Public,No,2022-07-04,Inspired,Yes,25-34,1402,High,27
USR00982,30,Female,Germany,Other,Snapchat,5,2.1,9,14.0,Laptop,Morning (6-10am),57438,62,1,17,11,0,9,Stories,Slow,0.122,Sometimes,55.58,Networking,No impact,4.5,No,Selected,Private,Yes,2022-04-26,Happy,Occasionally,25-34,1471,Medium,28
USR00983,19,Male,India,Other,Instagram,4,3.5,1,210.0,Smartphone,Afternoon (12-4pm),71,119,2,24,6,3,5,Photos,Medium,0.118,No,0.0,Networking,Severe impact,6.1,Yes,Do Not Disturb,Friends Only,No,2023-04-22,Happy,Yes,18-24,1110,Medium,33
USR00984,26,Male,Germany,Designer,Twitter/X,3,1.7,3,34.0,Laptop,Evening (6-9pm),1721,382,4,22,3,2,7,News,Fast,0.267,No,0.0,News & Updates,Moderate impact,7.0,No,Selected,Public,No,2023-03-25,Neutral,No,25-34,1138,Medium,27
USR00985,26,Male,USA,Researcher,Facebook,4,2.9,4,43.5,Smartphone,Afternoon (12-4pm),372,82,3,18,4,7,8,Videos,Medium,0.089,Yes,6.86,Networking,Moderate impact,10.0,No,Selected,Private,No,2022-02-10,Inspired,No,25-34,1546,High,29
USR00986,17,Male,UK,Student,YouTube,1,5.6,3,112.0,Laptop,Night (9pm-12am),2374,102,2,15,3,2,8,Reels/Shorts,Medium,0.171,Yes,28.27,Socializing,Mild impact,5.6,Yes,Selected,Private,No,2024-12-14,Stressed,Occasionally,Under 18,508,Medium,20
USR00987,39,Female,Pakistan,Engineer,LinkedIn,3,3.8,2,114.0,Laptop,Evening (6-9pm),6509,1228,2,18,4,1,11,Reels/Shorts,Medium,0.32,No,0.0,Learning,Mild impact,6.3,Yes,Selected,Public,No,2024-09-05,Relaxed,Occasionally,35-44,608,Medium,23
USR00988,34,Female,USA,Other,TikTok,5,1.9,6,19.0,Smartphone,Morning (6-10am),331,117,3,21,1,1,13,Entertainment,Medium,0.089,Yes,68.9,Learning,Moderate impact,6.9,Yes,Selected,Friends Only,No,2022-01-02,Neutral,Occasionally,25-34,1585,Medium,23
USR00989,25,Male,Canada,Entrepreneur,YouTube,5,2.6,2,78.0,Laptop,Afternoon (12-4pm),4984,769,2,14,3,2,2,Photos,Medium,0.213,Yes,2.27,News & Updates,Mild impact,6.4,Yes,Do Not Disturb,Private,No,2023-11-11,Inspired,Occasionally,25-34,907,Medium,19
USR00990,27,Male,USA,Teacher,Instagram,1,2.1,7,18.0,Smartphone,Afternoon (12-4pm),36248,1103,3,20,3,1,5,Educational,Medium,0.09,No,0.0,Business/Marketing,Moderate impact,4.8,No,Off,Public,Yes,2023-02-17,Relaxed,No,25-34,1174,Medium,24
USR00991,28,Male,UAE,Student,TikTok,5,2.3,10,13.8,Smartphone,Late Night (12am+),749,101,1,24,2,2,5,Memes,Fast,0.091,Sometimes,71.31,Socializing,Mild impact,8.9,Yes,Selected,Private,No,2022-09-25,Inspired,No,25-34,1319,High,28
USR00992,13,Female,Pakistan,Other,Instagram,1,3.0,1,180.0,Smartphone,Evening (6-9pm),2732,84,5,20,3,3,10,Reels/Shorts,Medium,0.085,No,0.0,Networking,Severe impact,5.4,Yes,Always On,Public,No,2023-11-29,Happy,No,Under 18,889,Medium,26
USR00993,25,Female,Canada,Teacher,Twitter/X,5,0.8,2,24.0,Smartphone,Evening (6-9pm),229,175,1,18,5,1,9,Memes,Medium,0.05,No,0.0,Socializing,Mild impact,7.0,Yes,Off,Private,No,2022-12-30,Bored,Occasionally,25-34,1223,Medium,24
USR00994,21,Female,USA,Entrepreneur,TikTok,3,0.7,4,10.5,Laptop,Night (9pm-12am),688,66,3,20,2,2,7,Stories,Medium,0.076,Yes,1.69,Entertainment,No impact,5.8,No,Do Not Disturb,Friends Only,No,2023-10-25,Relaxed,No,18-24,924,Medium,24
USR00995,18,Female,India,Marketer,LinkedIn,4,1.3,4,19.5,Smartphone,Evening (6-9pm),483,282,3,24,3,2,7,Educational,Fast,0.334,Yes,93.8,Business/Marketing,No impact,5.1,No,Selected,Friends Only,No,2022-05-02,Inspired,No,18-24,1465,Medium,29
USR00996,24,Male,Germany,Student,Instagram,4,3.6,8,27.0,Smartphone,Late Night (12am+),2791,191,2,13,7,2,9,Stories,Medium,0.107,No,0.0,News & Updates,Severe impact,8.1,No,Selected,Private,No,2022-02-14,Inspired,No,18-24,1542,High,22
USR00997,41,Male,USA,Researcher,TikTok,2,3.9,6,39.0,Smartphone,Evening (6-9pm),5816,377,2,18,3,2,10,Memes,Medium,0.051,Sometimes,2.17,Networking,Mild impact,6.7,Yes,Do Not Disturb,Friends Only,No,2022-10-30,Relaxed,Yes,35-44,1284,Medium,23
USR00998,32,Male,USA,Researcher,Twitter/X,4,4.3,2,129.0,Smartphone,Morning (6-10am),546,1308,3,14,5,2,10,Entertainment,Fast,0.012,Sometimes,193.49,Business/Marketing,No impact,2.3,No,Do Not Disturb,Friends Only,No,2022-10-18,Inspired,No,25-34,1296,Low,21
USR00999,22,Male,USA,Student,LinkedIn,5,1.4,6,14.0,Smartphone,Night (9pm-12am),10514,652,4,17,2,3,5,Memes,Slow,0.006,Sometimes,108.02,Entertainment,No impact,6.7,Yes,Do Not Disturb,Private,Yes,2022-08-16,Inspired,Yes,18-24,1359,Medium,22
USR01000,31,Female,Australia,Teacher,Snapchat,2,2.8,8,21.0,Smartphone,Night (9pm-12am),10447,440,3,25,2,2,11,Entertainment,Slow,0.18,Yes,18.94,News & Updates,No impact,5.1,Somewhat,Off,Friends Only,Yes,2024-12-13,Stressed,No,25-34,509,Medium,29
USR01001,38,Male,Germany,Student,Instagram,2,2.0,8,15.0,Smartphone,Afternoon (12-4pm),3054,23,0,14,6,1,8,Educational,Medium,0.027,No,0.0,Networking,No impact,3.3,Yes,Selected,Friends Only,No,2024-01-18,Relaxed,Occasionally,35-44,839,Low,21
USR01002,34,Female,USA,Student,Facebook,3,2.4,2,72.0,Laptop,Night (9pm-12am),262,416,2,23,3,1,5,Photos,Medium,0.09,No,0.0,Business/Marketing,Severe impact,7.9,Yes,Always On,Private,No,2022-05-29,Stressed,Yes,25-34,1438,High,27
USR01003,27,Female,Pakistan,Doctor,Twitter/X,3,2.0,5,24.0,Smartphone,Afternoon (12-4pm),221,1933,1,17,7,4,8,Entertainment,Medium,0.065,Sometimes,2.16,Socializing,Mild impact,4.8,No,Selected,Private,No,2024-02-05,Happy,No,25-34,821,Medium,28
USR01004,21,Non-binary,Pakistan,Researcher,Pinterest,3,3.1,4,46.5,Tablet,Night (9pm-12am),154,6,1,20,2,2,8,Videos,Medium,0.19,Sometimes,34.58,Socializing,No impact,6.7,No,Do Not Disturb,Public,No,2024-03-21,Inspired,Yes,18-24,776,Medium,24
USR01005,32,Male,Pakistan,Engineer,TikTok,5,1.6,3,32.0,Smartphone,Evening (6-9pm),3672,559,3,23,5,2,6,Photos,Medium,0.186,Sometimes,50.19,Socializing,Moderate impact,7.9,No,Selected,Friends Only,No,2022-07-26,Inspired,Yes,25-34,1380,High,30
USR01006,30,Male,Germany,Engineer,TikTok,5,5.3,8,39.8,Smartphone,Night (9pm-12am),75,202,2,25,2,0,10,Memes,Fast,0.14,No,0.0,Socializing,Moderate impact,5.8,Somewhat,Do Not Disturb,Private,No,2023-11-21,Relaxed,Yes,25-34,897,Medium,27
USR01007,34,Female,Brazil,Entrepreneur,Instagram,5,5.3,3,106.0,Smartphone,Morning (6-10am),2249,88,2,20,7,2,8,Educational,Medium,0.086,No,0.0,Business/Marketing,Severe impact,6.7,Somewhat,Always On,Friends Only,No,2023-09-11,Neutral,Yes,25-34,968,Medium,29
USR01008,32,Female,Pakistan,Entrepreneur,Instagram,4,3.5,7,30.0,Smartphone,Afternoon (12-4pm),95,639,3,18,4,0,10,Entertainment,Medium,0.119,Sometimes,191.44,Business/Marketing,Moderate impact,5.0,Yes,Do Not Disturb,Friends Only,No,2023-10-23,Bored,Occasionally,25-34,926,Medium,22
USR01009,35,Female,India,Marketer,Snapchat,1,4.9,2,147.0,Smartphone,Morning (6-10am),2928,1903,2,20,4,1,9,Educational,Slow,0.184,No,0.0,Socializing,No impact,8.2,No,Always On,Public,No,2022-10-07,Happy,No,35-44,1307,High,25
USR01010,22,Female,Nigeria,Designer,Twitter/X,3,0.8,1,48.0,Desktop,Morning (6-10am),686,620,3,22,4,2,4,Photos,Medium,0.147,Sometimes,116.03,Networking,Severe impact,5.9,No,Do Not Disturb,Private,No,2022-11-19,Bored,Yes,18-24,1264,Medium,28
USR01011,37,Male,Pakistan,Freelancer,Facebook,2,5.5,5,66.0,Smartphone,Night (9pm-12am),7336,156,3,24,6,2,5,Reels/Shorts,Medium,0.161,Yes,9.22,Networking,Moderate impact,7.2,Yes,Selected,Friends Only,No,2024-06-13,Neutral,No,35-44,692,High,32
USR01012,28,Female,Pakistan,Teacher,Facebook,2,3.3,4,49.5,Smartphone,Night (9pm-12am),5190,78,2,13,6,3,7,Educational,Medium,0.071,Sometimes,56.69,Socializing,No impact,8.9,Yes,Off,Public,No,2024-09-24,Relaxed,Occasionally,25-34,589,High,22
USR01013,43,Male,Canada,Entrepreneur,Facebook,2,1.7,4,25.5,Smartphone,Morning (6-10am),8805,291,4,23,6,3,6,Entertainment,Fast,0.016,Sometimes,47.26,Learning,No impact,2.9,Somewhat,Selected,Private,No,2023-10-12,Bored,No,35-44,937,Low,32
USR01014,21,Female,UAE,Marketer,Instagram,1,1.5,4,22.5,Smartphone,Evening (6-9pm),9223,697,2,24,8,1,14,News,Fast,0.077,No,0.0,Business/Marketing,Severe impact,5.0,Somewhat,Do Not Disturb,Friends Only,No,2022-12-23,Bored,Occasionally,18-24,1230,Medium,33
USR01015,40,Male,UAE,Designer,YouTube,5,6.6,3,132.0,Laptop,Late Night (12am+),861,153,3,21,5,1,7,Memes,Fast,0.174,Sometimes,10.5,Socializing,No impact,5.9,Yes,Always On,Public,No,2024-01-01,Stressed,Occasionally,35-44,856,Medium,27
USR01016,28,Male,Brazil,Engineer,TikTok,5,4.4,1,264.0,Smartphone,Morning (6-10am),82,172,2,21,5,2,4,Stories,Medium,0.063,Sometimes,17.0,News & Updates,No impact,6.4,Yes,Do Not Disturb,Public,No,2023-04-03,Bored,Occasionally,25-34,1129,Medium,28
USR01017,21,Female,Pakistan,Researcher,Instagram,5,2.3,2,69.0,Smartphone,Evening (6-9pm),100,7232,2,18,6,5,7,Reels/Shorts,Medium,0.072,No,0.0,Entertainment,Mild impact,7.3,Yes,Selected,Private,No,2022-12-26,Bored,Yes,18-24,1227,High,29
USR01018,23,Male,UAE,Student,Twitter/X,2,0.8,3,16.0,Smartphone,Evening (6-9pm),15,892,2,18,3,0,10,News,Slow,0.115,Sometimes,103.18,Entertainment,Moderate impact,8.4,No,Selected,Friends Only,No,2024-02-14,Bored,No,18-24,812,High,21
USR01019,24,Female,Canada,Entrepreneur,Instagram,1,5.6,4,84.0,Smartphone,Evening (6-9pm),94,972,3,21,6,3,13,Memes,Fast,0.133,Yes,8.37,News & Updates,Mild impact,4.9,Somewhat,Do Not Disturb,Friends Only,No,2023-09-21,Neutral,Yes,18-24,958,Medium,30
USR01020,30,Male,UAE,Doctor,YouTube,4,1.1,2,33.0,Tablet,Night (9pm-12am),752,42,3,20,4,1,8,Videos,Fast,0.078,No,0.0,News & Updates,Mild impact,5.8,No,Always On,Friends Only,No,2023-08-27,Bored,Occasionally,25-34,983,Medium,25
USR01021,31,Male,UK,Student,Instagram,1,2.0,6,20.0,Smartphone,Morning (6-10am),242,104,3,27,4,4,8,Videos,Slow,0.044,Yes,20.29,News & Updates,No impact,8.2,Yes,Always On,Friends Only,No,2022-09-18,Happy,Occasionally,25-34,1326,High,35
USR01022,22,Male,India,Researcher,Instagram,1,2.3,5,27.6,Smartphone,Afternoon (12-4pm),480,267,2,20,5,0,6,Photos,Medium,0.237,Yes,4.77,Networking,No impact,6.8,No,Selected,Friends Only,No,2022-12-30,Bored,Yes,18-24,1223,Medium,25
USR01023,26,Female,USA,Marketer,Snapchat,3,1.5,1,90.0,Smartphone,Afternoon (12-4pm),1614,73,3,12,4,2,9,News,Slow,0.07,Sometimes,19.57,Entertainment,Mild impact,3.1,No,Selected,Friends Only,No,2022-01-04,Happy,Occasionally,25-34,1583,Low,18
USR01024,44,Male,Canada,Researcher,TikTok,4,2.3,8,17.2,Laptop,Night (9pm-12am),384,1669,1,20,5,0,5,Videos,Fast,0.198,No,0.0,News & Updates,No impact,3.0,No,Always On,Friends Only,No,2024-03-12,Neutral,Yes,35-44,785,Low,25
USR01025,40,Male,UK,Doctor,Instagram,1,2.6,6,26.0,Smartphone,Evening (6-9pm),88,1329,4,18,3,1,12,Educational,Medium,0.088,Sometimes,22.53,Business/Marketing,Mild impact,5.3,No,Selected,Friends Only,No,2022-03-08,Relaxed,No,35-44,1520,Medium,22
USR01026,30,Female,India,Researcher,LinkedIn,4,2.2,1,132.0,Smart TV,Afternoon (12-4pm),604,128,4,17,3,1,9,Memes,Medium,0.111,No,0.0,News & Updates,No impact,7.2,Yes,Selected,Friends Only,No,2023-01-08,Happy,No,25-34,1214,High,21
USR01027,27,Female,Canada,Other,Instagram,1,3.2,9,21.3,Tablet,Morning (6-10am),131,2081,2,13,5,0,8,Entertainment,Medium,0.158,No,0.0,News & Updates,Mild impact,7.2,No,Selected,Private,No,2023-10-14,Inspired,Yes,25-34,935,High,18
USR01028,27,Male,Brazil,Doctor,Snapchat,4,6.8,3,136.0,Laptop,Late Night (12am+),408,243,1,13,3,2,6,Memes,Medium,0.074,No,0.0,News & Updates,Moderate impact,4.6,Yes,Always On,Private,No,2023-03-29,Relaxed,Occasionally,25-34,1134,Medium,18
USR01029,31,Female,Pakistan,Entrepreneur,Instagram,4,0.8,9,5.3,Tablet,Morning (6-10am),7457,5471,3,17,4,2,8,Videos,Fast,0.166,Sometimes,3.5,Networking,Severe impact,7.4,No,Selected,Friends Only,No,2022-08-02,Inspired,Occasionally,25-34,1373,High,23
USR01030,18,Male,India,Freelancer,Instagram,4,2.9,4,43.5,Smartphone,Night (9pm-12am),408,291,3,10,5,3,4,Photos,Medium,0.231,Sometimes,27.9,Networking,No impact,6.7,Yes,Always On,Public,No,2024-10-13,Inspired,Occasionally,18-24,570,Medium,18
USR01031,24,Female,UK,Engineer,TikTok,3,1.1,3,22.0,Smartphone,Evening (6-9pm),16118,488,2,19,3,0,8,Memes,Medium,0.042,No,0.0,Learning,Severe impact,4.3,Somewhat,Always On,Public,Yes,2022-10-16,Neutral,Occasionally,18-24,1298,Medium,22
USR01032,13,Female,Brazil,Other,Instagram,5,0.8,7,6.9,Laptop,Evening (6-9pm),8751,1312,4,17,3,2,5,Entertainment,Medium,0.092,Sometimes,48.07,Business/Marketing,Mild impact,5.1,Somewhat,Always On,Private,No,2023-11-10,Relaxed,Occasionally,Under 18,908,Medium,22
USR01033,30,Male,Canada,Doctor,Facebook,1,4.7,5,56.4,Desktop,Afternoon (12-4pm),234,1133,4,16,3,3,6,News,Slow,0.097,No,0.0,Business/Marketing,Moderate impact,2.7,No,Selected,Public,No,2022-06-09,Neutral,No,25-34,1427,Low,22
USR01034,32,Male,USA,Other,Instagram,3,3.1,6,31.0,Smartphone,Night (9pm-12am),90,451,2,18,5,2,12,Stories,Fast,0.204,Sometimes,0.98,Networking,Moderate impact,4.1,No,Always On,Public,No,2023-05-03,Happy,No,25-34,1099,Medium,25
USR01035,23,Female,India,Engineer,Instagram,1,0.7,3,14.0,Smartphone,Evening (6-9pm),605,206,4,18,2,1,4,Photos,Medium,0.113,Sometimes,35.29,Learning,Severe impact,2.8,No,Off,Friends Only,No,2023-12-12,Bored,No,18-24,876,Low,21
USR01036,39,Male,UK,Designer,YouTube,1,2.3,7,19.7,Smartphone,Evening (6-9pm),5302,453,3,20,5,2,5,Educational,Medium,0.156,No,0.0,Entertainment,Mild impact,3.4,No,Selected,Private,No,2023-10-17,Happy,Yes,35-44,932,Low,27
USR01037,17,Female,Germany,Marketer,TikTok,2,1.3,5,15.6,Desktop,Evening (6-9pm),275,91,1,14,1,2,16,Stories,Fast,0.084,Sometimes,51.54,News & Updates,No impact,9.2,No,Selected,Public,No,2022-12-10,Happy,Yes,Under 18,1243,High,17
USR01038,15,Female,UAE,Designer,TikTok,2,2.3,8,17.2,Tablet,Evening (6-9pm),3410,293,4,24,3,2,10,Memes,Slow,0.014,No,0.0,Learning,Mild impact,5.5,Yes,Selected,Public,No,2022-07-01,Relaxed,Occasionally,Under 18,1405,Medium,29
USR01039,28,Female,Canada,Engineer,Instagram,3,4.0,7,34.3,Desktop,Afternoon (12-4pm),5855,64,0,20,3,1,9,Memes,Medium,0.235,Sometimes,101.72,Learning,Mild impact,3.0,Somewhat,Selected,Private,No,2023-11-19,Bored,Yes,25-34,899,Low,24
USR01040,35,Female,Australia,Entrepreneur,Instagram,1,3.8,3,76.0,Desktop,Night (9pm-12am),165,28,5,23,4,3,10,Entertainment,Medium,0.15,Sometimes,10.86,Business/Marketing,Moderate impact,7.0,No,Selected,Friends Only,No,2024-07-03,Bored,No,35-44,672,Medium,30
USR01041,40,Male,Germany,Doctor,YouTube,3,2.0,5,24.0,Smartphone,Morning (6-10am),196,259,1,21,4,5,7,Stories,Slow,0.088,No,0.0,Business/Marketing,Moderate impact,6.7,Somewhat,Do Not Disturb,Friends Only,No,2022-01-24,Inspired,Yes,35-44,1563,Medium,30
USR01042,23,Male,USA,Researcher,Twitter/X,5,4.8,9,32.0,Smart TV,Afternoon (12-4pm),2398,1112,4,17,4,3,15,Memes,Slow,0.104,No,0.0,Socializing,No impact,6.5,No,Always On,Private,No,2023-06-28,Bored,No,18-24,1043,Medium,24
USR01043,35,Female,India,Researcher,YouTube,5,5.9,5,70.8,Laptop,Evening (6-9pm),874,743,2,27,4,3,9,Educational,Medium,0.041,Sometimes,60.28,Entertainment,Mild impact,4.6,Yes,Always On,Public,No,2023-03-06,Happy,Yes,35-44,1157,Medium,34
USR01044,26,Male,India,Freelancer,Twitter/X,2,4.1,6,41.0,Smartphone,Evening (6-9pm),193,221,1,15,5,1,8,Educational,Medium,0.103,Yes,1.36,Entertainment,No impact,7.3,Yes,Do Not Disturb,Friends Only,No,2023-05-27,Neutral,Occasionally,25-34,1075,High,21
USR01045,25,Female,Pakistan,Teacher,YouTube,2,1.7,4,25.5,Smartphone,Night (9pm-12am),352,1990,5,18,6,2,8,News,Medium,0.202,Sometimes,18.45,Entertainment,Moderate impact,4.2,No,Off,Private,No,2022-05-19,Inspired,No,25-34,1448,Medium,26
USR01046,34,Female,India,Marketer,Twitter/X,3,2.4,6,24.0,Desktop,Morning (6-10am),585,123,3,18,5,3,10,Educational,Medium,0.072,No,0.0,Learning,Severe impact,7.6,Somewhat,Selected,Friends Only,No,2023-12-19,Neutral,Occasionally,25-34,869,High,26
USR01047,32,Female,Canada,Researcher,Instagram,5,6.6,6,66.0,Smart TV,Night (9pm-12am),39,24,2,27,8,3,5,News,Slow,0.039,Sometimes,37.03,Socializing,Moderate impact,7.8,No,Always On,Friends Only,No,2023-06-10,Bored,No,25-34,1061,High,38
USR01048,14,Male,Canada,Engineer,Twitter/X,5,2.1,5,25.2,Smartphone,Morning (6-10am),2639,17,2,19,2,2,9,Educational,Fast,0.026,No,0.0,Entertainment,Moderate impact,6.1,No,Do Not Disturb,Private,No,2022-08-10,Neutral,Occasionally,Under 18,1365,Medium,23
USR01049,38,Female,Pakistan,Researcher,LinkedIn,3,3.8,6,38.0,Laptop,Morning (6-10am),280,59,7,23,2,3,14,News,Fast,0.023,No,0.0,Socializing,No impact,3.6,Yes,Do Not Disturb,Public,No,2022-01-03,Happy,No,35-44,1584,Low,28
USR01050,38,Male,Nigeria,Marketer,Instagram,5,1.5,4,22.5,Laptop,Morning (6-10am),4,651,4,25,1,3,8,News,Slow,0.162,Yes,16.48,Entertainment,No impact,7.6,Yes,Always On,Public,No,2022-04-09,Stressed,Yes,35-44,1488,High,29
USR01051,21,Male,India,Engineer,YouTube,2,4.8,4,72.0,Smartphone,Afternoon (12-4pm),637,114,2,26,2,5,8,Educational,Medium,0.179,Sometimes,61.16,Networking,Mild impact,5.1,Yes,Always On,Friends Only,No,2024-03-01,Bored,No,18-24,796,Medium,33
USR01052,30,Male,Pakistan,Engineer,Snapchat,3,1.4,7,12.0,Smartphone,Evening (6-9pm),175,425,0,16,3,1,8,Educational,Medium,0.206,Yes,23.12,Networking,Severe impact,6.7,No,Do Not Disturb,Public,No,2024-06-16,Bored,No,25-34,689,Medium,20
USR01053,30,Female,UK,Student,Twitter/X,4,2.4,7,20.6,Smartphone,Late Night (12am+),13903,1764,2,20,3,6,10,Videos,Medium,0.033,No,0.0,Socializing,Mild impact,7.4,Somewhat,Always On,Public,Yes,2024-05-09,Stressed,Yes,25-34,727,High,29
USR01054,29,Female,UK,Marketer,Twitter/X,4,3.7,5,44.4,Smartphone,Afternoon (12-4pm),231,65,1,27,2,3,9,Memes,Medium,0.018,No,0.0,Learning,Moderate impact,4.7,Yes,Selected,Public,No,2022-12-07,Stressed,No,25-34,1246,Medium,32
USR01055,22,Female,Canada,Researcher,Pinterest,4,7.4,3,148.0,Tablet,Night (9pm-12am),92,434,2,22,8,2,6,Reels/Shorts,Slow,0.036,Sometimes,0.06,Entertainment,No impact,10.0,Yes,Always On,Public,No,2024-04-27,Stressed,Yes,18-24,739,High,32
USR01056,21,Female,Pakistan,Student,Instagram,5,3.0,3,60.0,Smartphone,Late Night (12am+),1659,467,3,26,6,0,8,Educational,Slow,0.086,No,0.0,Learning,Moderate impact,6.1,No,Selected,Friends Only,No,2024-10-06,Inspired,Occasionally,18-24,577,Medium,32
USR01057,26,Female,Pakistan,Designer,Twitter/X,2,2.2,3,44.0,Smartphone,Afternoon (12-4pm),202,87,3,14,1,1,4,Memes,Fast,0.249,Yes,39.21,Networking,Moderate impact,5.0,Yes,Always On,Public,No,2024-02-15,Happy,Occasionally,25-34,811,Medium,16
USR01058,36,Male,Germany,Doctor,TikTok,2,2.0,2,60.0,Smartphone,Evening (6-9pm),163,1242,3,19,4,3,10,News,Fast,0.041,No,0.0,Entertainment,Mild impact,8.0,No,Selected,Private,No,2023-12-21,Bored,No,35-44,867,High,26
USR01059,31,Male,UAE,Student,Facebook,5,4.7,6,47.0,Smartphone,Night (9pm-12am),1664,173,4,22,2,2,8,Memes,Medium,0.368,Yes,30.32,Learning,Moderate impact,9.0,Somewhat,Do Not Disturb,Private,No,2024-02-08,Relaxed,No,25-34,818,High,26
USR01060,24,Female,India,Doctor,Twitter/X,2,3.5,3,70.0,Smartphone,Evening (6-9pm),102,154,1,24,7,0,6,Reels/Shorts,Medium,0.011,Yes,20.87,News & Updates,Moderate impact,2.5,No,Selected,Public,No,2022-07-27,Relaxed,Occasionally,18-24,1379,Low,31
USR01061,33,Female,Germany,Entrepreneur,LinkedIn,3,4.0,3,80.0,Smartphone,Evening (6-9pm),48,3083,4,23,5,2,15,Memes,Medium,0.125,No,0.0,Networking,Mild impact,3.7,Yes,Do Not Disturb,Friends Only,No,2024-09-08,Relaxed,Occasionally,25-34,605,Low,30
USR01062,13,Male,Canada,Teacher,Instagram,3,6.3,11,34.4,Laptop,Evening (6-9pm),14865,458,4,19,3,1,6,Photos,Medium,0.03,No,0.0,Learning,Moderate impact,4.8,Yes,Selected,Private,Yes,2023-04-07,Neutral,Yes,Under 18,1125,Medium,23
USR01063,36,Male,Nigeria,Doctor,Instagram,5,2.7,4,40.5,Tablet,Evening (6-9pm),1887,742,2,21,2,1,8,Educational,Medium,0.097,Yes,7.58,Socializing,Mild impact,10.0,No,Selected,Private,No,2022-11-30,Neutral,No,35-44,1253,High,24
USR01064,13,Male,Pakistan,Marketer,Facebook,2,3.3,10,19.8,Smartphone,Evening (6-9pm),413,1243,4,16,3,1,3,Entertainment,Fast,0.168,Yes,4.98,Learning,Mild impact,5.3,Somewhat,Selected,Public,No,2024-07-13,Relaxed,Occasionally,Under 18,662,Medium,20
USR01065,24,Male,Pakistan,Student,Instagram,5,2.0,8,15.0,Smartphone,Afternoon (12-4pm),660,112,6,16,4,2,4,Memes,Medium,0.124,No,0.0,Entertainment,Mild impact,8.9,Somewhat,Always On,Friends Only,No,2022-05-31,Bored,Occasionally,18-24,1436,High,22
USR01066,18,Male,USA,Designer,TikTok,2,1.5,3,30.0,Smartphone,Night (9pm-12am),1653,1096,6,19,3,1,12,Educational,Fast,0.272,Sometimes,100.05,Networking,No impact,6.6,Yes,Selected,Public,No,2022-03-10,Relaxed,Yes,18-24,1518,Medium,23
USR01067,16,Male,UAE,Other,Facebook,2,1.7,7,14.6,Smartphone,Night (9pm-12am),3835,133,2,14,3,3,11,Educational,Medium,0.029,Sometimes,8.25,Entertainment,Mild impact,3.6,Yes,Always On,Public,No,2023-08-27,Relaxed,Occasionally,Under 18,983,Low,20
USR01068,36,Female,USA,Doctor,Twitter/X,3,0.5,5,6.0,Laptop,Evening (6-9pm),170,127,2,22,6,1,10,Entertainment,Medium,0.138,Yes,21.65,Entertainment,Mild impact,7.8,No,Always On,Public,No,2022-02-11,Inspired,Occasionally,35-44,1545,High,29
USR01069,23,Male,Pakistan,Doctor,TikTok,3,3.7,3,74.0,Laptop,Morning (6-10am),1285,176,0,21,4,1,14,Entertainment,Medium,0.319,Sometimes,104.93,Entertainment,No impact,6.8,Yes,Selected,Friends Only,No,2023-10-15,Inspired,Yes,18-24,934,Medium,26
USR01070,29,Male,UAE,Entrepreneur,Pinterest,3,3.4,5,40.8,Desktop,Late Night (12am+),267,115,3,18,6,4,6,Videos,Medium,0.369,Yes,7.9,News & Updates,Mild impact,4.6,Yes,Selected,Friends Only,No,2023-06-19,Inspired,Occasionally,25-34,1052,Medium,28
USR01071,26,Female,Pakistan,Student,Twitter/X,1,3.6,6,36.0,Laptop,Afternoon (12-4pm),473,656,1,21,3,1,5,Educational,Fast,0.211,No,0.0,Networking,Mild impact,5.0,Yes,Selected,Public,No,2022-08-03,Stressed,Occasionally,25-34,1372,Medium,25
USR01072,30,Male,India,Teacher,Twitter/X,5,1.4,5,16.8,Tablet,Afternoon (12-4pm),888,337,5,17,7,1,9,Educational,Medium,0.077,Sometimes,22.77,Learning,Moderate impact,4.3,No,Selected,Friends Only,No,2022-06-01,Stressed,No,25-34,1435,Medium,25
USR01073,27,Female,Canada,Other,Facebook,4,1.7,5,20.4,Laptop,Evening (6-9pm),657,135,5,16,4,1,8,Reels/Shorts,Medium,0.12,No,0.0,Business/Marketing,Mild impact,5.1,Yes,Do Not Disturb,Friends Only,No,2023-12-02,Inspired,Occasionally,25-34,886,Medium,21
USR01074,16,Female,USA,Student,Instagram,2,1.7,2,51.0,Laptop,Evening (6-9pm),2499,549,3,18,6,1,8,Educational,Slow,0.068,No,0.0,Socializing,Mild impact,7.4,No,Selected,Private,No,2022-12-15,Stressed,Yes,Under 18,1238,High,25
USR01075,34,Female,Nigeria,Teacher,YouTube,1,5.1,6,51.0,Smartphone,Morning (6-10am),1598,175,2,26,1,2,10,Educational,Fast,0.136,Sometimes,12.61,Entertainment,Severe impact,4.6,Somewhat,Selected,Friends Only,No,2024-02-08,Neutral,Yes,25-34,818,Medium,29
USR01076,23,Female,Germany,Designer,Snapchat,3,2.9,5,34.8,Smartphone,Night (9pm-12am),44,165,3,11,5,3,6,Stories,Fast,0.081,Yes,5.4,Entertainment,Mild impact,6.4,Yes,Do Not Disturb,Friends Only,No,2022-11-26,Relaxed,Yes,18-24,1257,Medium,19
USR01077,14,Male,Nigeria,Teacher,Facebook,5,2.7,4,40.5,Laptop,Afternoon (12-4pm),57,259,4,17,6,1,5,Memes,Fast,0.085,Yes,19.47,News & Updates,No impact,6.8,Somewhat,Selected,Public,No,2022-06-03,Inspired,No,Under 18,1433,Medium,24
USR01078,23,Female,UK,Engineer,YouTube,2,4.2,7,36.0,Smartphone,Morning (6-10am),341,426,2,21,10,2,4,Entertainment,Slow,0.075,Sometimes,4.02,Learning,Moderate impact,6.1,Yes,Selected,Public,No,2022-07-10,Bored,No,18-24,1396,Medium,33
USR01079,39,Female,Australia,Entrepreneur,YouTube,2,1.7,5,20.4,Laptop,Afternoon (12-4pm),17881,390,3,30,4,3,12,Videos,Medium,0.332,Sometimes,30.99,Socializing,Severe impact,3.3,No,Selected,Private,Yes,2023-11-24,Neutral,Yes,35-44,894,Low,37
USR01080,33,Prefer not to say,UAE,Entrepreneur,Instagram,1,3.3,6,33.0,Tablet,Afternoon (12-4pm),143,158,2,15,9,2,7,Memes,Medium,0.143,No,0.0,Entertainment,No impact,7.5,Yes,Selected,Public,No,2024-09-15,Stressed,No,25-34,598,High,26
USR01081,24,Female,UK,Other,Twitter/X,3,8.0,6,80.0,Laptop,Afternoon (12-4pm),457,676,2,21,3,4,12,Videos,Fast,0.054,No,0.0,Entertainment,Moderate impact,4.1,Somewhat,Always On,Public,No,2022-03-05,Neutral,Yes,18-24,1523,Medium,28
USR01082,24,Female,UAE,Entrepreneur,TikTok,4,5.6,6,56.0,Laptop,Night (9pm-12am),253,187,1,27,7,1,5,Memes,Fast,0.023,Yes,80.9,Networking,Mild impact,5.2,No,Always On,Friends Only,No,2024-06-02,Stressed,Occasionally,18-24,703,Medium,35
USR01083,24,Female,USA,Student,TikTok,2,3.3,3,66.0,Smartphone,Evening (6-9pm),245,111,1,22,2,0,7,Reels/Shorts,Medium,0.025,Sometimes,14.82,Learning,No impact,5.4,No,Always On,Public,No,2022-12-04,Inspired,No,18-24,1249,Medium,24
USR01084,43,Prefer not to say,India,Freelancer,Twitter/X,3,2.8,5,33.6,Smartphone,Afternoon (12-4pm),916,42,5,20,5,1,10,News,Medium,0.022,No,0.0,Networking,Mild impact,6.1,Yes,Selected,Public,No,2024-06-08,Happy,Yes,35-44,697,Medium,26
USR01085,30,Male,Germany,Entrepreneur,TikTok,1,3.6,4,54.0,Smartphone,Night (9pm-12am),8278,796,2,23,3,1,11,Stories,Slow,0.135,No,0.0,Socializing,Moderate impact,6.4,Yes,Always On,Friends Only,No,2022-11-18,Neutral,No,25-34,1265,Medium,27
USR01086,30,Female,Canada,Engineer,Instagram,5,6.1,8,45.8,Smartphone,Night (9pm-12am),1511,248,5,25,4,2,7,Stories,Slow,0.241,Yes,9.93,Socializing,Mild impact,7.4,No,Do Not Disturb,Friends Only,No,2022-04-20,Stressed,Yes,25-34,1477,High,31
USR01087,35,Male,UAE,Researcher,Twitter/X,5,5.8,3,116.0,Laptop,Morning (6-10am),156,315,2,19,7,0,6,Entertainment,Slow,0.139,No,0.0,Business/Marketing,Mild impact,5.6,Somewhat,Selected,Public,No,2022-07-27,Bored,No,35-44,1379,Medium,26
USR01088,28,Female,Canada,Engineer,Facebook,1,6.7,2,201.0,Smartphone,Night (9pm-12am),94448,858,1,22,3,0,10,News,Fast,0.164,Sometimes,2.12,Learning,No impact,4.0,Yes,Do Not Disturb,Public,Yes,2023-11-10,Happy,Occasionally,25-34,908,Low,25
USR01089,24,Prefer not to say,UK,Doctor,TikTok,4,3.1,1,186.0,Smartphone,Evening (6-9pm),766,137,5,22,8,0,2,Reels/Shorts,Slow,0.289,No,0.0,Networking,Moderate impact,8.2,Somewhat,Do Not Disturb,Friends Only,No,2023-02-25,Happy,No,18-24,1166,High,30
USR01090,25,Male,India,Teacher,Instagram,5,0.5,7,4.3,Smartphone,Night (9pm-12am),235,47,4,22,3,1,7,Reels/Shorts,Fast,0.263,Sometimes,9.49,Business/Marketing,No impact,5.5,No,Selected,Friends Only,No,2023-01-25,Relaxed,Yes,25-34,1197,Medium,26
USR01091,26,Male,India,Doctor,LinkedIn,1,7.7,3,154.0,Laptop,Night (9pm-12am),8448,266,3,25,1,3,8,Memes,Medium,0.052,Yes,45.8,Business/Marketing,No impact,5.9,No,Always On,Public,No,2024-04-18,Neutral,Occasionally,25-34,748,Medium,29
USR01092,26,Female,UK,Researcher,Instagram,5,1.5,2,45.0,Smartphone,Evening (6-9pm),285,354,1,17,4,3,6,Entertainment,Fast,0.043,Sometimes,5.85,Entertainment,Severe impact,4.4,Yes,Off,Public,No,2023-06-28,Stressed,Occasionally,25-34,1043,Medium,24
USR01093,32,Female,Germany,Designer,Snapchat,1,4.2,4,63.0,Smartphone,Morning (6-10am),13269,178,6,22,4,1,11,Reels/Shorts,Fast,0.005,Sometimes,10.43,Networking,Moderate impact,4.6,Yes,Off,Friends Only,Yes,2023-07-31,Stressed,Yes,25-34,1010,Medium,27
USR01094,27,Female,USA,Engineer,Instagram,5,0.5,6,5.0,Laptop,Evening (6-9pm),138,1434,2,18,3,2,6,Memes,Fast,0.053,Sometimes,68.76,Socializing,Mild impact,8.8,No,Always On,Public,No,2023-09-02,Inspired,Yes,25-34,977,High,23
USR01095,32,Female,Pakistan,Freelancer,Instagram,4,2.7,2,81.0,Smartphone,Afternoon (12-4pm),8725,12,3,16,4,2,6,Photos,Medium,0.149,Sometimes,20.1,News & Updates,No impact,3.7,Somewhat,Do Not Disturb,Public,No,2023-05-02,Relaxed,Yes,25-34,1100,Low,22
USR01096,26,Male,Canada,Researcher,YouTube,1,2.1,7,18.0,Laptop,Evening (6-9pm),955,938,0,22,4,3,5,News,Fast,0.199,No,0.0,Learning,Mild impact,4.0,Yes,Always On,Public,No,2022-07-16,Stressed,Occasionally,25-34,1390,Low,29
USR01097,27,Female,Germany,Student,YouTube,4,6.7,4,100.5,Desktop,Morning (6-10am),6794,632,3,18,4,3,10,Entertainment,Fast,0.053,No,0.0,Learning,Severe impact,5.4,Yes,Always On,Friends Only,No,2022-04-12,Bored,Occasionally,25-34,1485,Medium,25
USR01098,13,Female,Pakistan,Entrepreneur,Twitter/X,4,3.3,10,19.8,Smartphone,Night (9pm-12am),20397,423,4,23,2,0,15,News,Slow,0.123,Sometimes,12.54,Socializing,Mild impact,6.8,No,Selected,Friends Only,Yes,2024-03-15,Stressed,Occasionally,Under 18,782,Medium,25
USR01099,34,Non-binary,Pakistan,Researcher,Facebook,2,2.6,8,19.5,Smartphone,Evening (6-9pm),86,4,4,17,2,2,9,Entertainment,Medium,0.205,No,0.0,News & Updates,No impact,4.5,Yes,Always On,Public,No,2024-10-02,Happy,Yes,25-34,581,Medium,21
USR01100,29,Male,Australia,Researcher,Twitter/X,1,3.5,6,35.0,Smartphone,Evening (6-9pm),6610,1142,4,23,3,2,6,Memes,Fast,0.132,Yes,119.32,Business/Marketing,Severe impact,3.4,Yes,Do Not Disturb,Friends Only,No,2022-11-11,Inspired,Occasionally,25-34,1272,Low,28
USR01101,34,Male,USA,Marketer,TikTok,4,0.5,7,4.3,Smartphone,Night (9pm-12am),52,71,0,26,1,4,10,News,Fast,0.131,Yes,18.26,Socializing,Moderate impact,4.0,Yes,Selected,Friends Only,No,2022-04-22,Neutral,Yes,25-34,1475,Low,31
USR01102,13,Female,USA,Entrepreneur,Instagram,2,1.6,3,32.0,Smartphone,Afternoon (12-4pm),100,133,4,22,3,0,13,Memes,Medium,0.069,Sometimes,17.62,Learning,Mild impact,5.5,Yes,Do Not Disturb,Private,No,2024-01-09,Relaxed,Yes,Under 18,848,Medium,25
USR01103,43,Male,USA,Engineer,TikTok,2,1.8,4,27.0,Smartphone,Afternoon (12-4pm),156,199,5,19,4,2,8,Videos,Medium,0.04,Sometimes,133.04,Business/Marketing,Moderate impact,4.4,Somewhat,Always On,Friends Only,No,2022-01-08,Stressed,No,35-44,1579,Medium,25
USR01104,25,Female,UK,Other,Facebook,4,3.9,8,29.2,Laptop,Evening (6-9pm),1646,398,3,23,5,4,6,Educational,Medium,0.408,No,0.0,News & Updates,No impact,10.0,Somewhat,Do Not Disturb,Friends Only,No,2024-05-25,Neutral,No,25-34,711,High,32
USR01105,35,Female,UK,Doctor,YouTube,3,1.2,5,14.4,Smartphone,Late Night (12am+),705,527,2,12,4,0,12,Photos,Medium,0.092,No,0.0,Entertainment,Mild impact,9.8,Somewhat,Always On,Friends Only,No,2022-06-29,Happy,No,35-44,1407,High,16
USR01106,18,Prefer not to say,UK,Entrepreneur,Snapchat,1,3.0,4,45.0,Smartphone,Night (9pm-12am),492,714,3,20,6,1,6,Videos,Fast,0.156,No,0.0,Networking,No impact,8.3,No,Selected,Public,No,2023-08-27,Bored,No,18-24,983,High,27
USR01107,31,Male,USA,Marketer,YouTube,1,2.5,4,37.5,Smartphone,Afternoon (12-4pm),865,651,5,23,2,0,6,Photos,Medium,0.084,No,0.0,Learning,Moderate impact,6.9,Yes,Selected,Public,No,2024-09-10,Stressed,No,25-34,603,Medium,25
USR01108,18,Male,India,Other,Pinterest,3,1.7,5,20.4,Laptop,Evening (6-9pm),1928,331,0,14,2,4,10,Stories,Medium,0.037,No,0.0,Entertainment,Severe impact,6.9,No,Always On,Friends Only,No,2023-02-13,Happy,Yes,18-24,1178,Medium,20
USR01109,22,Female,UK,Teacher,Facebook,1,1.8,5,21.6,Smartphone,Evening (6-9pm),2214,403,4,16,3,1,3,News,Medium,0.101,No,0.0,Entertainment,Severe impact,8.6,No,Off,Public,No,2022-07-18,Happy,Occasionally,18-24,1388,High,20
USR01110,42,Female,USA,Entrepreneur,TikTok,4,2.4,4,36.0,Desktop,Afternoon (12-4pm),4767,66,1,15,5,1,5,Entertainment,Fast,0.132,Yes,115.23,News & Updates,Mild impact,6.4,Yes,Selected,Public,No,2022-02-22,Inspired,Yes,35-44,1534,Medium,21
USR01111,25,Male,USA,Teacher,Facebook,2,0.5,3,10.0,Smartphone,Afternoon (12-4pm),17607,99,6,23,3,1,9,Entertainment,Fast,0.032,Yes,2.12,Socializing,Mild impact,4.7,No,Do Not Disturb,Friends Only,Yes,2023-02-28,Stressed,Occasionally,25-34,1163,Medium,27
USR01112,28,Male,Brazil,Teacher,Instagram,2,4.2,6,42.0,Smartphone,Evening (6-9pm),640,716,3,30,7,0,10,Memes,Medium,0.145,No,0.0,Business/Marketing,Severe impact,10.0,Somewhat,Selected,Friends Only,No,2022-12-16,Inspired,Occasionally,25-34,1237,High,37
USR01113,33,Male,USA,Researcher,Facebook,3,1.4,8,10.5,Laptop,Afternoon (12-4pm),260,668,4,19,5,2,8,Stories,Medium,0.151,Yes,80.48,Socializing,Moderate impact,7.2,Yes,Always On,Public,No,2023-08-21,Relaxed,Yes,25-34,989,High,26
USR01114,30,Female,Nigeria,Freelancer,TikTok,4,2.2,5,26.4,Tablet,Afternoon (12-4pm),2006,583,1,22,3,1,6,Videos,Fast,0.281,Sometimes,71.98,Learning,No impact,8.8,Yes,Do Not Disturb,Private,No,2022-06-17,Neutral,No,25-34,1419,High,26
USR01115,28,Male,Germany,Researcher,Instagram,4,6.6,5,79.2,Smartphone,Afternoon (12-4pm),84,131,4,26,7,0,6,Educational,Medium,0.17,Sometimes,0.57,Entertainment,No impact,9.5,No,Selected,Private,No,2024-08-27,Relaxed,Occasionally,25-34,617,High,33
USR01116,29,Female,Pakistan,Entrepreneur,Snapchat,2,4.3,3,86.0,Smartphone,Morning (6-10am),196,729,6,16,5,1,7,Educational,Medium,0.155,Yes,30.17,Learning,Severe impact,3.0,No,Always On,Friends Only,No,2022-08-25,Bored,No,25-34,1350,Low,22
USR01117,46,Male,Pakistan,Teacher,TikTok,5,1.1,5,13.2,Laptop,Afternoon (12-4pm),4019,60,2,23,2,3,9,Stories,Medium,0.185,No,0.0,Business/Marketing,Mild impact,4.6,No,Always On,Friends Only,No,2023-09-24,Inspired,Occasionally,45+,955,Medium,28
USR01118,26,Male,Canada,Designer,YouTube,5,0.5,5,6.0,Smartphone,Morning (6-10am),531,891,6,19,6,0,7,Educational,Slow,0.148,No,0.0,Entertainment,No impact,5.8,No,Always On,Private,No,2024-03-25,Stressed,No,25-34,772,Medium,25
USR01119,28,Female,Pakistan,Marketer,Facebook,1,3.6,10,21.6,Tablet,Evening (6-9pm),75,178,4,15,4,4,7,Memes,Medium,0.019,Sometimes,8.7,News & Updates,Moderate impact,7.1,Yes,Selected,Private,No,2024-08-22,Neutral,No,25-34,622,High,23
USR01120,35,Male,Canada,Student,YouTube,1,2.2,4,33.0,Laptop,Night (9pm-12am),45,1846,4,18,6,4,12,Reels/Shorts,Fast,0.01,Sometimes,42.82,Socializing,Moderate impact,7.8,No,Always On,Friends Only,No,2024-09-28,Inspired,No,35-44,585,High,28
USR01121,35,Female,Australia,Engineer,Snapchat,1,3.0,4,45.0,Smartphone,Evening (6-9pm),726,39,3,15,2,3,6,News,Fast,0.018,No,0.0,Socializing,No impact,6.1,Yes,Selected,Public,No,2023-06-27,Inspired,No,35-44,1044,Medium,20
USR01122,36,Female,Pakistan,Marketer,Pinterest,4,4.2,9,28.0,Smartphone,Evening (6-9pm),5194,2030,3,17,6,1,9,Videos,Medium,0.065,No,0.0,News & Updates,No impact,8.5,Yes,Do Not Disturb,Friends Only,No,2022-07-06,Happy,Yes,35-44,1400,High,24
USR01123,32,Male,India,Freelancer,YouTube,2,4.6,5,55.2,Smartphone,Afternoon (12-4pm),5071,158,2,16,4,0,3,Memes,Slow,0.136,No,0.0,Business/Marketing,Moderate impact,7.3,No,Off,Friends Only,No,2024-03-04,Bored,Occasionally,25-34,793,High,20
USR01124,17,Male,USA,Researcher,Facebook,4,1.9,4,28.5,Smartphone,Morning (6-10am),812,155,3,19,6,0,8,Memes,Medium,0.202,No,0.0,Learning,No impact,7.3,Somewhat,Do Not Disturb,Friends Only,No,2023-01-14,Relaxed,Occasionally,Under 18,1208,High,25
USR01125,40,Male,Canada,Engineer,Facebook,3,2.4,2,72.0,Smartphone,Night (9pm-12am),24736,309,3,21,2,4,7,Photos,Medium,0.146,Yes,10.23,Learning,Severe impact,5.7,No,Always On,Public,Yes,2024-01-30,Happy,Occasionally,35-44,827,Medium,27
USR01126,17,Male,Brazil,Researcher,Instagram,2,3.4,4,51.0,Smartphone,Night (9pm-12am),550,106,3,21,5,2,8,News,Slow,0.179,No,0.0,Entertainment,No impact,6.8,Yes,Selected,Friends Only,No,2024-02-21,Inspired,Occasionally,Under 18,805,Medium,28
USR01127,29,Female,USA,Doctor,LinkedIn,2,3.5,4,52.5,Desktop,Night (9pm-12am),518,224,2,23,5,1,9,Entertainment,Medium,0.136,Sometimes,16.78,Business/Marketing,No impact,6.8,No,Selected,Private,No,2024-01-27,Happy,Yes,25-34,830,Medium,29
USR01128,20,Female,Nigeria,Other,Snapchat,2,3.0,5,36.0,Smartphone,Afternoon (12-4pm),6,100,2,19,4,1,6,Reels/Shorts,Medium,0.168,Sometimes,31.72,Business/Marketing,Moderate impact,7.9,Somewhat,Do Not Disturb,Private,No,2023-01-18,Happy,Yes,18-24,1204,High,24
USR01129,26,Female,UAE,Entrepreneur,TikTok,2,6.1,2,183.0,Laptop,Evening (6-9pm),297,105,5,21,7,2,8,Memes,Medium,0.072,Sometimes,3.93,Socializing,No impact,3.8,No,Selected,Friends Only,No,2024-07-01,Stressed,Yes,25-34,674,Low,30
USR01130,29,Female,USA,Student,Instagram,1,3.5,8,26.2,Smartphone,Night (9pm-12am),3082,438,1,28,3,1,5,Educational,Medium,0.075,Yes,14.22,Socializing,No impact,7.5,Yes,Selected,Friends Only,No,2022-04-02,Stressed,Occasionally,25-34,1495,High,32
USR01131,29,Female,Pakistan,Student,YouTube,2,4.2,3,84.0,Smartphone,Night (9pm-12am),11104,82,2,15,5,1,8,Videos,Medium,0.137,No,0.0,Socializing,Moderate impact,3.2,No,Always On,Public,Yes,2023-06-24,Inspired,Occasionally,25-34,1047,Low,21
USR01132,30,Female,UK,Teacher,TikTok,4,3.1,5,37.2,Smartphone,Night (9pm-12am),149,97,6,16,6,8,3,Educational,Medium,0.277,Sometimes,17.75,News & Updates,Mild impact,4.7,Yes,Selected,Public,No,2024-06-19,Relaxed,No,25-34,686,Medium,30
USR01133,39,Female,Pakistan,Other,TikTok,2,1.2,4,18.0,Smartphone,Night (9pm-12am),1528,47,4,21,7,4,8,Entertainment,Medium,0.039,Yes,9.5,Business/Marketing,Mild impact,7.3,Somewhat,Selected,Public,No,2024-08-10,Happy,Occasionally,35-44,634,High,32
USR01134,30,Female,Pakistan,Engineer,Instagram,3,1.6,5,19.2,Laptop,Night (9pm-12am),4378,133,1,21,2,0,10,Educational,Medium,0.093,Sometimes,81.69,Socializing,Moderate impact,4.7,Yes,Selected,Private,No,2023-06-24,Relaxed,Occasionally,25-34,1047,Medium,23
USR01135,25,Male,USA,Designer,Snapchat,5,1.0,7,8.6,Smartphone,Evening (6-9pm),678,1180,3,14,0,3,12,Educational,Slow,0.153,Yes,30.7,Socializing,Moderate impact,6.2,Yes,Do Not Disturb,Friends Only,No,2023-04-09,Bored,Yes,25-34,1123,Medium,17
USR01136,34,Female,Nigeria,Teacher,Twitter/X,4,4.9,6,49.0,Smartphone,Morning (6-10am),10,88,3,10,4,2,6,Photos,Slow,0.13,Sometimes,18.85,News & Updates,Moderate impact,4.5,Yes,Off,Friends Only,No,2023-07-05,Stressed,No,25-34,1036,Medium,16
USR01137,36,Male,India,Student,TikTok,4,0.7,7,6.0,Smartphone,Evening (6-9pm),1038,101,2,25,3,3,8,Photos,Slow,0.01,Yes,97.38,Learning,No impact,7.3,Yes,Do Not Disturb,Private,No,2022-05-07,Relaxed,Yes,35-44,1460,High,31
USR01138,17,Female,USA,Engineer,Instagram,4,2.4,3,48.0,Smartphone,Evening (6-9pm),2619,308,1,21,4,6,5,Entertainment,Slow,0.086,No,0.0,Networking,Mild impact,6.3,Somewhat,Do Not Disturb,Public,No,2022-11-06,Relaxed,No,Under 18,1277,Medium,31
USR01139,31,Female,Germany,Entrepreneur,Facebook,1,2.0,8,15.0,Smartphone,Night (9pm-12am),120,156,4,24,4,1,5,Videos,Medium,0.012,Yes,38.76,News & Updates,Moderate impact,6.2,No,Selected,Friends Only,No,2022-07-18,Relaxed,No,25-34,1388,Medium,29
USR01140,32,Male,Pakistan,Designer,Instagram,3,2.0,3,40.0,Smartphone,Afternoon (12-4pm),420,3546,5,15,5,1,7,Educational,Slow,0.03,Yes,13.89,Business/Marketing,No impact,8.2,No,Selected,Private,No,2022-06-25,Bored,Occasionally,25-34,1411,High,21
USR01141,24,Female,UK,Freelancer,YouTube,2,2.1,6,21.0,Laptop,Evening (6-9pm),83,201,2,15,1,1,6,Educational,Fast,0.048,Sometimes,28.71,Entertainment,Mild impact,7.0,Yes,Selected,Public,No,2023-12-06,Inspired,Occasionally,18-24,882,Medium,17
USR01142,38,Male,Pakistan,Designer,Instagram,3,6.8,6,68.0,Smart TV,Afternoon (12-4pm),6,365,1,25,6,2,10,Stories,Fast,0.107,Yes,22.19,News & Updates,No impact,7.1,No,Always On,Public,No,2024-04-27,Relaxed,Occasionally,35-44,739,High,33
USR01143,25,Female,Australia,Researcher,TikTok,2,0.5,6,5.0,Smartphone,Afternoon (12-4pm),4224,759,4,19,3,5,10,Reels/Shorts,Medium,0.213,Sometimes,17.83,Entertainment,Mild impact,8.2,Somewhat,Do Not Disturb,Public,No,2023-04-11,Relaxed,Yes,25-34,1121,High,27
USR01144,28,Male,Australia,Marketer,TikTok,1,5.7,3,114.0,Smartphone,Afternoon (12-4pm),660,742,3,14,1,2,10,Memes,Slow,0.049,Sometimes,0.23,Entertainment,No impact,8.4,Yes,Always On,Private,No,2022-05-05,Happy,Yes,25-34,1462,High,17
USR01145,25,Female,India,Engineer,TikTok,5,2.2,1,132.0,Laptop,Afternoon (12-4pm),11799,323,5,20,3,3,10,Educational,Slow,0.011,Sometimes,12.19,Socializing,Mild impact,4.5,Yes,Always On,Friends Only,Yes,2024-03-03,Stressed,Occasionally,25-34,794,Medium,26
USR01146,27,Female,Germany,Engineer,YouTube,1,4.4,6,44.0,Smartphone,Evening (6-9pm),3112,201,2,13,1,2,13,Educational,Medium,0.187,Sometimes,135.92,Business/Marketing,No impact,7.5,No,Always On,Public,No,2024-12-06,Neutral,Occasionally,25-34,516,High,16
USR01147,18,Female,USA,Doctor,YouTube,3,2.7,5,32.4,Smartphone,Night (9pm-12am),351,2776,1,19,6,4,7,Photos,Medium,0.109,Sometimes,53.05,Business/Marketing,Moderate impact,7.0,Somewhat,Always On,Friends Only,No,2024-05-07,Bored,Yes,18-24,729,Medium,29
USR01148,15,Male,Pakistan,Student,Twitter/X,1,1.1,2,33.0,Desktop,Night (9pm-12am),572,217,2,15,3,6,7,Entertainment,Slow,0.142,Yes,33.4,Business/Marketing,No impact,8.6,No,Always On,Public,No,2024-08-30,Inspired,Occasionally,Under 18,614,High,24
USR01149,39,Non-binary,USA,Researcher,Instagram,3,6.0,4,90.0,Smartphone,Evening (6-9pm),1842,144,1,16,4,0,7,Educational,Medium,0.068,Sometimes,18.88,News & Updates,Moderate impact,3.9,Somewhat,Selected,Public,No,2023-04-28,Inspired,Yes,35-44,1104,Low,20
USR01150,20,Male,Australia,Freelancer,Instagram,3,5.4,10,32.4,Smartphone,Evening (6-9pm),3791,112,7,22,8,3,11,Educational,Fast,0.261,Yes,2.8,News & Updates,No impact,5.0,Somewhat,Do Not Disturb,Private,No,2024-09-02,Relaxed,No,18-24,611,Medium,33
USR01151,19,Male,USA,Researcher,Instagram,3,1.2,3,24.0,Laptop,Night (9pm-12am),1188,30,2,17,5,0,10,Reels/Shorts,Medium,0.02,Yes,32.91,Socializing,Mild impact,5.8,Yes,Do Not Disturb,Public,No,2023-09-05,Bored,Occasionally,18-24,974,Medium,22
USR01152,13,Prefer not to say,UK,Other,Facebook,1,3.8,11,20.7,Laptop,Late Night (12am+),4866,655,6,24,6,2,10,Educational,Slow,0.233,Yes,11.13,Learning,Moderate impact,8.7,No,Selected,Private,No,2022-06-11,Happy,No,Under 18,1425,High,32
USR01153,21,Female,UK,Engineer,Facebook,5,1.7,2,51.0,Smartphone,Evening (6-9pm),389,14,3,22,3,0,14,Videos,Medium,0.195,Sometimes,30.04,Entertainment,No impact,5.7,Somewhat,Do Not Disturb,Private,No,2024-03-19,Neutral,Occasionally,18-24,778,Medium,25
USR01154,16,Female,Brazil,Teacher,TikTok,2,0.7,3,14.0,Smartphone,Evening (6-9pm),110,243,1,21,3,1,6,News,Medium,0.063,Yes,102.8,Business/Marketing,Moderate impact,6.1,No,Selected,Friends Only,No,2022-03-13,Relaxed,Yes,Under 18,1515,Medium,25
USR01155,40,Female,Germany,Researcher,Facebook,5,1.5,3,30.0,Smartphone,Night (9pm-12am),591,191,4,22,2,1,6,Memes,Fast,0.069,No,0.0,Learning,Severe impact,5.0,No,Off,Private,No,2024-10-25,Bored,Yes,35-44,558,Medium,25
USR01156,35,Male,USA,Other,Twitter/X,2,5.8,2,174.0,Smartphone,Night (9pm-12am),962,3597,7,20,3,1,3,Memes,Medium,0.24,No,0.0,News & Updates,Mild impact,7.6,Somewhat,Selected,Public,No,2024-11-24,Neutral,Occasionally,35-44,528,High,24
USR01157,21,Female,Canada,Teacher,Twitter/X,1,4.5,3,90.0,Smartphone,Late Night (12am+),76,27,0,21,4,4,8,Entertainment,Fast,0.11,No,0.0,Entertainment,No impact,7.4,No,Always On,Private,No,2022-10-29,Relaxed,Occasionally,18-24,1285,High,29
USR01158,45,Female,UAE,Marketer,TikTok,3,2.1,6,21.0,Smartphone,Morning (6-10am),59,82,5,11,1,2,7,Stories,Slow,0.114,Yes,3.21,Learning,Mild impact,5.2,No,Do Not Disturb,Public,No,2022-09-04,Stressed,No,45+,1340,Medium,14
USR01159,34,Female,Germany,Doctor,YouTube,2,5.8,6,58.0,Tablet,Morning (6-10am),1488,207,3,19,6,2,3,Entertainment,Fast,0.127,No,0.0,Networking,Severe impact,4.3,Yes,Do Not Disturb,Friends Only,No,2024-07-08,Neutral,Occasionally,25-34,667,Medium,27
USR01160,24,Female,UK,Designer,Instagram,2,5.2,7,44.6,Laptop,Morning (6-10am),320,193,5,22,4,6,6,Videos,Slow,0.288,No,0.0,News & Updates,Moderate impact,7.6,No,Always On,Private,No,2022-12-21,Neutral,Occasionally,18-24,1232,High,32
USR01161,13,Male,USA,Researcher,Twitter/X,1,1.5,3,30.0,Smartphone,Morning (6-10am),493,126,3,23,2,1,6,Entertainment,Medium,0.38,No,0.0,Networking,Moderate impact,7.1,Yes,Selected,Friends Only,No,2022-12-09,Inspired,Occasionally,Under 18,1244,High,26
USR01162,45,Male,USA,Marketer,TikTok,4,6.7,5,80.4,Smartphone,Morning (6-10am),348,222,2,14,5,1,5,Stories,Fast,0.313,No,0.0,Learning,Moderate impact,5.0,Yes,Selected,Friends Only,No,2023-03-10,Happy,Occasionally,45+,1153,Medium,20
USR01163,15,Male,USA,Marketer,Facebook,2,2.0,2,60.0,Smartphone,Morning (6-10am),10271,53,3,31,7,3,8,Reels/Shorts,Fast,0.273,Sometimes,1.93,Learning,Severe impact,7.4,No,Selected,Public,Yes,2023-01-30,Bored,No,Under 18,1192,High,41
USR01164,13,Female,Australia,Marketer,Twitter/X,1,2.2,5,26.4,Laptop,Afternoon (12-4pm),6445,375,2,27,3,4,5,Videos,Fast,0.069,Sometimes,43.78,Socializing,No impact,7.4,No,Do Not Disturb,Private,No,2022-09-16,Bored,Yes,Under 18,1328,High,34
USR01165,35,Male,India,Entrepreneur,Facebook,5,0.5,4,7.5,Smartphone,Morning (6-10am),71,15,5,21,0,1,3,Reels/Shorts,Medium,0.071,Yes,3.88,Business/Marketing,Mild impact,8.4,No,Selected,Public,No,2022-03-29,Bored,Yes,35-44,1499,High,22
USR01166,46,Male,Germany,Designer,Instagram,4,1.7,1,102.0,Smartphone,Evening (6-9pm),254,237,3,23,1,4,4,Memes,Medium,0.036,Yes,35.31,Business/Marketing,Moderate impact,7.7,Yes,Selected,Private,No,2024-05-17,Relaxed,Yes,45+,719,High,28
USR01167,38,Non-binary,UAE,Researcher,TikTok,5,2.4,3,48.0,Smartphone,Night (9pm-12am),3071,119,4,23,2,1,4,Educational,Medium,0.04,Sometimes,1.73,Networking,Moderate impact,5.6,Somewhat,Always On,Private,No,2022-06-10,Inspired,Occasionally,35-44,1426,Medium,26
USR01168,31,Male,USA,Student,Facebook,3,3.2,3,64.0,Smartphone,Late Night (12am+),1965,828,2,20,2,1,6,Educational,Medium,0.02,No,0.0,Business/Marketing,No impact,4.8,No,Off,Public,No,2024-06-10,Happy,Yes,25-34,695,Medium,23
USR01169,31,Male,India,Researcher,Instagram,3,1.1,8,8.2,Smartphone,Morning (6-10am),617,2010,1,14,7,4,10,Videos,Medium,0.048,Sometimes,28.46,Socializing,Moderate impact,9.8,No,Selected,Friends Only,No,2023-02-18,Stressed,Yes,25-34,1173,High,25
USR01170,33,Male,USA,Designer,TikTok,2,1.5,10,9.0,Smartphone,Evening (6-9pm),85,164,5,26,1,2,6,Entertainment,Slow,0.128,No,0.0,News & Updates,No impact,5.3,Yes,Selected,Public,No,2022-10-30,Stressed,No,25-34,1284,Medium,29
USR01171,33,Female,UK,Engineer,Instagram,5,6.8,4,102.0,Smartphone,Evening (6-9pm),194,1298,4,18,4,0,11,Stories,Slow,0.069,Sometimes,39.02,Networking,Mild impact,2.9,No,Selected,Friends Only,No,2023-06-13,Inspired,Occasionally,25-34,1058,Low,22
USR01172,29,Female,Nigeria,Teacher,Instagram,4,5.0,5,60.0,Smartphone,Late Night (12am+),262,167,5,26,3,3,7,Videos,Medium,0.044,Yes,4.11,Entertainment,No impact,4.0,Yes,Always On,Friends Only,No,2023-10-17,Happy,Yes,25-34,932,Low,32
USR01173,27,Female,Australia,Student,TikTok,5,5.6,6,56.0,Smartphone,Night (9pm-12am),1095,76,5,25,5,5,10,News,Medium,0.022,Sometimes,20.58,News & Updates,Moderate impact,2.6,Somewhat,Selected,Public,No,2022-05-18,Inspired,Yes,25-34,1449,Low,35
USR01174,26,Male,Canada,Teacher,TikTok,1,2.5,3,50.0,Laptop,Evening (6-9pm),14281,1988,3,16,0,3,10,Videos,Medium,0.036,Sometimes,5.03,News & Updates,No impact,8.4,No,Selected,Private,Yes,2022-06-28,Bored,Yes,25-34,1408,High,19
USR01175,20,Male,UAE,Freelancer,Instagram,5,3.2,11,17.5,Smartphone,Afternoon (12-4pm),193,457,5,19,5,1,9,News,Fast,0.455,No,0.0,Socializing,Severe impact,9.5,Yes,Always On,Friends Only,No,2024-03-05,Inspired,Yes,18-24,792,High,25
USR01176,24,Female,Australia,Student,YouTube,2,3.9,5,46.8,Smartphone,Night (9pm-12am),104,245,2,15,2,2,6,Videos,Slow,0.1,No,0.0,Entertainment,Mild impact,6.6,No,Always On,Public,No,2024-03-24,Inspired,Occasionally,18-24,773,Medium,19
USR01177,13,Female,Canada,Freelancer,Instagram,5,6.7,5,80.4,Smartphone,Afternoon (12-4pm),547,558,1,21,2,3,9,News,Medium,0.165,No,0.0,Networking,Moderate impact,3.3,Yes,Do Not Disturb,Friends Only,No,2023-10-30,Bored,Yes,Under 18,919,Low,26
USR01178,26,Male,UK,Marketer,TikTok,1,0.7,3,14.0,Laptop,Morning (6-10am),4260,340,3,20,3,2,7,Videos,Medium,0.085,Sometimes,19.72,Networking,No impact,8.4,No,Selected,Public,No,2023-07-20,Bored,Yes,25-34,1021,High,25
USR01179,19,Female,Germany,Other,YouTube,4,1.8,7,15.4,Smartphone,Morning (6-10am),49,225,6,22,4,0,7,Stories,Medium,0.284,Sometimes,13.74,Business/Marketing,Mild impact,7.0,Somewhat,Selected,Friends Only,No,2024-11-30,Inspired,Yes,18-24,522,Medium,26
USR01180,18,Female,Canada,Freelancer,Twitter/X,3,3.1,2,93.0,Smartphone,Morning (6-10am),9104,49,4,22,3,3,8,Reels/Shorts,Medium,0.333,No,0.0,Learning,No impact,8.4,Somewhat,Selected,Friends Only,No,2024-07-27,Bored,Yes,18-24,648,High,28
USR01181,28,Female,UK,Student,Snapchat,1,2.8,5,33.6,Smartphone,Evening (6-9pm),488,176,1,17,4,3,8,News,Medium,0.052,Sometimes,24.95,Entertainment,Moderate impact,7.3,Yes,Do Not Disturb,Public,No,2022-01-26,Bored,No,25-34,1561,High,24
USR01182,38,Female,Pakistan,Entrepreneur,YouTube,1,1.5,4,22.5,Smart TV,Late Night (12am+),177,516,6,23,6,2,10,Reels/Shorts,Medium,0.086,Sometimes,0.43,Networking,Mild impact,3.7,Yes,Always On,Public,No,2024-12-06,Bored,Occasionally,35-44,516,Low,31
USR01183,34,Male,UK,Other,Instagram,3,3.6,6,36.0,Laptop,Late Night (12am+),37,211,3,22,4,2,7,Memes,Fast,0.342,Yes,29.57,News & Updates,Moderate impact,7.4,Somewhat,Selected,Friends Only,No,2024-05-09,Happy,No,25-34,727,High,28
USR01184,14,Female,India,Other,Snapchat,5,1.8,4,27.0,Smartphone,Late Night (12am+),2372,722,2,21,5,3,5,Stories,Fast,0.047,Sometimes,68.08,Networking,Moderate impact,3.4,No,Selected,Friends Only,No,2022-08-19,Neutral,No,Under 18,1356,Low,29
USR01185,19,Female,UAE,Entrepreneur,Instagram,2,2.6,5,31.2,Laptop,Morning (6-10am),488,387,0,15,5,1,11,Stories,Fast,0.274,No,0.0,Socializing,No impact,4.8,No,Do Not Disturb,Public,No,2024-04-28,Neutral,No,18-24,738,Medium,21
USR01186,34,Female,UK,Engineer,Instagram,4,3.5,3,70.0,Tablet,Evening (6-9pm),904,85,4,32,7,6,5,Reels/Shorts,Medium,0.146,No,0.0,Networking,Mild impact,8.1,Somewhat,Selected,Friends Only,No,2022-11-03,Relaxed,No,25-34,1280,High,45
USR01187,19,Female,Pakistan,Teacher,LinkedIn,5,1.9,5,22.8,Laptop,Late Night (12am+),131,50,1,11,5,0,4,News,Fast,0.104,Sometimes,31.24,Entertainment,No impact,8.0,Yes,Always On,Friends Only,No,2022-10-31,Relaxed,Yes,18-24,1283,High,16
USR01188,25,Male,UK,Teacher,Snapchat,3,4.3,6,43.0,Smartphone,Night (9pm-12am),374,202,4,18,4,3,5,Reels/Shorts,Fast,0.112,No,0.0,Business/Marketing,No impact,4.5,Yes,Always On,Public,No,2022-07-25,Happy,No,25-34,1381,Medium,25
USR01189,31,Female,India,Other,Facebook,2,4.8,3,96.0,Smartphone,Night (9pm-12am),277,130,2,18,4,2,13,Photos,Slow,0.12,Yes,46.95,Networking,Mild impact,4.1,No,Always On,Friends Only,No,2022-08-05,Stressed,No,25-34,1370,Medium,24
USR01190,19,Male,USA,Freelancer,Facebook,4,1.5,7,12.9,Smartphone,Late Night (12am+),554,366,6,23,6,4,9,Videos,Fast,0.062,Sometimes,27.3,Entertainment,No impact,6.2,Yes,Do Not Disturb,Public,No,2022-07-26,Relaxed,Yes,18-24,1380,Medium,33
USR01191,27,Female,Australia,Entrepreneur,YouTube,2,1.8,4,27.0,Smartphone,Afternoon (12-4pm),199,103,2,23,4,5,6,Stories,Medium,0.026,No,0.0,Networking,Mild impact,9.8,No,Selected,Friends Only,No,2023-08-09,Stressed,Occasionally,25-34,1001,High,32
USR01192,16,Female,Pakistan,Freelancer,TikTok,3,1.2,2,36.0,Smartphone,Morning (6-10am),42,116,2,16,3,0,10,Stories,Fast,0.206,Yes,4.39,Socializing,No impact,7.2,No,Always On,Public,No,2023-12-06,Bored,No,Under 18,882,High,19
USR01193,22,Male,Brazil,Designer,Instagram,2,2.6,12,13.0,Smart TV,Night (9pm-12am),90336,865,6,23,6,1,9,Photos,Medium,0.184,Yes,10.61,Learning,No impact,10.0,Yes,Always On,Friends Only,Yes,2024-04-21,Inspired,Occasionally,18-24,745,High,30
USR01194,29,Female,Pakistan,Student,Instagram,4,3.2,4,48.0,Smartphone,Evening (6-9pm),57,292,5,20,7,3,12,Reels/Shorts,Medium,0.358,No,0.0,Entertainment,Mild impact,5.9,Yes,Off,Private,No,2023-06-25,Neutral,No,25-34,1046,Medium,30
USR01195,14,Female,Pakistan,Engineer,TikTok,5,2.0,2,60.0,Tablet,Night (9pm-12am),922,105,1,26,5,0,8,News,Medium,0.035,Yes,15.0,Learning,Mild impact,7.8,Somewhat,Do Not Disturb,Friends Only,No,2024-02-24,Neutral,No,Under 18,802,High,31
USR01196,30,Female,Germany,Freelancer,YouTube,3,3.1,7,26.6,Smartphone,Night (9pm-12am),27,249,4,22,7,2,9,Stories,Fast,0.056,No,0.0,Networking,No impact,5.6,Somewhat,Selected,Friends Only,No,2024-09-21,Stressed,Occasionally,25-34,592,Medium,31
USR01197,26,Male,India,Marketer,Facebook,2,1.8,1,108.0,Smart TV,Afternoon (12-4pm),18,1280,1,16,3,5,9,Reels/Shorts,Slow,0.22,No,0.0,Socializing,Mild impact,4.8,No,Selected,Friends Only,No,2024-08-26,Bored,Occasionally,25-34,618,Medium,24
USR01198,31,Female,Canada,Teacher,Snapchat,3,1.8,1,108.0,Smartphone,Morning (6-10am),793,348,4,16,3,0,10,Stories,Fast,0.131,Sometimes,22.03,Entertainment,Moderate impact,4.5,Yes,Selected,Public,No,2022-03-18,Stressed,No,25-34,1510,Medium,19
USR01199,28,Male,Australia,Student,LinkedIn,4,3.3,3,66.0,Desktop,Evening (6-9pm),910,498,3,17,5,0,5,Educational,Slow,0.241,No,0.0,Learning,Moderate impact,6.8,No,Selected,Public,No,2022-12-19,Bored,Yes,25-34,1234,Medium,22
USR01200,37,Female,USA,Marketer,Instagram,4,1.9,10,11.4,Laptop,Morning (6-10am),6442,99,3,26,3,1,11,News,Medium,0.017,No,0.0,Entertainment,Moderate impact,8.5,Yes,Selected,Private,No,2023-07-19,Happy,Yes,35-44,1022,High,30
USR01201,28,Female,Germany,Teacher,Snapchat,5,2.5,2,75.0,Smartphone,Night (9pm-12am),1365,838,3,22,7,7,9,Memes,Slow,0.172,Yes,117.11,Entertainment,Moderate impact,5.6,Somewhat,Selected,Private,No,2024-04-05,Bored,No,25-34,761,Medium,36
USR01202,23,Male,UAE,Other,TikTok,4,3.4,9,22.7,Smartphone,Afternoon (12-4pm),507,3950,1,18,4,8,7,Photos,Medium,0.062,Yes,0.47,Socializing,Mild impact,8.8,No,Always On,Friends Only,No,2022-10-22,Relaxed,Occasionally,18-24,1292,High,30
USR01203,27,Female,USA,Teacher,Facebook,5,3.1,3,62.0,Desktop,Evening (6-9pm),120,94,3,23,4,4,11,Memes,Medium,0.052,Sometimes,12.91,News & Updates,Mild impact,9.5,Yes,Always On,Public,No,2024-04-02,Relaxed,Yes,25-34,764,High,31
USR01204,31,Male,Pakistan,Freelancer,Twitter/X,1,1.8,6,18.0,Smartphone,Evening (6-9pm),9879,59,2,17,4,3,5,Videos,Medium,0.313,Yes,148.36,Learning,No impact,7.8,Yes,Always On,Private,No,2022-03-21,Happy,Occasionally,25-34,1507,High,24
USR01205,27,Female,Australia,Freelancer,TikTok,5,5.1,5,61.2,Laptop,Morning (6-10am),3540,302,3,22,5,0,5,Educational,Medium,0.155,No,0.0,News & Updates,No impact,6.8,Somewhat,Always On,Public,No,2024-03-21,Inspired,No,25-34,776,Medium,27
USR01206,27,Male,Pakistan,Student,TikTok,2,0.7,3,14.0,Tablet,Evening (6-9pm),70,699,3,16,2,2,9,News,Fast,0.117,Sometimes,62.7,Entertainment,Mild impact,5.0,Yes,Selected,Private,No,2023-11-10,Neutral,Occasionally,25-34,908,Medium,20
USR01207,21,Male,USA,Researcher,TikTok,1,0.5,8,3.8,Tablet,Evening (6-9pm),712,219,1,16,2,3,9,Educational,Medium,0.157,Sometimes,5.9,Learning,Severe impact,8.5,Somewhat,Selected,Friends Only,No,2023-05-02,Bored,No,18-24,1100,High,21
USR01208,21,Male,USA,Other,TikTok,4,3.7,4,55.5,Smartphone,Afternoon (12-4pm),862,69,3,22,5,3,3,Entertainment,Fast,0.019,Yes,57.54,Business/Marketing,No impact,4.1,Somewhat,Always On,Public,No,2022-04-11,Inspired,Occasionally,18-24,1486,Medium,30
USR01209,15,Male,Australia,Marketer,Instagram,2,3.1,5,37.2,Smartphone,Morning (6-10am),357,214,4,21,5,4,5,Entertainment,Medium,0.099,Yes,3.39,Socializing,No impact,7.3,Yes,Selected,Private,No,2024-08-31,Inspired,Occasionally,Under 18,613,High,30
USR01210,40,Male,India,Designer,Twitter/X,2,1.1,4,16.5,Smartphone,Night (9pm-12am),2668,501,3,16,2,2,9,Entertainment,Fast,0.036,Yes,2.84,Business/Marketing,Mild impact,3.9,No,Selected,Friends Only,No,2023-07-05,Neutral,No,35-44,1036,Low,20
USR01211,17,Male,India,Marketer,Instagram,2,2.8,4,42.0,Smartphone,Night (9pm-12am),2972,150,4,12,3,2,13,Memes,Fast,0.031,Yes,2.96,Networking,No impact,4.3,No,Always On,Public,No,2024-02-02,Happy,Occasionally,Under 18,824,Medium,17
USR01212,21,Male,Pakistan,Student,Twitter/X,4,1.6,3,32.0,Smartphone,Late Night (12am+),472,507,4,22,7,1,5,Entertainment,Fast,0.114,No,0.0,Entertainment,Mild impact,6.1,No,Always On,Friends Only,No,2022-02-11,Happy,Yes,18-24,1545,Medium,30
USR01213,21,Male,Pakistan,Student,LinkedIn,4,3.6,5,43.2,Smartphone,Night (9pm-12am),401,989,2,24,4,3,7,Videos,Medium,0.08,No,0.0,Socializing,No impact,7.5,Yes,Selected,Private,No,2023-11-23,Neutral,Yes,18-24,895,High,31
USR01214,34,Male,Pakistan,Freelancer,TikTok,2,0.5,3,10.0,Tablet,Night (9pm-12am),9878,326,2,12,2,1,11,Educational,Fast,0.104,Sometimes,10.35,Entertainment,Severe impact,8.0,No,Always On,Public,No,2023-09-13,Neutral,Yes,25-34,966,High,15
USR01215,24,Female,Pakistan,Designer,YouTube,1,2.2,7,18.9,Smartphone,Night (9pm-12am),3565,236,0,19,3,0,5,Videos,Medium,0.585,No,0.0,News & Updates,Moderate impact,6.2,Yes,Selected,Public,No,2023-09-29,Happy,No,18-24,950,Medium,22
USR01216,36,Female,India,Entrepreneur,YouTube,2,1.8,2,54.0,Laptop,Afternoon (12-4pm),757,661,2,24,7,0,6,Entertainment,Medium,0.188,No,0.0,Networking,No impact,5.4,Yes,Always On,Private,No,2023-07-29,Neutral,No,35-44,1012,Medium,31
USR01217,21,Male,Pakistan,Researcher,YouTube,4,4.3,7,36.9,Smartphone,Afternoon (12-4pm),35,87,4,25,3,1,8,News,Medium,0.293,Yes,127.13,Entertainment,No impact,4.8,No,Do Not Disturb,Friends Only,No,2024-10-03,Relaxed,No,18-24,580,Medium,29
USR01218,29,Male,India,Doctor,TikTok,4,0.5,4,7.5,Smartphone,Night (9pm-12am),1235,77,3,19,8,1,7,Photos,Fast,0.03,Sometimes,14.76,Socializing,Severe impact,7.5,Yes,Always On,Private,No,2022-07-21,Neutral,Occasionally,25-34,1385,High,28
USR01219,20,Male,USA,Marketer,Instagram,5,2.7,3,54.0,Laptop,Late Night (12am+),2336,177,2,28,3,1,6,Entertainment,Slow,0.02,Sometimes,40.23,Networking,Moderate impact,7.4,Yes,Selected,Public,No,2023-04-12,Inspired,Yes,18-24,1120,High,32
USR01220,44,Male,Pakistan,Designer,Instagram,3,3.7,3,74.0,Smartphone,Afternoon (12-4pm),4,135,6,22,4,1,9,Reels/Shorts,Slow,0.187,No,0.0,Learning,Severe impact,6.5,Somewhat,Do Not Disturb,Friends Only,No,2022-10-03,Inspired,Yes,35-44,1311,Medium,27
USR01221,17,Female,UAE,Researcher,Facebook,1,7.5,8,56.2,Laptop,Night (9pm-12am),1046,93,1,21,6,2,5,Stories,Medium,0.045,Yes,2.12,Socializing,Mild impact,6.7,Yes,Do Not Disturb,Public,No,2023-09-08,Relaxed,No,Under 18,971,Medium,29
USR01222,29,Male,India,Student,YouTube,5,1.8,10,10.8,Laptop,Night (9pm-12am),314,2200,2,17,1,5,3,Videos,Fast,0.151,Sometimes,34.42,Socializing,No impact,9.1,Somewhat,Always On,Private,No,2024-06-26,Bored,Yes,25-34,679,High,23
USR01223,32,Male,Pakistan,Other,Facebook,3,3.2,5,38.4,Smartphone,Late Night (12am+),446,3315,6,24,3,2,10,Reels/Shorts,Slow,0.282,Sometimes,10.24,News & Updates,Mild impact,8.0,Yes,Always On,Public,No,2023-10-20,Stressed,No,25-34,929,High,29
USR01224,30,Male,Pakistan,Teacher,Instagram,4,0.5,8,3.8,Laptop,Morning (6-10am),129,160,1,22,2,0,9,Entertainment,Medium,0.051,Yes,86.24,Learning,Severe impact,3.7,Yes,Selected,Public,No,2023-07-06,Stressed,No,25-34,1035,Low,24
USR01225,25,Female,USA,Entrepreneur,YouTube,3,2.6,1,156.0,Smartphone,Evening (6-9pm),509,273,2,24,6,4,9,Photos,Medium,0.118,No,0.0,Socializing,No impact,7.8,Yes,Selected,Friends Only,No,2024-05-03,Happy,Occasionally,25-34,733,High,34
USR01226,25,Male,India,Engineer,Twitter/X,4,5.3,6,53.0,Tablet,Night (9pm-12am),8148,195,5,18,2,3,9,Entertainment,Medium,0.077,Yes,99.4,Business/Marketing,Moderate impact,8.7,No,Do Not Disturb,Friends Only,No,2022-07-02,Bored,Occasionally,25-34,1404,High,23
USR01227,27,Male,USA,Teacher,YouTube,2,7.5,2,225.0,Laptop,Evening (6-9pm),297,924,3,15,6,1,14,Reels/Shorts,Slow,0.204,Yes,0.72,Socializing,Mild impact,4.7,No,Selected,Public,No,2023-01-20,Happy,Yes,25-34,1202,Medium,22
USR01228,25,Male,India,Freelancer,YouTube,1,3.4,4,51.0,Smartphone,Night (9pm-12am),3782,1172,7,20,5,4,7,Entertainment,Fast,0.037,Yes,36.5,News & Updates,No impact,7.9,Somewhat,Do Not Disturb,Public,No,2024-06-23,Happy,Yes,25-34,682,High,29
USR01229,34,Female,USA,Freelancer,Twitter/X,4,0.7,4,10.5,Smartphone,Night (9pm-12am),155,28,2,26,2,0,4,Stories,Slow,0.047,Sometimes,65.04,Socializing,Mild impact,10.0,Somewhat,Selected,Public,No,2023-03-09,Bored,Yes,25-34,1154,High,28
USR01230,44,Female,Germany,Marketer,LinkedIn,4,5.8,8,43.5,Smartphone,Night (9pm-12am),2606,433,2,11,1,1,5,Stories,Medium,0.01,No,0.0,Socializing,Mild impact,7.1,Yes,Selected,Private,No,2024-04-13,Bored,Occasionally,35-44,753,High,13
USR01231,22,Male,Pakistan,Engineer,Twitter/X,4,0.7,7,6.0,Smartphone,Night (9pm-12am),667,50,1,22,2,1,10,Entertainment,Slow,0.171,No,0.0,Entertainment,No impact,5.8,Yes,Selected,Friends Only,No,2024-09-19,Inspired,Occasionally,18-24,594,Medium,25
USR01232,16,Male,India,Marketer,Facebook,3,1.0,4,15.0,Smartphone,Afternoon (12-4pm),1253,2018,0,14,3,2,7,Stories,Fast,0.137,Yes,12.17,Business/Marketing,Mild impact,6.0,Yes,Do Not Disturb,Public,No,2024-11-23,Neutral,Occasionally,Under 18,529,Medium,19
USR01233,26,Male,Canada,Teacher,Facebook,4,6.1,7,52.3,Smartphone,Morning (6-10am),673,415,2,30,6,4,10,Reels/Shorts,Fast,0.205,Yes,21.87,Business/Marketing,Mild impact,6.4,No,Always On,Public,No,2024-02-05,Relaxed,Occasionally,25-34,821,Medium,40
USR01234,47,Male,UK,Marketer,Snapchat,2,2.5,5,30.0,Smartphone,Evening (6-9pm),2111,91,2,21,2,3,6,Entertainment,Fast,0.063,Sometimes,6.65,News & Updates,Moderate impact,3.4,Yes,Always On,Private,No,2022-04-26,Happy,No,45+,1471,Low,26
USR01235,20,Female,UK,Teacher,Facebook,5,1.7,7,14.6,Smart TV,Night (9pm-12am),6,183,4,19,5,5,12,Entertainment,Fast,0.334,Sometimes,9.1,Networking,No impact,3.3,Yes,Do Not Disturb,Friends Only,No,2024-11-21,Stressed,Occasionally,18-24,531,Low,29
USR01236,40,Female,Canada,Student,Instagram,5,4.0,3,80.0,Smartphone,Evening (6-9pm),51,172,1,22,5,0,6,News,Fast,0.203,No,0.0,Entertainment,Moderate impact,6.7,No,Do Not Disturb,Public,No,2022-11-22,Bored,Yes,35-44,1261,Medium,27
USR01237,40,Female,USA,Entrepreneur,Instagram,5,2.9,4,43.5,Smartphone,Evening (6-9pm),1409,459,6,20,4,2,13,Videos,Medium,0.191,Yes,43.36,Socializing,No impact,6.1,Yes,Do Not Disturb,Public,No,2022-05-15,Inspired,No,35-44,1452,Medium,26
USR01238,22,Female,Pakistan,Doctor,Twitter/X,4,5.0,8,37.5,Smartphone,Late Night (12am+),16,854,3,16,2,5,7,Reels/Shorts,Fast,0.058,Sometimes,64.6,Networking,Moderate impact,7.4,Yes,Always On,Public,No,2023-09-30,Relaxed,Yes,18-24,949,High,23
USR01239,31,Female,Pakistan,Student,TikTok,2,3.0,7,25.7,Smartphone,Night (9pm-12am),255,61,6,12,0,2,8,Stories,Slow,0.052,Sometimes,18.33,Learning,Mild impact,5.7,Yes,Selected,Public,No,2024-11-03,Happy,Yes,25-34,549,Medium,14
USR01240,40,Male,USA,Marketer,TikTok,3,3.0,2,90.0,Smartphone,Evening (6-9pm),603,2222,5,27,3,1,8,Reels/Shorts,Medium,0.23,No,0.0,Socializing,Moderate impact,6.3,Yes,Selected,Friends Only,No,2024-04-06,Stressed,No,35-44,760,Medium,31
USR01241,23,Female,USA,Marketer,Instagram,1,4.9,2,147.0,Smartphone,Afternoon (12-4pm),149,1680,1,13,5,2,13,Stories,Slow,0.168,Yes,85.35,Learning,No impact,7.9,Yes,Do Not Disturb,Friends Only,No,2022-10-05,Relaxed,No,18-24,1309,High,20
USR01242,25,Female,USA,Teacher,Twitter/X,3,2.4,6,24.0,Laptop,Evening (6-9pm),191,85,3,26,2,1,9,Educational,Medium,0.056,Sometimes,118.2,Socializing,No impact,2.1,No,Selected,Private,No,2024-12-09,Happy,Yes,25-34,513,Low,29
USR01243,22,Female,USA,Other,TikTok,4,1.3,8,9.8,Laptop,Evening (6-9pm),1084,267,5,16,6,1,7,Entertainment,Medium,0.268,Yes,66.86,Entertainment,No impact,4.6,Somewhat,Selected,Public,No,2022-03-01,Relaxed,Occasionally,18-24,1527,Medium,23
USR01244,18,Female,India,Other,Twitter/X,2,4.2,4,63.0,Smartphone,Evening (6-9pm),4091,1906,1,23,4,0,5,Photos,Fast,0.064,Yes,28.98,News & Updates,Mild impact,5.3,Yes,Always On,Public,No,2022-12-22,Happy,Occasionally,18-24,1231,Medium,27
USR01245,21,Non-binary,Australia,Entrepreneur,Instagram,1,2.1,6,21.0,Smartphone,Evening (6-9pm),118,1074,4,27,4,1,9,Stories,Medium,0.121,No,0.0,Business/Marketing,Mild impact,5.9,Somewhat,Do Not Disturb,Public,No,2023-01-30,Bored,No,18-24,1192,Medium,32
USR01246,17,Female,India,Entrepreneur,Snapchat,4,3.1,8,23.2,Smartphone,Late Night (12am+),236,163,3,15,8,2,8,Memes,Fast,0.029,Yes,78.84,Entertainment,No impact,3.6,Yes,Off,Friends Only,No,2023-02-16,Relaxed,Occasionally,Under 18,1175,Low,25
USR01247,27,Female,Nigeria,Teacher,Instagram,2,0.5,6,5.0,Smartphone,Night (9pm-12am),178,650,1,14,4,0,8,Entertainment,Fast,0.223,Sometimes,18.57,News & Updates,Mild impact,4.6,Somewhat,Selected,Private,No,2022-04-29,Stressed,Yes,25-34,1468,Medium,18
USR01248,20,Male,UAE,Engineer,Snapchat,3,2.4,4,36.0,Desktop,Morning (6-10am),8,8925,2,20,8,2,8,Stories,Medium,0.043,Sometimes,30.95,News & Updates,No impact,7.5,Yes,Selected,Private,No,2023-05-26,Relaxed,Occasionally,18-24,1076,High,30
USR01249,28,Female,India,Freelancer,Snapchat,2,1.8,6,18.0,Smartphone,Night (9pm-12am),858,277,3,16,7,5,7,Reels/Shorts,Slow,0.132,No,0.0,Entertainment,No impact,7.0,No,Selected,Public,No,2022-03-09,Bored,Occasionally,25-34,1519,Medium,28
USR01250,14,Female,UK,Engineer,Facebook,2,0.5,6,5.0,Smartphone,Night (9pm-12am),3577,114,2,12,4,2,3,Stories,Medium,0.23,Sometimes,2.86,Business/Marketing,No impact,1.2,Yes,Always On,Private,No,2024-07-23,Stressed,No,Under 18,652,Low,18
USR01251,29,Female,Germany,Researcher,Twitter/X,3,2.4,4,36.0,Smartphone,Night (9pm-12am),4146,300,3,15,4,3,6,Entertainment,Medium,0.061,No,0.0,Entertainment,Severe impact,5.8,No,Selected,Private,No,2022-04-14,Bored,Yes,25-34,1483,Medium,22
USR01252,33,Male,India,Engineer,Twitter/X,5,2.5,4,37.5,Smartphone,Evening (6-9pm),138,328,3,18,4,1,9,Memes,Fast,0.156,No,0.0,News & Updates,Mild impact,5.9,No,Always On,Public,No,2024-01-09,Inspired,Occasionally,25-34,848,Medium,23
USR01253,13,Female,USA,Other,Twitter/X,1,3.3,5,39.6,Smartphone,Late Night (12am+),69,130,3,24,3,4,6,Photos,Slow,0.133,No,0.0,Entertainment,No impact,4.6,Yes,Selected,Public,No,2023-02-12,Inspired,No,Under 18,1179,Medium,31
USR01254,29,Female,Pakistan,Freelancer,YouTube,3,5.2,9,34.7,Laptop,Morning (6-10am),691,415,3,23,6,1,6,Memes,Slow,0.05,No,0.0,News & Updates,Mild impact,5.9,No,Selected,Public,No,2023-07-16,Relaxed,No,25-34,1025,Medium,30
USR01255,36,Female,UAE,Doctor,Snapchat,1,4.7,5,56.4,Smartphone,Afternoon (12-4pm),2959,54,2,16,2,2,5,News,Fast,0.223,Yes,6.82,Entertainment,No impact,6.9,Yes,Selected,Public,No,2024-01-25,Neutral,Occasionally,35-44,832,Medium,20
USR01256,17,Male,India,Student,Twitter/X,4,1.9,6,19.0,Laptop,Morning (6-10am),878,110,1,18,3,0,12,Reels/Shorts,Fast,0.163,Sometimes,38.18,Learning,Mild impact,7.5,No,Always On,Friends Only,No,2024-08-08,Neutral,Yes,Under 18,636,High,21
USR01257,40,Male,Nigeria,Freelancer,YouTube,4,2.9,9,19.3,Laptop,Late Night (12am+),1119,607,1,23,4,2,7,Memes,Medium,0.011,No,0.0,Business/Marketing,No impact,6.4,Yes,Do Not Disturb,Friends Only,No,2024-10-31,Happy,Occasionally,35-44,552,Medium,29
USR01258,30,Female,USA,Researcher,Facebook,5,3.6,3,72.0,Smartphone,Evening (6-9pm),5194,29,4,14,6,3,7,Videos,Fast,0.055,Sometimes,19.58,Networking,Mild impact,7.4,Somewhat,Always On,Public,No,2024-03-23,Stressed,No,25-34,774,High,23
USR01259,21,Female,Nigeria,Engineer,TikTok,5,1.9,10,11.4,Smartphone,Evening (6-9pm),175,723,2,16,4,3,10,Educational,Medium,0.033,Sometimes,20.59,News & Updates,Severe impact,6.2,Somewhat,Selected,Private,No,2022-09-11,Neutral,Yes,18-24,1333,Medium,23
USR01260,26,Female,Germany,Freelancer,Twitter/X,3,0.8,7,6.9,Tablet,Evening (6-9pm),447,21,1,20,3,2,10,Photos,Fast,0.015,Sometimes,40.51,Socializing,No impact,2.1,No,Do Not Disturb,Friends Only,No,2022-03-04,Happy,Occasionally,25-34,1524,Low,25
USR01261,31,Male,UK,Other,Instagram,3,2.2,6,22.0,Desktop,Night (9pm-12am),12610,30,2,15,1,3,10,Videos,Medium,0.224,No,0.0,Entertainment,Mild impact,6.0,No,Do Not Disturb,Private,Yes,2023-05-11,Neutral,Yes,25-34,1091,Medium,19
USR01262,27,Female,USA,Student,Instagram,1,5.4,5,64.8,Smartphone,Night (9pm-12am),466,134,4,18,3,4,11,Educational,Fast,0.039,Sometimes,56.99,Learning,Moderate impact,4.0,Somewhat,Do Not Disturb,Friends Only,No,2024-02-02,Neutral,No,25-34,824,Low,25
USR01263,31,Female,Brazil,Designer,Instagram,3,0.7,5,8.4,Smartphone,Afternoon (12-4pm),67,345,1,16,4,2,12,Stories,Slow,0.075,Yes,43.89,Learning,Severe impact,6.4,No,Always On,Friends Only,No,2024-09-28,Inspired,No,25-34,585,Medium,22
USR01264,19,Female,USA,Other,Snapchat,5,1.2,9,8.0,Smartphone,Late Night (12am+),199,1200,4,21,4,3,9,Photos,Fast,0.03,Sometimes,10.5,Networking,Severe impact,5.8,No,Do Not Disturb,Public,No,2024-07-02,Relaxed,Yes,18-24,673,Medium,28
USR01265,28,Female,Pakistan,Freelancer,TikTok,5,1.4,7,12.0,Smartphone,Late Night (12am+),122,262,3,23,2,2,8,Videos,Fast,0.166,Sometimes,6.59,News & Updates,No impact,5.8,No,Selected,Private,No,2022-12-30,Neutral,Yes,25-34,1223,Medium,27
USR01266,15,Male,USA,Doctor,YouTube,5,1.2,7,10.3,Smart TV,Morning (6-10am),1265,182,3,25,5,1,13,Stories,Fast,0.034,No,0.0,Socializing,Severe impact,4.7,Somewhat,Selected,Public,No,2024-08-29,Stressed,No,Under 18,615,Medium,31
USR01267,26,Male,Germany,Engineer,Twitter/X,1,4.1,5,49.2,Smartphone,Afternoon (12-4pm),132,490,2,19,6,1,9,News,Fast,0.171,No,0.0,Learning,Mild impact,5.5,Yes,Selected,Private,No,2023-12-18,Happy,No,25-34,870,Medium,26
USR01268,19,Female,India,Teacher,Instagram,3,1.6,2,48.0,Smartphone,Evening (6-9pm),1083,86,1,24,4,0,7,Educational,Fast,0.221,No,0.0,Business/Marketing,Moderate impact,6.8,Somewhat,Always On,Public,No,2023-12-07,Bored,No,18-24,881,Medium,28
USR01269,21,Male,Nigeria,Teacher,TikTok,3,4.1,5,49.2,Smartphone,Night (9pm-12am),176,289,3,20,4,1,8,Stories,Fast,0.03,Yes,7.76,Socializing,No impact,4.6,No,Selected,Public,No,2022-12-01,Happy,No,18-24,1252,Medium,25
USR01270,36,Female,Pakistan,Other,Twitter/X,1,2.7,4,40.5,Laptop,Night (9pm-12am),14,58,0,19,3,0,10,Memes,Fast,0.128,No,0.0,Learning,No impact,5.1,No,Selected,Friends Only,No,2023-06-14,Neutral,Occasionally,35-44,1057,Medium,22
USR01271,35,Male,Brazil,Other,Twitter/X,1,0.6,7,5.1,Smartphone,Evening (6-9pm),1155,270,2,20,3,0,5,Entertainment,Medium,0.037,Sometimes,5.67,Learning,No impact,3.0,Somewhat,Always On,Friends Only,No,2022-07-05,Stressed,Yes,35-44,1401,Low,23
USR01272,31,Female,USA,Doctor,Twitter/X,2,1.9,3,38.0,Smartphone,Late Night (12am+),868,209,4,14,2,3,13,Entertainment,Fast,0.217,Sometimes,14.29,Business/Marketing,No impact,6.7,No,Selected,Friends Only,No,2023-08-07,Stressed,Yes,25-34,1003,Medium,19
USR01273,18,Female,UAE,Student,Instagram,1,4.8,3,96.0,Smartphone,Night (9pm-12am),1689,93,1,22,3,2,14,News,Medium,0.157,No,0.0,News & Updates,Moderate impact,3.9,No,Always On,Friends Only,No,2022-02-26,Bored,Occasionally,18-24,1530,Low,27
USR01274,24,Male,Australia,Researcher,TikTok,3,2.9,6,29.0,Smartphone,Night (9pm-12am),198,298,0,22,4,4,7,Stories,Fast,0.207,Sometimes,123.08,Learning,No impact,6.3,No,Selected,Friends Only,No,2024-03-02,Neutral,No,18-24,795,Medium,30
USR01275,36,Male,USA,Student,TikTok,3,2.0,3,40.0,Smartphone,Evening (6-9pm),163,295,0,20,3,1,11,Memes,Fast,0.129,No,0.0,Business/Marketing,No impact,7.5,Somewhat,Always On,Public,No,2022-04-12,Stressed,Occasionally,35-44,1485,High,24
USR01276,28,Female,USA,Researcher,TikTok,5,5.4,5,64.8,Smart TV,Night (9pm-12am),1370,1002,4,16,5,3,6,Entertainment,Fast,0.075,No,0.0,Networking,No impact,8.5,No,Selected,Private,No,2022-11-30,Happy,Yes,25-34,1253,High,24
USR01277,45,Female,UAE,Doctor,TikTok,5,1.1,3,22.0,Smartphone,Night (9pm-12am),10241,35,1,22,7,2,4,Videos,Fast,0.087,Sometimes,6.75,News & Updates,No impact,5.6,Yes,Always On,Friends Only,Yes,2023-03-15,Stressed,No,45+,1148,Medium,31
USR01278,30,Male,UK,Researcher,Facebook,2,1.7,8,12.8,Smart TV,Late Night (12am+),678,223,3,29,5,2,6,Educational,Slow,0.051,No,0.0,Business/Marketing,No impact,7.3,No,Always On,Public,No,2023-03-30,Bored,Yes,25-34,1133,High,36
USR01279,28,Female,UK,Marketer,YouTube,1,4.5,3,90.0,Smartphone,Evening (6-9pm),1428,98,4,23,1,2,4,News,Fast,0.148,Sometimes,33.78,Entertainment,Mild impact,6.2,Somewhat,Always On,Public,No,2023-04-07,Neutral,Yes,25-34,1125,Medium,26
USR01280,24,Female,Pakistan,Marketer,Facebook,4,4.0,7,34.3,Smartphone,Evening (6-9pm),372,694,1,19,2,4,13,Entertainment,Slow,0.199,Sometimes,101.68,Business/Marketing,Severe impact,2.8,No,Do Not Disturb,Friends Only,No,2023-02-28,Inspired,No,18-24,1163,Low,25
USR01281,28,Female,Canada,Freelancer,Instagram,2,1.0,5,12.0,Smartphone,Evening (6-9pm),41,604,3,14,0,2,3,Entertainment,Medium,0.138,Sometimes,23.64,Networking,Mild impact,3.5,Yes,Selected,Public,No,2023-07-06,Happy,No,25-34,1035,Low,16
USR01282,25,Male,UK,Freelancer,Instagram,1,3.5,6,35.0,Desktop,Afternoon (12-4pm),3794,450,2,20,2,4,11,Memes,Fast,0.069,Yes,5.27,Learning,Moderate impact,7.7,No,Selected,Private,No,2024-04-18,Happy,Occasionally,25-34,748,High,26
USR01283,32,Male,India,Teacher,Facebook,3,1.6,4,24.0,Smartphone,Evening (6-9pm),3412,105,3,20,5,2,8,Educational,Fast,0.115,No,0.0,Learning,Mild impact,8.3,Yes,Always On,Private,No,2024-11-17,Relaxed,Yes,25-34,535,High,27
USR01284,34,Female,USA,Doctor,TikTok,2,0.5,6,5.0,Smartphone,Late Night (12am+),2390,708,2,22,5,4,7,Videos,Fast,0.109,No,0.0,News & Updates,No impact,2.4,No,Selected,Public,No,2022-02-11,Bored,No,25-34,1545,Low,31
USR01285,20,Female,Pakistan,Doctor,YouTube,2,2.1,7,18.0,Tablet,Night (9pm-12am),479,39,2,15,1,2,2,Reels/Shorts,Medium,0.051,No,0.0,Learning,Mild impact,6.8,Yes,Always On,Private,No,2022-01-19,Neutral,Occasionally,18-24,1568,Medium,18
USR01286,16,Non-binary,Pakistan,Entrepreneur,Facebook,1,7.8,10,46.8,Smartphone,Night (9pm-12am),1948,30,2,19,2,3,4,Memes,Slow,0.12,Sometimes,68.6,Entertainment,Severe impact,6.7,Yes,Off,Private,No,2024-08-28,Inspired,Yes,Under 18,616,Medium,24
USR01287,13,Male,UK,Engineer,LinkedIn,3,4.9,7,42.0,Smartphone,Night (9pm-12am),3323,52,2,17,3,3,11,Entertainment,Medium,0.03,Sometimes,52.59,Business/Marketing,Mild impact,4.8,No,Selected,Private,No,2022-09-28,Stressed,Occasionally,Under 18,1316,Medium,23
USR01288,31,Male,India,Engineer,Snapchat,1,2.5,6,25.0,Smart TV,Evening (6-9pm),12286,235,4,13,1,3,6,Reels/Shorts,Medium,0.111,No,0.0,Entertainment,Mild impact,4.8,Yes,Do Not Disturb,Public,Yes,2022-12-21,Happy,Occasionally,25-34,1232,Medium,17
USR01289,18,Female,USA,Freelancer,TikTok,3,0.7,4,10.5,Smartphone,Afternoon (12-4pm),3941,550,3,22,3,5,12,Memes,Medium,0.052,No,0.0,Entertainment,Moderate impact,4.3,Yes,Always On,Friends Only,No,2022-01-18,Relaxed,No,18-24,1569,Medium,30
USR01290,13,Female,UAE,Engineer,Facebook,3,0.5,6,5.0,Smartphone,Night (9pm-12am),746,6,2,25,1,1,9,News,Medium,0.094,Sometimes,49.11,Socializing,Moderate impact,2.7,Somewhat,Selected,Friends Only,No,2023-04-04,Neutral,Yes,Under 18,1128,Low,27
USR01291,30,Female,Nigeria,Doctor,Instagram,5,2.7,2,81.0,Smartphone,Evening (6-9pm),63,1196,3,22,5,4,11,Stories,Fast,0.515,Sometimes,70.42,News & Updates,Mild impact,4.3,Somewhat,Selected,Friends Only,No,2023-06-01,Inspired,No,25-34,1070,Medium,31
USR01292,46,Male,India,Doctor,TikTok,4,3.4,2,102.0,Laptop,Late Night (12am+),880,286,4,27,6,2,9,News,Medium,0.114,Sometimes,9.03,Networking,Mild impact,7.5,Somewhat,Do Not Disturb,Friends Only,No,2023-09-18,Relaxed,Yes,45+,961,High,35
USR01293,26,Female,Canada,Teacher,Pinterest,5,4.1,3,82.0,Laptop,Evening (6-9pm),1055,37,4,18,7,2,8,Memes,Fast,0.111,Sometimes,33.95,Business/Marketing,No impact,5.6,Somewhat,Selected,Public,No,2023-07-18,Happy,Yes,25-34,1023,Medium,27
USR01294,33,Female,USA,Researcher,Facebook,2,3.8,9,25.3,Smartphone,Night (9pm-12am),2383,276,3,12,1,4,10,Reels/Shorts,Medium,0.031,Sometimes,2.13,Learning,No impact,7.5,Somewhat,Always On,Public,No,2024-05-17,Stressed,Occasionally,25-34,719,High,17
USR01295,27,Male,India,Marketer,TikTok,2,4.0,4,60.0,Smartphone,Afternoon (12-4pm),7608,907,5,27,3,0,4,Stories,Medium,0.266,Yes,67.81,Business/Marketing,Mild impact,2.6,Somewhat,Always On,Private,No,2024-02-11,Relaxed,Occasionally,25-34,815,Low,30
USR01296,26,Female,Canada,Freelancer,Facebook,1,3.1,7,26.6,Laptop,Evening (6-9pm),560,502,0,19,5,1,6,Educational,Slow,0.039,Sometimes,14.94,Networking,Mild impact,7.0,No,Always On,Private,No,2023-12-16,Happy,Occasionally,25-34,872,Medium,25
USR01297,34,Male,USA,Designer,LinkedIn,1,5.3,8,39.8,Smartphone,Evening (6-9pm),29195,914,1,13,4,2,12,Educational,Fast,0.235,No,0.0,Business/Marketing,No impact,7.6,Yes,Selected,Public,Yes,2024-07-29,Happy,Occasionally,25-34,646,High,19
USR01298,24,Female,India,Marketer,TikTok,1,1.8,6,18.0,Smartphone,Night (9pm-12am),28,47,2,22,3,1,6,Memes,Medium,0.191,No,0.0,News & Updates,Moderate impact,1.5,No,Always On,Friends Only,No,2023-06-01,Neutral,No,18-24,1070,Low,26
USR01299,29,Female,Nigeria,Other,TikTok,5,2.7,3,54.0,Smartphone,Morning (6-10am),1414,148,4,20,4,2,6,Entertainment,Fast,0.382,Sometimes,6.54,Socializing,No impact,5.3,Yes,Always On,Public,No,2023-03-23,Stressed,Yes,25-34,1140,Medium,26
USR01300,29,Female,USA,Researcher,YouTube,3,0.6,6,6.0,Smartphone,Evening (6-9pm),158,80,3,21,0,4,12,Educational,Fast,0.206,No,0.0,Business/Marketing,Mild impact,6.8,No,Selected,Friends Only,No,2024-08-13,Bored,No,25-34,631,Medium,25
USR01301,21,Female,USA,Other,YouTube,4,1.7,3,34.0,Smartphone,Evening (6-9pm),21,1921,4,16,4,4,6,Reels/Shorts,Fast,0.192,Yes,3.52,Business/Marketing,No impact,8.5,No,Do Not Disturb,Public,No,2023-09-11,Inspired,No,18-24,968,High,24
USR01302,34,Female,UAE,Researcher,Facebook,2,4.8,7,41.1,Tablet,Night (9pm-12am),462,527,2,21,6,1,11,News,Slow,0.082,No,0.0,Socializing,Mild impact,3.7,Yes,Always On,Friends Only,No,2024-12-02,Happy,No,25-34,520,Low,28
USR01303,25,Female,Pakistan,Engineer,Snapchat,2,3.9,6,39.0,Desktop,Night (9pm-12am),48,7453,0,17,7,2,8,Photos,Fast,0.03,Sometimes,90.26,Learning,No impact,8.7,Somewhat,Selected,Friends Only,No,2024-03-24,Stressed,Occasionally,25-34,773,High,26
USR01304,20,Female,Canada,Marketer,YouTube,1,0.5,2,15.0,Laptop,Afternoon (12-4pm),497,139,1,22,4,2,10,Videos,Fast,0.02,No,0.0,Networking,Moderate impact,7.0,No,Do Not Disturb,Public,No,2022-07-29,Relaxed,No,18-24,1377,Medium,28
USR01305,31,Male,UAE,Marketer,Facebook,5,8.1,1,486.0,Smartphone,Morning (6-10am),708,102,4,18,3,2,3,Reels/Shorts,Fast,0.129,Sometimes,145.53,Socializing,Moderate impact,4.4,Yes,Selected,Friends Only,No,2022-01-16,Happy,Yes,25-34,1571,Medium,23
USR01306,19,Non-binary,Pakistan,Freelancer,Twitter/X,1,2.9,2,87.0,Smartphone,Night (9pm-12am),4980,206,2,18,7,2,11,Educational,Medium,0.088,Sometimes,20.8,Networking,No impact,8.0,No,Selected,Friends Only,No,2024-11-13,Bored,No,18-24,539,High,27
USR01307,27,Male,USA,Freelancer,Facebook,5,2.9,5,34.8,Smartphone,Evening (6-9pm),44,1279,3,25,1,1,10,Entertainment,Fast,0.029,Sometimes,77.0,Entertainment,No impact,10.0,Somewhat,Selected,Friends Only,No,2024-02-06,Happy,Yes,25-34,820,High,27
USR01308,26,Male,Brazil,Entrepreneur,Twitter/X,3,1.7,4,25.5,Tablet,Morning (6-10am),3412,157,6,20,7,3,7,Videos,Medium,0.097,No,0.0,Entertainment,Mild impact,5.6,No,Selected,Friends Only,No,2023-08-02,Stressed,Yes,25-34,1008,Medium,30
USR01309,35,Female,UAE,Other,TikTok,1,1.9,5,22.8,Smartphone,Morning (6-10am),793,284,3,23,3,0,11,Educational,Medium,0.096,No,0.0,Business/Marketing,Mild impact,5.4,No,Selected,Private,No,2023-09-04,Happy,Yes,35-44,975,Medium,26
USR01310,30,Female,USA,Student,TikTok,3,2.9,8,21.8,Smartphone,Morning (6-10am),4238,274,2,23,2,5,8,Memes,Fast,0.183,No,0.0,Networking,Mild impact,4.5,No,Selected,Public,No,2022-08-10,Happy,No,25-34,1365,Medium,30
USR01311,26,Male,Australia,Freelancer,Instagram,2,3.8,4,57.0,Laptop,Late Night (12am+),305,256,2,13,5,2,5,News,Medium,0.06,No,0.0,Learning,Mild impact,9.5,Yes,Selected,Private,No,2024-09-13,Relaxed,Occasionally,25-34,600,High,20
USR01312,33,Female,Canada,Doctor,Instagram,2,3.2,6,32.0,Smartphone,Afternoon (12-4pm),60,111,2,25,5,2,4,Stories,Slow,0.333,Yes,34.46,Entertainment,No impact,4.9,No,Do Not Disturb,Public,No,2022-05-11,Stressed,Yes,25-34,1456,Medium,32
USR01313,38,Female,Germany,Student,LinkedIn,2,1.8,3,36.0,Desktop,Evening (6-9pm),74,207,5,17,3,1,6,News,Medium,0.08,Yes,26.91,Entertainment,Mild impact,4.5,Yes,Off,Public,No,2023-11-20,Happy,Yes,35-44,898,Medium,21
USR01314,31,Male,UK,Designer,Twitter/X,3,1.3,4,19.5,Smartphone,Night (9pm-12am),65,197,3,22,1,4,13,Entertainment,Medium,0.045,Sometimes,17.02,Business/Marketing,Mild impact,5.1,Yes,Do Not Disturb,Private,No,2023-07-21,Relaxed,Occasionally,25-34,1020,Medium,27
USR01315,27,Female,Germany,Freelancer,TikTok,1,1.2,8,9.0,Smartphone,Evening (6-9pm),1571,242,1,14,2,3,9,Stories,Fast,0.044,No,0.0,Business/Marketing,Severe impact,5.1,No,Off,Private,No,2023-10-28,Inspired,No,25-34,921,Medium,19
USR01316,16,Female,UAE,Designer,Instagram,5,5.0,5,60.0,Smartphone,Morning (6-10am),9494,759,5,21,10,2,14,News,Fast,0.138,Yes,46.7,Business/Marketing,Moderate impact,5.2,Yes,Off,Friends Only,No,2023-07-22,Relaxed,Occasionally,Under 18,1019,Medium,33
USR01317,18,Female,Pakistan,Freelancer,Instagram,5,4.6,7,39.4,Smartphone,Night (9pm-12am),240,2023,3,17,3,1,10,Stories,Fast,0.051,No,0.0,Business/Marketing,Moderate impact,4.8,Yes,Always On,Friends Only,No,2023-06-19,Stressed,Occasionally,18-24,1052,Medium,21
USR01318,24,Female,Pakistan,Teacher,Snapchat,1,3.6,2,108.0,Smartphone,Morning (6-10am),2064,89,3,13,4,1,6,Entertainment,Medium,0.08,Sometimes,12.5,Socializing,Mild impact,4.9,No,Off,Public,No,2023-09-04,Neutral,No,18-24,975,Medium,18
USR01319,22,Male,Australia,Engineer,Instagram,4,5.0,5,60.0,Smartphone,Morning (6-10am),42,152,2,33,4,2,8,Reels/Shorts,Medium,0.017,No,0.0,Networking,Mild impact,6.5,No,Always On,Public,No,2023-01-21,Happy,No,18-24,1201,Medium,39
USR01320,25,Male,UAE,Freelancer,YouTube,5,2.4,10,14.4,Tablet,Morning (6-10am),920,90,2,26,1,1,7,Stories,Medium,0.107,No,0.0,Business/Marketing,Moderate impact,8.6,No,Do Not Disturb,Public,No,2022-11-04,Bored,Occasionally,25-34,1279,High,28
USR01321,27,Male,UAE,Engineer,Snapchat,5,4.4,4,66.0,Smartphone,Afternoon (12-4pm),2215,306,4,12,4,1,8,Educational,Medium,0.063,Sometimes,6.51,Entertainment,Mild impact,4.4,No,Selected,Public,No,2024-11-25,Neutral,No,25-34,527,Medium,17
USR01322,31,Female,USA,Other,Snapchat,1,3.7,5,44.4,Laptop,Night (9pm-12am),49,128,3,20,5,1,8,Reels/Shorts,Slow,0.226,Yes,5.77,Networking,Mild impact,3.9,Somewhat,Do Not Disturb,Friends Only,No,2023-05-08,Inspired,Yes,25-34,1094,Low,26
USR01323,26,Male,Germany,Other,Instagram,1,4.5,3,90.0,Smart TV,Morning (6-10am),460,326,6,19,7,3,10,Educational,Slow,0.046,No,0.0,Networking,No impact,6.8,Yes,Off,Friends Only,No,2022-04-27,Bored,No,25-34,1470,Medium,29
USR01324,30,Female,Germany,Freelancer,TikTok,1,1.1,3,22.0,Smartphone,Afternoon (12-4pm),2413,919,0,13,6,4,9,Photos,Slow,0.113,Sometimes,79.55,News & Updates,Moderate impact,7.2,Yes,Do Not Disturb,Private,No,2024-04-07,Bored,Occasionally,25-34,759,High,23
USR01325,27,Male,USA,Researcher,YouTube,4,0.5,8,3.8,Smartphone,Late Night (12am+),3,11,3,16,1,1,5,Videos,Medium,0.114,No,0.0,Networking,Mild impact,9.0,No,Do Not Disturb,Public,No,2023-10-17,Bored,Occasionally,25-34,932,High,18
USR01326,13,Female,Pakistan,Entrepreneur,Instagram,3,3.1,3,62.0,Smartphone,Evening (6-9pm),7360,441,4,14,3,3,8,Memes,Medium,0.254,Sometimes,85.0,Networking,Moderate impact,8.7,No,Always On,Friends Only,No,2022-10-14,Inspired,Occasionally,Under 18,1300,High,20
USR01327,19,Male,Germany,Entrepreneur,TikTok,2,2.0,7,17.1,Smartphone,Evening (6-9pm),1257,140,2,25,2,1,6,Videos,Medium,0.074,No,0.0,Entertainment,Mild impact,3.3,Yes,Do Not Disturb,Private,No,2022-02-22,Happy,Occasionally,18-24,1534,Low,28
USR01328,25,Female,Canada,Student,Instagram,3,0.5,8,3.8,Smartphone,Evening (6-9pm),2416,425,2,13,2,3,13,Educational,Medium,0.308,Yes,34.11,Learning,No impact,2.6,No,Always On,Private,No,2024-10-15,Neutral,Occasionally,25-34,568,Low,18
USR01329,17,Female,Pakistan,Teacher,Snapchat,3,5.5,4,82.5,Smart TV,Night (9pm-12am),316,83,2,21,3,0,4,Reels/Shorts,Medium,0.232,Yes,6.27,Business/Marketing,Severe impact,7.2,No,Selected,Friends Only,No,2023-08-29,Bored,No,Under 18,981,High,24
USR01330,31,Male,USA,Designer,YouTube,1,4.7,5,56.4,Smartphone,Afternoon (12-4pm),29,1028,2,20,8,5,9,News,Fast,0.211,No,0.0,Entertainment,Mild impact,7.2,No,Selected,Public,No,2023-06-16,Inspired,Yes,25-34,1055,High,33
USR01331,39,Non-binary,Brazil,Designer,YouTube,1,3.3,6,33.0,Laptop,Evening (6-9pm),1739,732,1,20,2,0,10,Photos,Slow,0.062,No,0.0,News & Updates,No impact,8.9,No,Selected,Public,No,2024-05-07,Stressed,Occasionally,35-44,729,High,22
USR01332,36,Male,USA,Researcher,Instagram,1,1.4,1,84.0,Desktop,Afternoon (12-4pm),573,483,5,19,4,4,4,Reels/Shorts,Slow,0.023,No,0.0,Socializing,Mild impact,6.9,Yes,Do Not Disturb,Friends Only,No,2024-04-08,Happy,Occasionally,35-44,758,Medium,27
USR01333,25,Prefer not to say,India,Designer,Twitter/X,2,0.6,2,18.0,Smartphone,Evening (6-9pm),704,633,2,25,2,1,6,Entertainment,Fast,0.097,No,0.0,News & Updates,No impact,5.2,Yes,Selected,Friends Only,No,2024-03-06,Neutral,Yes,25-34,791,Medium,28
USR01334,38,Male,Pakistan,Researcher,TikTok,3,0.5,3,10.0,Smartphone,Evening (6-9pm),4711,100,2,21,1,4,8,News,Medium,0.244,No,0.0,Business/Marketing,No impact,8.1,No,Selected,Private,No,2022-03-14,Neutral,Occasionally,35-44,1514,High,26
USR01335,28,Male,India,Entrepreneur,Facebook,2,1.7,4,25.5,Smartphone,Evening (6-9pm),2622,116,1,23,5,5,4,News,Medium,0.097,Yes,23.99,Networking,Mild impact,4.3,Somewhat,Selected,Private,No,2023-01-24,Happy,Yes,25-34,1198,Medium,33
USR01336,24,Male,Brazil,Freelancer,TikTok,5,4.0,4,60.0,Smartphone,Evening (6-9pm),21125,603,6,19,7,2,11,Videos,Slow,0.243,No,0.0,Entertainment,Severe impact,9.8,No,Selected,Friends Only,Yes,2023-12-04,Inspired,No,18-24,884,High,28
USR01337,22,Prefer not to say,USA,Designer,Twitter/X,3,2.0,4,30.0,Smartphone,Morning (6-10am),877,97,2,27,3,2,16,Photos,Medium,0.141,Sometimes,43.25,Entertainment,No impact,6.7,No,Selected,Friends Only,No,2023-04-01,Bored,Yes,18-24,1131,Medium,32
USR01338,24,Male,Pakistan,Other,TikTok,2,3.6,3,72.0,Smartphone,Evening (6-9pm),191,1386,2,24,5,1,8,Entertainment,Slow,0.245,Yes,3.88,Business/Marketing,Severe impact,4.9,Somewhat,Always On,Public,No,2024-12-30,Bored,No,18-24,492,Medium,30
USR01339,23,Male,UAE,Freelancer,YouTube,2,3.7,5,44.4,Laptop,Morning (6-10am),473,165,3,16,3,1,9,Entertainment,Medium,0.052,Yes,25.53,Entertainment,Moderate impact,4.6,No,Always On,Public,No,2024-09-01,Neutral,Occasionally,18-24,612,Medium,20
USR01340,28,Male,India,Student,Twitter/X,4,4.0,5,48.0,Tablet,Afternoon (12-4pm),1405,446,5,22,4,4,3,News,Medium,0.054,No,0.0,Entertainment,Moderate impact,6.6,Yes,Off,Friends Only,No,2024-01-05,Bored,Yes,25-34,852,Medium,30
USR01341,28,Male,Canada,Engineer,Twitter/X,2,0.5,2,15.0,Laptop,Morning (6-10am),4140,3038,1,9,2,3,6,Stories,Medium,0.075,Yes,35.56,Networking,Moderate impact,6.1,Yes,Off,Public,No,2024-11-04,Inspired,No,25-34,548,Medium,14
USR01342,27,Female,India,Teacher,TikTok,2,1.5,6,15.0,Smartphone,Night (9pm-12am),47,104,6,17,5,1,7,Reels/Shorts,Medium,0.072,No,0.0,Entertainment,Mild impact,6.0,Yes,Selected,Public,No,2023-09-07,Neutral,Yes,25-34,972,Medium,23
USR01343,30,Male,UK,Researcher,YouTube,4,3.5,3,70.0,Tablet,Night (9pm-12am),675,265,5,16,1,3,5,Videos,Medium,0.208,Sometimes,29.81,Socializing,No impact,3.8,Yes,Always On,Private,No,2022-12-15,Happy,Yes,25-34,1238,Low,20
USR01344,36,Female,USA,Researcher,Twitter/X,2,6.2,4,93.0,Tablet,Evening (6-9pm),12054,866,6,19,4,4,9,News,Medium,0.133,Sometimes,92.11,Learning,Mild impact,5.9,Yes,Always On,Friends Only,Yes,2023-01-06,Relaxed,Occasionally,35-44,1216,Medium,27
USR01345,34,Female,India,Doctor,Snapchat,3,5.2,3,104.0,Smartphone,Evening (6-9pm),431,766,5,32,6,1,9,Entertainment,Medium,0.002,Sometimes,25.29,Networking,Mild impact,7.7,Yes,Off,Friends Only,No,2023-08-25,Happy,No,25-34,985,High,39
USR01346,15,Male,Brazil,Teacher,TikTok,1,3.2,6,32.0,Smartphone,Morning (6-10am),3553,165,3,28,2,1,9,Videos,Fast,0.253,Yes,29.03,Entertainment,No impact,4.8,No,Do Not Disturb,Private,No,2022-07-19,Stressed,Yes,Under 18,1387,Medium,31
USR01347,13,Female,Canada,Other,LinkedIn,3,5.5,4,82.5,Tablet,Night (9pm-12am),1615,131,3,19,5,2,7,Memes,Medium,0.02,No,0.0,Learning,Moderate impact,6.7,Yes,Selected,Public,No,2024-08-22,Neutral,Occasionally,Under 18,622,Medium,26
USR01348,34,Female,India,Other,Pinterest,1,3.1,1,186.0,Smartphone,Evening (6-9pm),3716,184,2,21,2,2,5,Photos,Slow,0.044,No,0.0,News & Updates,Mild impact,8.2,No,Selected,Friends Only,No,2022-09-20,Relaxed,No,25-34,1324,High,25
USR01349,16,Male,India,Designer,Twitter/X,4,0.7,9,4.7,Desktop,Evening (6-9pm),154,1390,3,16,1,1,9,Stories,Fast,0.196,Sometimes,20.14,Socializing,Moderate impact,7.3,Yes,Off,Public,No,2023-06-14,Bored,Occasionally,Under 18,1057,High,18
USR01350,25,Female,Germany,Other,TikTok,2,4.0,7,34.3,Desktop,Late Night (12am+),156,175,6,20,5,1,7,Stories,Medium,0.156,Sometimes,10.24,Entertainment,Mild impact,4.0,Yes,Always On,Private,No,2023-01-10,Happy,No,25-34,1212,Low,26
USR01351,17,Male,USA,Engineer,TikTok,4,5.3,5,63.6,Smartphone,Evening (6-9pm),689,268,5,21,4,1,9,Memes,Fast,0.23,Yes,117.83,Socializing,Mild impact,6.8,Yes,Selected,Private,No,2023-11-19,Bored,Occasionally,Under 18,899,Medium,26
USR01352,13,Male,Australia,Marketer,Twitter/X,4,7.4,4,111.0,Smartphone,Morning (6-10am),42,146,2,16,5,4,6,Videos,Medium,0.258,No,0.0,Networking,Moderate impact,8.8,No,Off,Friends Only,No,2022-07-02,Inspired,Yes,Under 18,1404,High,25
USR01353,31,Male,UK,Researcher,Pinterest,4,1.7,2,51.0,Tablet,Morning (6-10am),409,570,1,18,6,2,4,Memes,Slow,0.078,Yes,3.02,Learning,No impact,7.1,Yes,Do Not Disturb,Friends Only,No,2023-04-01,Bored,No,25-34,1131,High,26
USR01354,33,Male,UK,Researcher,YouTube,3,1.0,4,15.0,Smartphone,Evening (6-9pm),1048,294,7,24,4,1,9,Educational,Medium,0.12,Sometimes,4.69,Entertainment,Moderate impact,8.3,No,Always On,Private,No,2023-12-29,Relaxed,No,25-34,859,High,29
USR01355,22,Female,UK,Doctor,YouTube,4,4.4,5,52.8,Smartphone,Late Night (12am+),16520,73,4,11,3,3,8,Photos,Medium,0.104,No,0.0,Learning,Mild impact,8.0,Somewhat,Off,Public,Yes,2023-04-03,Neutral,Yes,18-24,1129,High,17
USR01356,13,Female,UAE,Engineer,Instagram,2,3.4,4,51.0,Smartphone,Evening (6-9pm),1373,76,2,14,2,0,7,Stories,Medium,0.131,No,0.0,Entertainment,Moderate impact,4.2,Somewhat,Always On,Friends Only,No,2023-09-21,Bored,Yes,Under 18,958,Medium,16
USR01357,22,Female,UK,Marketer,TikTok,5,3.2,6,32.0,Smartphone,Evening (6-9pm),2049,22,3,30,4,1,9,Memes,Medium,0.093,Sometimes,36.26,Entertainment,Mild impact,9.4,No,Always On,Friends Only,No,2024-05-11,Bored,Yes,18-24,725,High,35
USR01358,30,Male,Canada,Other,Facebook,4,5.6,3,112.0,Smart TV,Morning (6-10am),5410,90,5,20,9,1,9,Photos,Fast,0.171,Sometimes,26.65,News & Updates,Moderate impact,8.5,No,Always On,Friends Only,No,2023-11-10,Stressed,No,25-34,908,High,30
USR01359,15,Male,UK,Engineer,Snapchat,1,4.4,7,37.7,Laptop,Night (9pm-12am),117,634,2,22,8,4,7,Memes,Medium,0.078,No,0.0,Entertainment,No impact,5.7,No,Always On,Friends Only,No,2024-02-01,Neutral,Yes,Under 18,825,Medium,34
USR01360,28,Female,Pakistan,Other,Twitter/X,2,3.6,5,43.2,Smart TV,Night (9pm-12am),494,1198,2,17,7,2,7,Videos,Fast,0.094,Sometimes,5.67,Networking,Severe impact,8.5,Yes,Do Not Disturb,Private,No,2023-06-18,Relaxed,Yes,25-34,1053,High,26
USR01361,26,Female,Pakistan,Doctor,Instagram,2,1.9,6,19.0,Smartphone,Late Night (12am+),52351,557,3,24,3,0,9,Reels/Shorts,Fast,0.073,No,0.0,Networking,Moderate impact,6.0,No,Always On,Public,Yes,2023-08-26,Neutral,Yes,25-34,984,Medium,27
USR01362,31,Male,Pakistan,Freelancer,Snapchat,5,4.2,7,36.0,Smartphone,Evening (6-9pm),576,476,5,23,1,0,4,Entertainment,Slow,0.01,No,0.0,Learning,Moderate impact,6.0,No,Do Not Disturb,Friends Only,No,2024-08-07,Neutral,Occasionally,25-34,637,Medium,24
USR01363,27,Prefer not to say,India,Student,Snapchat,2,1.0,2,30.0,Smartphone,Night (9pm-12am),4962,210,3,13,5,1,6,Videos,Medium,0.116,No,0.0,Learning,Mild impact,4.6,No,Do Not Disturb,Private,No,2022-08-30,Relaxed,No,25-34,1345,Medium,19
USR01364,19,Female,UK,Researcher,TikTok,2,3.1,6,31.0,Smartphone,Afternoon (12-4pm),3769,620,3,15,4,1,8,Photos,Fast,0.083,Sometimes,12.27,News & Updates,Moderate impact,4.3,Yes,Always On,Public,No,2024-08-21,Stressed,Yes,18-24,623,Medium,20
USR01365,36,Male,India,Doctor,YouTube,4,2.5,4,37.5,Desktop,Late Night (12am+),46,344,2,17,4,2,17,Videos,Fast,0.101,No,0.0,Learning,Moderate impact,6.5,Somewhat,Selected,Private,No,2022-04-20,Happy,Occasionally,35-44,1477,Medium,23
USR01366,25,Male,UK,Marketer,TikTok,5,0.7,6,7.0,Smartphone,Morning (6-10am),1163,2133,4,18,3,2,10,Memes,Medium,0.02,No,0.0,Networking,Mild impact,5.7,Somewhat,Do Not Disturb,Friends Only,No,2022-05-26,Inspired,No,25-34,1441,Medium,23
USR01367,26,Male,Germany,Entrepreneur,LinkedIn,4,3.4,3,68.0,Smartphone,Afternoon (12-4pm),866,217,7,20,6,4,6,News,Medium,0.121,Sometimes,44.2,Learning,No impact,3.5,No,Selected,Friends Only,No,2024-08-25,Stressed,Yes,25-34,619,Low,30
USR01368,19,Female,India,Researcher,Instagram,5,1.7,6,17.0,Desktop,Night (9pm-12am),1204,1226,1,13,5,0,11,News,Medium,0.136,Sometimes,18.31,News & Updates,No impact,6.8,Yes,Always On,Friends Only,No,2023-02-03,Happy,No,18-24,1188,Medium,18
USR01369,23,Female,UAE,Marketer,Twitter/X,5,3.4,8,25.5,Smartphone,Night (9pm-12am),171,698,3,18,2,0,8,Memes,Medium,0.055,Sometimes,6.38,News & Updates,Mild impact,7.1,Somewhat,Selected,Private,No,2024-10-21,Stressed,No,18-24,562,High,20
USR01370,19,Male,Nigeria,Designer,LinkedIn,4,1.2,3,24.0,Smartphone,Afternoon (12-4pm),89,591,3,15,2,2,7,Entertainment,Slow,0.342,No,0.0,Socializing,Moderate impact,6.7,No,Selected,Private,No,2022-09-03,Bored,No,18-24,1341,Medium,19
USR01371,25,Prefer not to say,Canada,Doctor,TikTok,2,4.4,7,37.7,Laptop,Evening (6-9pm),282,21,3,20,2,2,14,Memes,Medium,0.342,Sometimes,21.95,Entertainment,Moderate impact,6.7,No,Selected,Public,No,2024-02-21,Bored,Occasionally,25-34,805,Medium,24
USR01372,40,Male,UK,Other,Twitter/X,3,6.8,15,27.2,Tablet,Morning (6-10am),557,746,2,17,6,1,5,News,Medium,0.032,Yes,74.14,Business/Marketing,Mild impact,6.9,Yes,Do Not Disturb,Private,No,2024-12-21,Happy,Yes,35-44,501,Medium,24
USR01373,16,Female,India,Designer,TikTok,4,1.0,7,8.6,Smart TV,Morning (6-10am),5613,209,1,17,5,1,8,Memes,Medium,0.365,No,0.0,Entertainment,No impact,6.5,Somewhat,Always On,Public,No,2023-09-04,Inspired,Yes,Under 18,975,Medium,23
USR01374,14,Male,UK,Student,Instagram,5,1.2,6,12.0,Tablet,Night (9pm-12am),17521,143,4,17,2,1,10,Photos,Medium,0.147,Sometimes,2.06,Entertainment,No impact,6.8,Yes,Selected,Public,Yes,2024-04-26,Happy,No,Under 18,740,Medium,20
USR01375,38,Male,USA,Freelancer,Instagram,4,0.9,3,18.0,Smartphone,Night (9pm-12am),8216,41,4,27,3,5,8,Reels/Shorts,Fast,0.243,Sometimes,133.88,Entertainment,No impact,7.1,Yes,Do Not Disturb,Friends Only,No,2022-04-21,Inspired,No,35-44,1476,High,35
USR01376,25,Female,Brazil,Marketer,Twitter/X,2,2.2,2,66.0,Smartphone,Late Night (12am+),3128,243,6,21,3,7,10,Entertainment,Slow,0.057,Sometimes,7.32,Entertainment,No impact,5.1,Yes,Off,Friends Only,No,2022-11-05,Bored,No,25-34,1278,Medium,31
USR01377,21,Female,UAE,Doctor,TikTok,3,3.3,5,39.6,Smartphone,Evening (6-9pm),109,254,3,20,3,3,14,Photos,Medium,0.011,Yes,26.3,Business/Marketing,No impact,3.9,Yes,Always On,Friends Only,No,2022-10-09,Stressed,Yes,18-24,1305,Low,26
USR01378,35,Male,Brazil,Student,Pinterest,2,4.0,6,40.0,Laptop,Evening (6-9pm),318,51,3,20,3,2,5,News,Fast,0.072,No,0.0,News & Updates,Moderate impact,6.8,Yes,Selected,Public,No,2023-02-15,Relaxed,Occasionally,35-44,1176,Medium,25
USR01379,22,Male,Pakistan,Entrepreneur,TikTok,5,3.1,6,31.0,Smartphone,Evening (6-9pm),970,41,3,21,5,1,6,Memes,Fast,0.188,Sometimes,41.93,Socializing,Mild impact,6.5,Somewhat,Always On,Friends Only,No,2023-12-03,Happy,Yes,18-24,885,Medium,27
USR01380,41,Female,Brazil,Other,Instagram,5,3.9,4,58.5,Laptop,Night (9pm-12am),213,438,3,16,3,3,10,News,Fast,0.072,Yes,7.41,Learning,Severe impact,7.0,No,Selected,Public,No,2024-04-18,Happy,Yes,35-44,748,Medium,22
USR01381,32,Female,USA,Student,LinkedIn,5,2.5,1,150.0,Smartphone,Evening (6-9pm),1879,696,6,15,4,1,8,News,Medium,0.249,No,0.0,Learning,Moderate impact,8.2,Yes,Selected,Friends Only,No,2024-07-26,Happy,Yes,25-34,649,High,20
USR01382,23,Male,Nigeria,Teacher,Snapchat,5,1.7,6,17.0,Smartphone,Late Night (12am+),2432,307,5,18,5,2,7,Photos,Slow,0.122,No,0.0,News & Updates,No impact,6.1,No,Selected,Friends Only,No,2022-10-21,Relaxed,No,18-24,1293,Medium,25
USR01383,44,Male,India,Entrepreneur,Facebook,3,1.3,8,9.8,Smartphone,Night (9pm-12am),1746,973,5,23,6,4,10,Stories,Medium,0.162,No,0.0,News & Updates,Moderate impact,6.0,Yes,Selected,Public,No,2023-10-10,Happy,No,35-44,939,Medium,33
USR01384,22,Male,Canada,Engineer,YouTube,3,2.3,2,69.0,Smartphone,Morning (6-10am),4210,220,3,22,7,2,10,Memes,Fast,0.241,No,0.0,Business/Marketing,No impact,7.0,No,Always On,Friends Only,No,2023-01-05,Inspired,No,18-24,1217,Medium,31
USR01385,32,Female,USA,Freelancer,Instagram,5,1.3,2,39.0,Laptop,Evening (6-9pm),130,229,4,22,6,1,9,Stories,Medium,0.166,Yes,4.71,Socializing,Severe impact,4.4,No,Off,Friends Only,No,2022-06-15,Relaxed,Occasionally,25-34,1421,Medium,29
USR01386,29,Female,USA,Marketer,TikTok,4,3.3,2,99.0,Smartphone,Night (9pm-12am),3565,81,2,18,8,1,6,Educational,Fast,0.085,No,0.0,Entertainment,Mild impact,6.3,Somewhat,Selected,Private,No,2024-09-25,Inspired,Yes,25-34,588,Medium,27
USR01387,37,Female,Canada,Teacher,Snapchat,1,1.3,5,15.6,Smartphone,Evening (6-9pm),190,37,1,11,5,2,2,Entertainment,Slow,0.242,No,0.0,Learning,No impact,6.0,No,Always On,Friends Only,No,2023-11-13,Happy,Occasionally,35-44,905,Medium,18
USR01388,39,Male,Australia,Designer,Facebook,4,1.8,7,15.4,Laptop,Late Night (12am+),122,2265,1,19,4,3,6,News,Medium,0.069,No,0.0,Business/Marketing,Mild impact,7.8,No,Selected,Public,No,2022-12-29,Bored,Yes,35-44,1224,High,26
USR01389,27,Female,India,Researcher,Instagram,4,5.0,7,42.9,Laptop,Afternoon (12-4pm),1733,951,3,20,5,0,10,Stories,Medium,0.023,Yes,17.89,Entertainment,Severe impact,5.4,Yes,Selected,Public,No,2023-10-04,Relaxed,No,25-34,945,Medium,25
USR01390,20,Male,India,Designer,YouTube,5,5.3,9,35.3,Smartphone,Afternoon (12-4pm),5934,46,0,20,2,3,6,Photos,Slow,0.164,No,0.0,Learning,Moderate impact,6.4,Somewhat,Always On,Friends Only,No,2022-04-29,Stressed,Occasionally,18-24,1468,Medium,25
USR01391,30,Female,USA,Doctor,Twitter/X,3,5.2,4,78.0,Laptop,Afternoon (12-4pm),1601,294,4,18,8,1,8,Reels/Shorts,Fast,0.038,Sometimes,20.51,Networking,No impact,5.9,No,Do Not Disturb,Friends Only,No,2022-01-10,Bored,Yes,25-34,1577,Medium,27
USR01392,21,Male,USA,Designer,Instagram,3,2.5,7,21.4,Smartphone,Afternoon (12-4pm),690,217,2,26,4,0,6,Entertainment,Medium,0.241,Sometimes,78.77,Socializing,Mild impact,1.7,Yes,Do Not Disturb,Public,No,2024-07-14,Neutral,Occasionally,18-24,661,Low,30
USR01393,43,Non-binary,Pakistan,Entrepreneur,Instagram,4,1.7,5,20.4,Smartphone,Morning (6-10am),1162,176,6,16,4,2,7,Stories,Slow,0.072,Sometimes,71.83,Learning,Moderate impact,5.2,Yes,Selected,Friends Only,No,2023-07-15,Relaxed,Yes,35-44,1026,Medium,22
USR01394,28,Female,India,Entrepreneur,TikTok,4,3.6,7,30.9,Smartphone,Afternoon (12-4pm),850,149,4,12,2,2,9,Stories,Slow,0.145,Sometimes,0.85,Learning,Severe impact,6.2,No,Always On,Friends Only,No,2023-03-05,Relaxed,Occasionally,25-34,1158,Medium,16
USR01395,24,Female,Pakistan,Entrepreneur,Snapchat,4,1.3,7,11.1,Smartphone,Night (9pm-12am),87,386,2,17,7,0,9,Reels/Shorts,Medium,0.076,Sometimes,25.19,Entertainment,Severe impact,4.6,No,Off,Public,No,2022-12-12,Stressed,No,18-24,1241,Medium,24
USR01396,28,Male,UK,Marketer,Twitter/X,5,4.1,3,82.0,Smartphone,Afternoon (12-4pm),71,653,5,24,7,3,11,Educational,Slow,0.083,Sometimes,2.67,News & Updates,Severe impact,6.0,Yes,Do Not Disturb,Friends Only,No,2022-11-21,Stressed,Yes,25-34,1262,Medium,34
USR01397,16,Female,Pakistan,Designer,YouTube,2,1.6,5,19.2,Smartphone,Evening (6-9pm),577,396,1,19,3,0,10,News,Slow,0.07,Yes,1.3,Entertainment,Mild impact,8.6,Yes,Always On,Friends Only,No,2024-09-29,Stressed,Occasionally,Under 18,584,High,22
USR01398,19,Female,Canada,Other,Twitter/X,1,2.2,5,26.4,Laptop,Morning (6-10am),767,211,7,24,3,3,6,Videos,Slow,0.097,No,0.0,Business/Marketing,Moderate impact,7.9,Yes,Do Not Disturb,Friends Only,No,2022-06-30,Inspired,Occasionally,18-24,1406,High,30
USR01399,36,Male,Nigeria,Marketer,Instagram,5,4.2,5,50.4,Laptop,Night (9pm-12am),678,202,2,15,3,2,8,Memes,Slow,0.033,No,0.0,Learning,Mild impact,2.8,Somewhat,Always On,Friends Only,No,2022-09-23,Inspired,Yes,35-44,1321,Low,20
USR01400,21,Female,USA,Marketer,TikTok,1,0.5,5,6.0,Smartphone,Night (9pm-12am),2246,753,1,18,4,0,7,Photos,Fast,0.021,Sometimes,93.52,Networking,Moderate impact,7.6,Somewhat,Always On,Friends Only,No,2024-06-07,Bored,Occasionally,18-24,698,High,22
USR01401,18,Prefer not to say,Pakistan,Doctor,TikTok,2,1.7,8,12.8,Smartphone,Late Night (12am+),451,426,5,24,2,2,5,Educational,Medium,0.012,Sometimes,43.72,Entertainment,Mild impact,7.2,No,Selected,Public,No,2024-05-29,Happy,Yes,18-24,707,High,28
USR01402,31,Prefer not to say,India,Engineer,Instagram,2,3.3,2,99.0,Smartphone,Night (9pm-12am),1832,266,3,18,2,2,8,Entertainment,Fast,0.197,Yes,12.92,News & Updates,Mild impact,6.0,Yes,Do Not Disturb,Private,No,2024-04-06,Stressed,Occasionally,25-34,760,Medium,22
USR01403,36,Female,Pakistan,Freelancer,TikTok,5,3.8,6,38.0,Smartphone,Morning (6-10am),512,234,1,23,0,4,8,Videos,Fast,0.079,No,0.0,Business/Marketing,Mild impact,2.0,Somewhat,Off,Public,No,2024-05-28,Inspired,No,35-44,708,Low,27
USR01404,32,Female,India,Doctor,YouTube,3,3.4,6,34.0,Desktop,Afternoon (12-4pm),17712,370,6,19,4,3,10,News,Fast,0.113,Sometimes,6.58,News & Updates,Moderate impact,7.6,Yes,Off,Friends Only,Yes,2024-09-04,Inspired,Yes,25-34,609,High,26
USR01405,34,Male,UAE,Engineer,Twitter/X,3,2.2,6,22.0,Laptop,Afternoon (12-4pm),769,139,5,21,5,1,11,Entertainment,Slow,0.383,No,0.0,Business/Marketing,No impact,5.4,Somewhat,Selected,Public,No,2024-02-25,Relaxed,Yes,25-34,801,Medium,27
USR01406,20,Female,Pakistan,Designer,Instagram,1,4.5,1,270.0,Smartphone,Night (9pm-12am),44949,655,4,19,5,1,8,Stories,Medium,0.202,No,0.0,News & Updates,Severe impact,6.6,No,Do Not Disturb,Friends Only,Yes,2022-01-10,Neutral,No,18-24,1577,Medium,25
USR01407,15,Male,USA,Researcher,LinkedIn,3,1.2,10,7.2,Smartphone,Night (9pm-12am),1253,67,4,22,4,3,5,Memes,Medium,0.21,Yes,32.62,Socializing,Mild impact,4.5,No,Selected,Public,No,2022-03-19,Stressed,No,Under 18,1509,Medium,29
USR01408,39,Female,Germany,Student,Facebook,4,1.2,5,14.4,Smartphone,Afternoon (12-4pm),452,149,3,19,4,2,12,Stories,Medium,0.142,Sometimes,31.57,Socializing,Mild impact,4.9,Yes,Always On,Friends Only,No,2024-12-29,Happy,Occasionally,35-44,493,Medium,25
USR01409,24,Female,UAE,Freelancer,Instagram,4,3.3,3,66.0,Smartphone,Evening (6-9pm),131,509,4,14,6,3,8,Reels/Shorts,Medium,0.09,Yes,42.32,Socializing,Moderate impact,7.9,Yes,Always On,Public,No,2023-02-13,Bored,No,18-24,1178,High,23
USR01410,24,Non-binary,UAE,Teacher,Twitter/X,2,1.1,1,66.0,Tablet,Night (9pm-12am),49,62,2,20,4,0,5,Memes,Slow,0.222,No,0.0,News & Updates,Moderate impact,9.1,No,Off,Public,No,2024-02-04,Stressed,Yes,18-24,822,High,24
USR01411,37,Male,India,Researcher,TikTok,5,7.0,7,60.0,Smartphone,Late Night (12am+),111,37,3,17,6,3,7,Entertainment,Fast,0.11,Sometimes,26.7,Learning,Severe impact,5.4,Yes,Selected,Friends Only,No,2022-01-29,Relaxed,Occasionally,35-44,1558,Medium,26
USR01412,31,Female,India,Teacher,Instagram,3,1.7,4,25.5,Smartphone,Morning (6-10am),136,263,0,30,7,2,12,Memes,Slow,0.102,No,0.0,Socializing,Mild impact,8.9,Yes,Do Not Disturb,Friends Only,No,2023-10-22,Inspired,Occasionally,25-34,927,High,39
USR01413,30,Female,Pakistan,Freelancer,Twitter/X,2,4.4,6,44.0,Smartphone,Morning (6-10am),1353,31,3,14,5,5,7,News,Fast,0.129,Sometimes,29.1,News & Updates,Mild impact,5.4,Somewhat,Always On,Public,No,2024-12-23,Inspired,Occasionally,25-34,499,Medium,24
USR01414,44,Male,India,Student,Facebook,4,1.0,4,15.0,Smartphone,Night (9pm-12am),257,51,3,24,2,1,8,Reels/Shorts,Slow,0.297,Sometimes,72.47,Learning,Severe impact,5.4,No,Selected,Public,No,2023-01-26,Happy,Occasionally,35-44,1196,Medium,27
USR01415,21,Male,USA,Student,TikTok,3,6.1,2,183.0,Smartphone,Late Night (12am+),931,606,2,14,3,2,10,Educational,Medium,0.022,Yes,4.65,Socializing,Severe impact,3.6,Yes,Always On,Public,No,2022-02-06,Happy,Occasionally,18-24,1550,Low,19
USR01416,34,Male,Pakistan,Other,TikTok,3,2.6,4,39.0,Laptop,Evening (6-9pm),6684,191,3,23,8,3,12,Photos,Fast,0.34,Sometimes,61.27,Entertainment,No impact,7.1,Yes,Do Not Disturb,Private,No,2022-01-09,Neutral,Yes,25-34,1578,High,34
USR01417,27,Female,India,Student,Facebook,5,1.7,9,11.3,Laptop,Evening (6-9pm),567,1144,3,17,2,3,6,Memes,Slow,0.057,Yes,40.82,Business/Marketing,Mild impact,5.8,Yes,Always On,Private,No,2023-05-25,Inspired,Occasionally,25-34,1077,Medium,22
USR01418,29,Female,Germany,Marketer,Instagram,3,2.1,4,31.5,Smartphone,Evening (6-9pm),28070,57,1,18,5,7,9,Stories,Fast,0.16,No,0.0,News & Updates,Mild impact,5.9,Somewhat,Do Not Disturb,Public,Yes,2023-04-09,Happy,No,25-34,1123,Medium,30
USR01419,39,Female,Brazil,Teacher,Pinterest,3,1.5,5,18.0,Smartphone,Night (9pm-12am),80,218,1,15,5,0,12,News,Medium,0.102,Sometimes,8.27,News & Updates,Severe impact,5.5,Yes,Always On,Friends Only,No,2023-12-07,Stressed,No,35-44,881,Medium,20
USR01420,31,Female,Germany,Teacher,Instagram,5,2.2,8,16.5,Laptop,Morning (6-10am),507,395,1,18,1,4,4,Educational,Fast,0.044,Sometimes,8.49,Networking,Mild impact,4.4,Yes,Do Not Disturb,Friends Only,No,2023-10-02,Happy,Occasionally,25-34,947,Medium,23
USR01421,31,Female,UAE,Other,Twitter/X,1,1.0,2,30.0,Smartphone,Evening (6-9pm),251,60,2,21,3,3,9,Memes,Slow,0.178,No,0.0,Networking,Moderate impact,7.3,Yes,Selected,Public,No,2022-09-22,Stressed,Occasionally,25-34,1322,High,27
USR01422,35,Male,Germany,Researcher,Twitter/X,3,1.7,2,51.0,Smartphone,Night (9pm-12am),3589,843,2,25,6,4,9,News,Fast,0.022,Yes,17.39,Learning,No impact,6.1,No,Selected,Friends Only,No,2022-07-30,Bored,Occasionally,35-44,1376,Medium,35
USR01423,24,Non-binary,UAE,Engineer,Pinterest,5,4.4,5,52.8,Smartphone,Evening (6-9pm),11,451,1,25,5,2,5,Videos,Slow,0.028,No,0.0,Networking,Mild impact,7.7,No,Selected,Friends Only,No,2024-02-25,Bored,Yes,18-24,801,High,32
USR01424,20,Female,UK,Student,Twitter/X,2,3.0,4,45.0,Smartphone,Morning (6-10am),49,35,3,21,5,1,11,News,Medium,0.034,Sometimes,19.95,Business/Marketing,No impact,4.5,No,Selected,Friends Only,No,2024-10-27,Inspired,Yes,18-24,556,Medium,27
USR01425,18,Male,Pakistan,Engineer,TikTok,2,1.2,8,9.0,Smartphone,Evening (6-9pm),548,233,3,29,2,2,4,News,Medium,0.234,Yes,61.42,News & Updates,No impact,6.6,Somewhat,Always On,Public,No,2023-09-19,Bored,Yes,18-24,960,Medium,33
USR01426,13,Male,Pakistan,Doctor,Twitter/X,4,2.3,6,23.0,Smartphone,Afternoon (12-4pm),10856,388,0,17,2,1,6,Educational,Medium,0.004,Sometimes,1.81,News & Updates,No impact,10.0,Somewhat,Do Not Disturb,Public,Yes,2022-12-09,Inspired,No,Under 18,1244,High,20
USR01427,43,Female,Pakistan,Marketer,Facebook,5,5.3,9,35.3,Desktop,Evening (6-9pm),998,120,2,16,6,0,8,Photos,Medium,0.147,No,0.0,Socializing,No impact,4.9,Somewhat,Do Not Disturb,Private,No,2022-05-14,Neutral,No,35-44,1453,Medium,22
USR01428,18,Female,India,Student,Pinterest,3,1.9,7,16.3,Smartphone,Evening (6-9pm),58,41,2,23,2,2,12,News,Fast,0.125,Sometimes,87.77,Learning,Severe impact,5.3,No,Selected,Private,No,2022-04-04,Relaxed,No,18-24,1493,Medium,27
USR01429,25,Female,Australia,Other,TikTok,2,1.1,2,33.0,Smartphone,Morning (6-10am),77,341,6,22,5,2,4,Entertainment,Fast,0.034,No,0.0,Business/Marketing,No impact,5.3,Somewhat,Off,Public,No,2023-09-03,Bored,Yes,25-34,976,Medium,29
USR01430,24,Female,Pakistan,Other,Instagram,3,3.7,8,27.8,Smartphone,Afternoon (12-4pm),13512,3475,4,18,3,2,6,News,Medium,0.088,No,0.0,Networking,Mild impact,4.3,Yes,Do Not Disturb,Friends Only,Yes,2023-08-19,Happy,Yes,18-24,991,Medium,23
USR01431,29,Male,Pakistan,Freelancer,YouTube,5,0.5,3,10.0,Smartphone,Late Night (12am+),217,153,2,24,2,5,2,Educational,Medium,0.067,Yes,36.86,Networking,No impact,9.2,No,Always On,Public,No,2024-07-22,Neutral,Yes,25-34,653,High,31
USR01432,33,Female,Brazil,Marketer,TikTok,2,2.1,5,25.2,Smartphone,Evening (6-9pm),121,1608,5,20,4,4,10,Educational,Medium,0.153,Yes,134.5,News & Updates,Moderate impact,2.1,No,Do Not Disturb,Private,No,2024-12-01,Neutral,Occasionally,25-34,521,Low,28
USR01433,33,Male,USA,Doctor,YouTube,4,5.6,4,84.0,Laptop,Evening (6-9pm),9502,99,2,19,4,2,11,Stories,Medium,0.164,No,0.0,Entertainment,Moderate impact,4.0,Somewhat,Always On,Public,No,2024-12-09,Neutral,No,25-34,513,Low,25
USR01434,22,Male,India,Engineer,Facebook,2,2.2,5,26.4,Laptop,Late Night (12am+),4105,316,5,18,3,0,7,News,Slow,0.055,Sometimes,47.27,Business/Marketing,No impact,7.0,No,Selected,Friends Only,No,2023-11-23,Relaxed,Yes,18-24,895,Medium,21
USR01435,25,Prefer not to say,UAE,Entrepreneur,YouTube,4,4.6,4,69.0,Smartphone,Late Night (12am+),6589,617,3,24,3,4,7,Photos,Fast,0.089,Sometimes,98.1,News & Updates,No impact,4.9,No,Always On,Friends Only,No,2024-06-07,Relaxed,Occasionally,25-34,698,Medium,31
USR01436,29,Female,Pakistan,Other,YouTube,5,1.1,8,8.2,Smartphone,Night (9pm-12am),120,242,2,16,5,2,8,Stories,Fast,0.031,Yes,141.37,News & Updates,No impact,6.1,No,Off,Public,No,2022-10-02,Neutral,Occasionally,25-34,1312,Medium,23
USR01437,25,Female,UAE,Engineer,TikTok,1,2.2,1,132.0,Smartphone,Morning (6-10am),42,171,2,27,6,3,8,Videos,Medium,0.188,Sometimes,79.94,Entertainment,Mild impact,6.1,Yes,Always On,Friends Only,No,2023-12-03,Inspired,Yes,25-34,885,Medium,36
USR01438,39,Male,UK,Student,Instagram,5,2.0,7,17.1,Smartphone,Afternoon (12-4pm),845,584,4,23,4,1,9,News,Fast,0.04,Yes,7.22,Networking,No impact,7.1,Somewhat,Always On,Private,No,2024-09-30,Happy,Occasionally,35-44,583,High,28
USR01439,30,Male,India,Student,Twitter/X,4,3.6,4,54.0,Smartphone,Evening (6-9pm),1215,2367,3,24,5,4,10,Reels/Shorts,Fast,0.13,Sometimes,43.8,Entertainment,No impact,6.3,Somewhat,Selected,Public,No,2024-01-06,Happy,Occasionally,25-34,851,Medium,33
USR01440,32,Female,USA,Doctor,YouTube,3,2.7,5,32.4,Smartphone,Night (9pm-12am),1282,350,4,23,3,4,7,Entertainment,Fast,0.445,Sometimes,17.84,Socializing,Mild impact,5.5,No,Selected,Friends Only,No,2023-01-21,Neutral,No,25-34,1201,Medium,30
USR01441,32,Female,Pakistan,Engineer,Instagram,2,6.1,2,183.0,Smartphone,Evening (6-9pm),9516,131,7,31,3,3,6,Reels/Shorts,Medium,0.073,Sometimes,59.51,Entertainment,No impact,6.4,Yes,Selected,Public,No,2022-12-04,Inspired,Yes,25-34,1249,Medium,37
USR01442,36,Male,Canada,Researcher,YouTube,2,1.8,3,36.0,Smartphone,Late Night (12am+),29,194,4,17,4,2,13,News,Medium,0.09,No,0.0,Networking,Mild impact,5.9,Yes,Do Not Disturb,Public,No,2024-04-06,Stressed,Yes,35-44,760,Medium,23
USR01443,28,Male,India,Engineer,Twitter/X,4,2.7,3,54.0,Smartphone,Evening (6-9pm),3125,5032,5,26,4,0,10,Educational,Medium,0.064,Sometimes,61.82,Entertainment,No impact,9.3,Yes,Always On,Friends Only,No,2022-02-09,Neutral,Yes,25-34,1547,High,30
USR01444,16,Male,UAE,Designer,Facebook,2,2.1,1,126.0,Laptop,Afternoon (12-4pm),92,287,1,20,3,4,8,Photos,Medium,0.251,Sometimes,12.21,Networking,Severe impact,5.2,Yes,Selected,Private,No,2023-04-13,Neutral,No,Under 18,1119,Medium,27
USR01445,30,Female,UAE,Teacher,Facebook,4,2.6,3,52.0,Laptop,Morning (6-10am),3103,119,2,20,5,2,9,Reels/Shorts,Medium,0.159,No,0.0,News & Updates,Mild impact,7.2,No,Selected,Public,No,2023-04-05,Bored,No,25-34,1127,High,27
USR01446,21,Male,Pakistan,Designer,YouTube,3,2.4,4,36.0,Smart TV,Night (9pm-12am),282,61,4,17,4,2,9,Memes,Fast,0.216,Sometimes,6.45,Entertainment,No impact,7.8,Yes,Always On,Private,No,2022-09-26,Happy,No,18-24,1318,High,23
USR01447,22,Male,USA,Entrepreneur,Instagram,1,1.3,4,19.5,Smartphone,Afternoon (12-4pm),153,27,0,11,2,2,7,Stories,Fast,0.157,Yes,1.75,Learning,No impact,3.8,Yes,Selected,Public,No,2023-03-09,Happy,Occasionally,18-24,1154,Low,15
USR01448,31,Male,Germany,Other,YouTube,5,4.2,7,36.0,Smartphone,Evening (6-9pm),221,378,3,23,5,4,9,Stories,Slow,0.125,Sometimes,36.75,News & Updates,Mild impact,4.2,Yes,Selected,Private,No,2022-02-14,Happy,Yes,25-34,1542,Medium,32
USR01449,36,Female,Australia,Designer,Twitter/X,3,1.6,9,10.7,Smartphone,Evening (6-9pm),49,536,1,21,5,2,10,Reels/Shorts,Medium,0.067,Sometimes,20.55,Business/Marketing,Moderate impact,9.7,Yes,Selected,Public,No,2024-10-30,Bored,Yes,35-44,553,High,28
USR01450,27,Male,UAE,Freelancer,TikTok,3,1.5,1,90.0,Smartphone,Afternoon (12-4pm),715,152,2,14,3,3,11,Educational,Medium,0.197,No,0.0,Learning,Mild impact,5.0,No,Always On,Public,No,2022-12-13,Stressed,Yes,25-34,1240,Medium,20
USR01451,29,Male,India,Other,Instagram,2,0.7,3,14.0,Smartphone,Morning (6-10am),165,240,2,25,3,2,7,Memes,Fast,0.032,Yes,85.42,Networking,No impact,6.2,Yes,Selected,Private,No,2022-09-10,Inspired,Yes,25-34,1334,Medium,30
USR01452,40,Female,Brazil,Teacher,Instagram,2,1.8,5,21.6,Tablet,Morning (6-10am),2738,60,3,13,2,2,4,Reels/Shorts,Medium,0.093,No,0.0,Entertainment,Mild impact,5.9,Somewhat,Always On,Public,No,2024-01-21,Happy,Yes,35-44,836,Medium,17
USR01453,28,Male,Germany,Doctor,Instagram,1,1.6,1,96.0,Smartphone,Night (9pm-12am),2105,287,3,16,2,5,6,Reels/Shorts,Medium,0.003,Sometimes,33.57,Learning,Mild impact,6.1,Somewhat,Do Not Disturb,Public,No,2022-03-18,Happy,No,25-34,1510,Medium,23
USR01454,47,Female,USA,Designer,LinkedIn,4,0.5,3,10.0,Smartphone,Morning (6-10am),13886,436,3,16,6,1,9,Entertainment,Medium,0.034,Sometimes,11.48,Socializing,Mild impact,5.5,Yes,Selected,Private,Yes,2024-02-08,Inspired,Occasionally,45+,818,Medium,23
USR01455,31,Female,India,Entrepreneur,Twitter/X,4,2.2,5,26.4,Tablet,Morning (6-10am),1286,128,3,21,3,3,7,News,Fast,0.247,Sometimes,10.5,Business/Marketing,Mild impact,6.4,Somewhat,Always On,Private,No,2023-06-08,Happy,No,25-34,1063,Medium,27
USR01456,13,Female,India,Freelancer,Pinterest,3,5.9,7,50.6,Smartphone,Night (9pm-12am),1698,1860,2,22,6,1,10,News,Medium,0.3,No,0.0,Socializing,Mild impact,4.7,Yes,Selected,Friends Only,No,2024-12-31,Neutral,Yes,Under 18,491,Medium,29
USR01457,33,Female,Pakistan,Doctor,Twitter/X,3,0.8,4,12.0,Smartphone,Morning (6-10am),8268,89,3,17,5,2,12,Educational,Fast,0.03,Sometimes,5.5,Business/Marketing,Moderate impact,5.8,Yes,Off,Private,No,2022-04-10,Neutral,Occasionally,25-34,1487,Medium,24
USR01458,30,Male,UAE,Teacher,TikTok,2,2.5,6,25.0,Smartphone,Night (9pm-12am),214,343,1,18,4,1,8,Educational,Slow,0.071,Sometimes,20.61,News & Updates,Moderate impact,2.7,Somewhat,Do Not Disturb,Public,No,2022-04-09,Happy,Yes,25-34,1488,Low,23
USR01459,37,Male,Pakistan,Engineer,YouTube,4,2.2,4,33.0,Smartphone,Evening (6-9pm),45,677,3,20,6,2,9,Educational,Fast,0.055,Sometimes,21.18,Socializing,Moderate impact,6.0,No,Do Not Disturb,Friends Only,No,2022-08-10,Happy,No,35-44,1365,Medium,28
USR01460,32,Male,Germany,Engineer,Instagram,1,3.9,3,78.0,Tablet,Morning (6-10am),953,223,3,17,5,3,8,Reels/Shorts,Medium,0.217,No,0.0,Socializing,Mild impact,6.8,Yes,Off,Friends Only,No,2022-02-10,Relaxed,Occasionally,25-34,1546,Medium,25
USR01461,25,Female,India,Marketer,TikTok,3,4.1,5,49.2,Smartphone,Night (9pm-12am),51,195,5,17,3,6,12,Entertainment,Fast,0.043,No,0.0,Business/Marketing,Mild impact,7.9,Somewhat,Always On,Private,No,2022-04-09,Neutral,No,25-34,1488,High,26
USR01462,17,Male,UK,Researcher,YouTube,2,8.6,4,129.0,Desktop,Morning (6-10am),55110,44,6,16,3,0,16,Memes,Fast,0.038,Yes,19.83,Learning,Mild impact,8.3,No,Do Not Disturb,Private,Yes,2022-08-26,Neutral,Occasionally,Under 18,1349,High,19
USR01463,25,Female,UAE,Designer,Snapchat,5,3.1,4,46.5,Smartphone,Late Night (12am+),9135,1247,1,23,4,2,3,Entertainment,Slow,0.316,No,0.0,Socializing,No impact,5.5,Somewhat,Selected,Public,No,2024-05-03,Bored,Yes,25-34,733,Medium,29
USR01464,20,Prefer not to say,India,Teacher,TikTok,5,1.4,4,21.0,Smartphone,Night (9pm-12am),32700,199,2,25,2,1,17,Memes,Slow,0.199,Sometimes,34.01,Entertainment,Moderate impact,7.7,Somewhat,Always On,Public,Yes,2024-06-28,Stressed,Occasionally,18-24,677,High,28
USR01465,22,Female,USA,Doctor,Instagram,5,1.7,5,20.4,Smartphone,Night (9pm-12am),744,466,5,28,1,6,3,Videos,Medium,0.021,Yes,42.41,Networking,Mild impact,4.1,Somewhat,Do Not Disturb,Friends Only,No,2024-02-18,Neutral,Occasionally,18-24,808,Medium,35
USR01466,31,Male,Canada,Entrepreneur,TikTok,5,1.9,4,28.5,Smartphone,Afternoon (12-4pm),1791,548,3,27,4,2,3,Stories,Slow,0.028,Yes,55.21,Networking,Moderate impact,5.3,No,Always On,Private,No,2022-09-11,Happy,Yes,25-34,1333,Medium,33
USR01467,40,Male,USA,Teacher,Snapchat,3,1.6,8,12.0,Laptop,Evening (6-9pm),290,115,3,23,7,2,12,Photos,Fast,0.129,No,0.0,Learning,Mild impact,9.1,No,Off,Public,No,2023-06-02,Happy,No,35-44,1069,High,32
USR01468,30,Female,India,Entrepreneur,YouTube,4,6.8,3,136.0,Laptop,Evening (6-9pm),3259,193,3,18,5,1,7,News,Fast,0.069,No,0.0,Entertainment,Mild impact,6.5,Somewhat,Do Not Disturb,Public,No,2024-08-29,Relaxed,No,25-34,615,Medium,24
USR01469,17,Male,Germany,Other,Snapchat,4,3.9,5,46.8,Smartphone,Morning (6-10am),74,1213,0,21,2,4,9,Entertainment,Fast,0.108,No,0.0,Business/Marketing,No impact,6.6,Yes,Do Not Disturb,Public,No,2022-11-10,Relaxed,Occasionally,Under 18,1273,Medium,27
USR01470,30,Female,Pakistan,Freelancer,TikTok,4,3.5,4,52.5,Smartphone,Evening (6-9pm),6,64,0,20,5,0,6,Reels/Shorts,Medium,0.093,No,0.0,Learning,No impact,5.9,Somewhat,Selected,Friends Only,No,2023-02-25,Bored,No,25-34,1166,Medium,25
USR01471,36,Male,India,Researcher,Pinterest,1,1.1,3,22.0,Smartphone,Evening (6-9pm),160,3144,1,17,4,3,7,Educational,Medium,0.012,No,0.0,Networking,Moderate impact,9.6,Yes,Selected,Public,No,2022-01-20,Inspired,Yes,35-44,1567,High,24
USR01472,22,Female,USA,Freelancer,Twitter/X,1,4.0,5,48.0,Desktop,Evening (6-9pm),48,100,3,18,3,2,8,News,Fast,0.097,Yes,22.95,Networking,Mild impact,7.2,Somewhat,Do Not Disturb,Public,No,2023-09-09,Happy,Yes,18-24,970,High,23
USR01473,25,Female,Nigeria,Entrepreneur,Twitter/X,4,5.1,5,61.2,Tablet,Night (9pm-12am),9511,59,4,29,6,3,12,Entertainment,Fast,0.412,No,0.0,News & Updates,Mild impact,8.9,Yes,Do Not Disturb,Friends Only,No,2024-05-11,Happy,No,25-34,725,High,38
USR01474,27,Male,Canada,Researcher,LinkedIn,3,2.2,5,26.4,Tablet,Morning (6-10am),17469,286,3,15,3,2,9,Reels/Shorts,Slow,0.01,Yes,48.51,Networking,No impact,5.1,No,Always On,Friends Only,Yes,2022-07-26,Bored,Occasionally,25-34,1380,Medium,20
USR01475,20,Male,India,Marketer,Twitter/X,5,1.7,2,51.0,Tablet,Morning (6-10am),53,3463,2,16,4,4,9,Entertainment,Medium,0.085,Yes,2.78,Entertainment,No impact,4.4,No,Selected,Friends Only,No,2024-12-01,Happy,No,18-24,521,Medium,24
USR01476,32,Male,Australia,Marketer,YouTube,5,6.2,4,93.0,Laptop,Evening (6-9pm),6802,24,3,22,4,1,9,Stories,Medium,0.297,Sometimes,42.58,Socializing,Moderate impact,4.8,Yes,Selected,Friends Only,No,2023-07-07,Inspired,Occasionally,25-34,1034,Medium,27
USR01477,26,Male,Germany,Freelancer,YouTube,4,1.5,4,22.5,Smartphone,Night (9pm-12am),3686,206,1,23,4,0,6,Entertainment,Medium,0.101,Sometimes,25.86,Socializing,Moderate impact,7.3,No,Always On,Friends Only,No,2022-10-08,Inspired,Occasionally,25-34,1306,High,27
USR01478,30,Female,Pakistan,Doctor,Instagram,2,1.4,7,12.0,Smartphone,Morning (6-10am),39,433,1,34,5,3,5,Reels/Shorts,Medium,0.129,No,0.0,Socializing,Moderate impact,9.2,Yes,Off,Public,No,2024-05-07,Stressed,Occasionally,25-34,729,High,42
USR01479,19,Female,India,Teacher,Facebook,3,1.3,2,39.0,Smartphone,Evening (6-9pm),329,254,1,27,1,2,8,Entertainment,Medium,0.269,Yes,37.77,Socializing,Moderate impact,7.5,Yes,Selected,Public,No,2022-08-03,Bored,No,18-24,1372,High,30
USR01480,23,Female,USA,Marketer,Snapchat,2,2.5,3,50.0,Laptop,Late Night (12am+),234,386,3,19,3,0,7,Reels/Shorts,Medium,0.193,Yes,0.74,Networking,Mild impact,7.8,Yes,Selected,Friends Only,No,2024-11-13,Relaxed,Yes,18-24,539,High,22
USR01481,32,Male,USA,Student,Twitter/X,2,3.1,4,46.5,Smartphone,Evening (6-9pm),2556,103,3,21,4,1,10,News,Slow,0.055,No,0.0,News & Updates,Moderate impact,6.5,No,Selected,Friends Only,No,2022-08-30,Bored,Yes,25-34,1345,Medium,26
USR01482,24,Female,Pakistan,Engineer,TikTok,3,4.7,5,56.4,Smartphone,Afternoon (12-4pm),72,119,3,16,4,1,8,Photos,Medium,0.181,No,0.0,Entertainment,Mild impact,3.9,Yes,Do Not Disturb,Public,No,2023-08-02,Happy,Occasionally,18-24,1008,Low,21
USR01483,40,Female,UK,Student,Instagram,3,3.6,7,30.9,Smartphone,Night (9pm-12am),556,204,5,20,5,3,6,Memes,Fast,0.159,Sometimes,3.42,Business/Marketing,No impact,9.8,Somewhat,Selected,Public,No,2022-08-22,Stressed,No,35-44,1353,High,28
USR01484,23,Male,UAE,Doctor,Facebook,1,3.6,5,43.2,Smartphone,Night (9pm-12am),193,63,5,20,4,2,6,News,Slow,0.076,Yes,23.08,Networking,Moderate impact,7.4,Yes,Do Not Disturb,Public,No,2022-08-06,Inspired,Occasionally,18-24,1369,High,26
USR01485,28,Female,Pakistan,Doctor,TikTok,1,5.6,3,112.0,Smartphone,Evening (6-9pm),1559,231,5,19,5,2,8,Videos,Fast,0.069,No,0.0,Networking,No impact,7.1,No,Do Not Disturb,Private,No,2024-10-16,Bored,Yes,25-34,567,High,26
USR01486,34,Male,UK,Designer,Facebook,5,1.2,2,36.0,Smartphone,Afternoon (12-4pm),450,153,3,21,5,1,10,Educational,Medium,0.026,No,0.0,Networking,Mild impact,7.8,No,Selected,Private,No,2023-02-11,Relaxed,No,25-34,1180,High,27
USR01487,15,Female,Australia,Researcher,Twitter/X,1,0.8,5,9.6,Laptop,Afternoon (12-4pm),253,139,1,38,3,1,10,Entertainment,Medium,0.074,Sometimes,9.46,Learning,No impact,3.1,No,Selected,Friends Only,No,2023-02-14,Relaxed,Yes,Under 18,1177,Low,42
USR01488,13,Male,Australia,Marketer,Facebook,2,3.8,7,32.6,Tablet,Morning (6-10am),453,359,2,20,6,2,8,Videos,Fast,0.078,Yes,50.57,Learning,Mild impact,5.3,Yes,Do Not Disturb,Friends Only,No,2023-06-23,Bored,Yes,Under 18,1048,Medium,28
USR01489,14,Female,USA,Other,TikTok,3,2.4,5,28.8,Smart TV,Evening (6-9pm),25974,27,2,14,1,1,7,News,Fast,0.146,Yes,3.34,Networking,Moderate impact,7.3,Somewhat,Selected,Public,Yes,2024-12-07,Bored,Occasionally,Under 18,515,High,16
USR01490,37,Non-binary,India,Teacher,Instagram,5,4.7,5,56.4,Smartphone,Night (9pm-12am),314,185,0,16,6,0,16,Photos,Fast,0.157,No,0.0,Entertainment,Mild impact,5.9,No,Do Not Disturb,Private,No,2023-02-18,Bored,Occasionally,35-44,1173,Medium,22
USR01491,22,Female,India,Student,Snapchat,1,2.5,7,21.4,Smartphone,Night (9pm-12am),102,3947,2,20,2,4,8,Videos,Medium,0.111,No,0.0,Socializing,No impact,6.1,Yes,Always On,Private,No,2024-01-04,Relaxed,Occasionally,18-24,853,Medium,26
USR01492,47,Male,Brazil,Engineer,TikTok,5,1.7,7,14.6,Smartphone,Morning (6-10am),1901,66,2,20,2,4,9,News,Medium,0.06,Sometimes,19.93,Socializing,Moderate impact,8.5,Yes,Always On,Public,No,2024-04-19,Stressed,No,45+,747,High,26
USR01493,22,Female,Germany,Teacher,Pinterest,4,3.8,10,22.8,Smartphone,Night (9pm-12am),513,1144,1,26,7,4,12,Memes,Fast,0.028,No,0.0,Business/Marketing,Moderate impact,6.4,No,Off,Private,No,2023-08-28,Relaxed,Occasionally,18-24,982,Medium,37
USR01494,28,Female,USA,Entrepreneur,TikTok,1,2.7,4,40.5,Laptop,Late Night (12am+),52,261,2,16,7,2,9,Entertainment,Medium,0.071,No,0.0,News & Updates,No impact,10.0,Somewhat,Always On,Friends Only,No,2022-11-25,Bored,Yes,25-34,1258,High,25
USR01495,39,Non-binary,UAE,Teacher,Pinterest,5,2.5,4,37.5,Laptop,Evening (6-9pm),36926,118,2,22,4,2,7,Entertainment,Fast,0.118,No,0.0,News & Updates,Moderate impact,6.1,Yes,Selected,Friends Only,Yes,2022-03-22,Neutral,Occasionally,35-44,1506,Medium,28
USR01496,43,Male,Canada,Student,LinkedIn,3,9.5,1,570.0,Laptop,Evening (6-9pm),352,50,4,18,4,1,6,Memes,Medium,0.146,Yes,8.45,Learning,Mild impact,7.6,Somewhat,Selected,Friends Only,No,2024-10-13,Inspired,Occasionally,35-44,570,High,23
USR01497,43,Female,Nigeria,Marketer,Instagram,2,5.3,3,106.0,Smartphone,Night (9pm-12am),336,289,1,14,3,4,5,Videos,Fast,0.21,Sometimes,82.87,News & Updates,Mild impact,7.1,No,Selected,Public,No,2023-03-02,Inspired,Occasionally,35-44,1161,High,21
USR01498,36,Female,UAE,Teacher,Facebook,3,4.1,3,82.0,Laptop,Night (9pm-12am),886,1399,7,21,4,2,3,Photos,Fast,0.102,No,0.0,News & Updates,Severe impact,5.2,Yes,Do Not Disturb,Private,No,2024-09-11,Inspired,Occasionally,35-44,602,Medium,27
USR01499,35,Male,India,Entrepreneur,TikTok,4,2.8,2,84.0,Smartphone,Morning (6-10am),14976,153,5,16,3,4,8,Stories,Fast,0.112,No,0.0,Learning,No impact,4.3,No,Do Not Disturb,Public,Yes,2023-11-09,Inspired,No,35-44,909,Medium,23
USR01500,31,Male,UK,Engineer,YouTube,1,2.6,9,17.3,Smartphone,Evening (6-9pm),32,222,2,19,6,2,9,News,Medium,0.01,No,0.0,Socializing,Mild impact,6.3,No,Do Not Disturb,Friends Only,No,2023-04-26,Relaxed,No,25-34,1106,Medium,27
USR01501,33,Male,Nigeria,Teacher,Facebook,4,2.1,8,15.8,Smartphone,Night (9pm-12am),1093,822,1,20,5,1,6,Educational,Medium,0.081,Sometimes,20.12,Business/Marketing,No impact,9.7,No,Off,Private,No,2022-01-06,Stressed,No,25-34,1581,High,26
USR01502,22,Female,UAE,Student,LinkedIn,2,3.0,8,22.5,Smartphone,Night (9pm-12am),28483,368,2,25,2,6,7,Reels/Shorts,Fast,0.07,Sometimes,22.85,Networking,Moderate impact,5.5,Somewhat,Off,Friends Only,Yes,2022-01-27,Neutral,Yes,18-24,1560,Medium,33
USR01503,20,Male,USA,Teacher,Instagram,1,1.8,4,27.0,Smartphone,Evening (6-9pm),838,37,4,14,3,3,5,Reels/Shorts,Slow,0.046,No,0.0,Networking,Moderate impact,7.1,Somewhat,Do Not Disturb,Private,No,2022-07-02,Neutral,No,18-24,1404,High,20
USR01504,26,Female,Pakistan,Freelancer,Facebook,1,1.0,10,6.0,Smartphone,Night (9pm-12am),71,275,1,22,11,4,5,News,Medium,0.126,Sometimes,61.94,News & Updates,No impact,5.7,Yes,Selected,Public,No,2022-08-15,Happy,Occasionally,25-34,1360,Medium,37
USR01505,25,Female,USA,Entrepreneur,YouTube,2,2.5,3,50.0,Tablet,Afternoon (12-4pm),218,1502,3,16,7,0,6,Videos,Slow,0.377,Sometimes,18.47,Business/Marketing,No impact,6.6,Yes,Selected,Private,No,2024-10-08,Inspired,Yes,25-34,575,Medium,23
USR01506,23,Female,Germany,Researcher,Instagram,4,3.1,2,93.0,Smartphone,Evening (6-9pm),965,234,8,23,3,5,7,News,Slow,0.238,Yes,48.8,Socializing,Severe impact,8.3,Yes,Do Not Disturb,Friends Only,No,2022-11-02,Bored,Occasionally,18-24,1281,High,31
USR01507,32,Female,Pakistan,Doctor,Instagram,3,4.7,2,141.0,Tablet,Afternoon (12-4pm),7298,9,2,24,1,2,8,Memes,Medium,0.067,Yes,6.14,Learning,Severe impact,6.4,Somewhat,Off,Friends Only,No,2022-07-04,Inspired,Yes,25-34,1402,Medium,27
USR01508,34,Male,India,Teacher,YouTube,2,1.4,2,42.0,Smartphone,Night (9pm-12am),361,389,3,22,7,1,8,Memes,Fast,0.112,Sometimes,1.72,Networking,Severe impact,5.1,Somewhat,Off,Private,No,2024-11-13,Relaxed,Occasionally,25-34,539,Medium,30
USR01509,27,Male,Pakistan,Marketer,TikTok,5,2.7,6,27.0,Smartphone,Evening (6-9pm),2945,192,2,23,3,5,9,Entertainment,Slow,0.096,Yes,1.69,Learning,Severe impact,9.1,Somewhat,Selected,Private,No,2022-06-03,Bored,No,25-34,1433,High,31
USR01510,38,Female,India,Doctor,TikTok,3,3.6,2,108.0,Smartphone,Morning (6-10am),50,27,2,21,4,2,4,Videos,Fast,0.087,No,0.0,Socializing,Mild impact,5.1,Somewhat,Do Not Disturb,Public,No,2022-07-27,Neutral,Yes,35-44,1379,Medium,27
USR01511,17,Male,India,Engineer,Twitter/X,1,3.6,9,24.0,Smartphone,Morning (6-10am),49,32,4,23,3,0,3,Stories,Medium,0.365,Sometimes,26.14,Business/Marketing,Severe impact,7.4,Yes,Always On,Private,No,2023-06-09,Happy,Yes,Under 18,1062,High,26
USR01512,25,Female,UAE,Designer,Facebook,2,6.6,8,49.5,Smartphone,Morning (6-10am),278,788,9,15,3,2,4,Stories,Medium,0.045,No,0.0,Socializing,Moderate impact,3.5,Somewhat,Always On,Public,No,2023-04-19,Happy,Occasionally,25-34,1113,Low,20
USR01513,21,Female,India,Marketer,Facebook,2,2.1,4,31.5,Smartphone,Night (9pm-12am),8852,101,3,26,6,0,5,Videos,Fast,0.029,No,0.0,News & Updates,No impact,8.5,No,Selected,Public,No,2024-07-24,Inspired,Occasionally,18-24,651,High,32
USR01514,13,Female,Canada,Researcher,LinkedIn,5,1.3,4,19.5,Smartphone,Morning (6-10am),752,82,5,14,2,3,9,Memes,Fast,0.107,Sometimes,0.11,Networking,Moderate impact,10.0,Somewhat,Always On,Friends Only,No,2023-08-30,Inspired,Yes,Under 18,980,High,19
USR01515,26,Male,Nigeria,Researcher,TikTok,4,2.8,3,56.0,Laptop,Evening (6-9pm),1120,234,3,18,5,1,13,News,Slow,0.102,No,0.0,News & Updates,Moderate impact,6.2,No,Selected,Private,No,2023-06-25,Happy,Occasionally,25-34,1046,Medium,24
USR01516,26,Male,India,Student,YouTube,5,2.2,9,14.7,Smartphone,Evening (6-9pm),1097,112,1,15,3,0,10,Memes,Slow,0.218,No,0.0,News & Updates,No impact,4.4,Somewhat,Selected,Public,No,2024-08-08,Happy,Yes,25-34,636,Medium,18
USR01517,39,Male,Canada,Researcher,Facebook,5,1.9,10,11.4,Smartphone,Evening (6-9pm),4897,275,2,23,6,2,16,Photos,Fast,0.095,No,0.0,Socializing,Moderate impact,7.6,Yes,Off,Public,No,2022-04-13,Inspired,No,35-44,1484,High,31
USR01518,32,Male,India,Freelancer,Twitter/X,4,1.8,5,21.6,Smartphone,Evening (6-9pm),221,191,2,18,3,0,11,Videos,Slow,0.03,No,0.0,News & Updates,Mild impact,6.4,Somewhat,Off,Private,No,2022-07-24,Neutral,No,25-34,1382,Medium,21
USR01519,18,Male,India,Entrepreneur,TikTok,1,3.2,5,38.4,Smartphone,Night (9pm-12am),2295,57,5,15,3,0,6,Educational,Medium,0.111,No,0.0,Socializing,Moderate impact,10.0,Yes,Always On,Private,No,2022-12-24,Relaxed,Occasionally,18-24,1229,High,18
USR01520,41,Male,Nigeria,Teacher,Facebook,2,1.6,9,10.7,Smartphone,Late Night (12am+),149,132,5,9,5,2,5,Reels/Shorts,Medium,0.284,Sometimes,71.39,Business/Marketing,Moderate impact,5.1,No,Always On,Friends Only,No,2022-03-22,Relaxed,No,35-44,1506,Medium,16
USR01521,36,Male,USA,Teacher,TikTok,3,4.1,2,123.0,Smartphone,Afternoon (12-4pm),23620,416,2,29,2,0,8,Photos,Fast,0.032,Sometimes,1.26,Business/Marketing,Severe impact,3.8,Somewhat,Always On,Private,Yes,2023-08-19,Stressed,Yes,35-44,991,Low,31
USR01522,31,Male,Pakistan,Engineer,Instagram,1,4.0,5,48.0,Smartphone,Evening (6-9pm),157,257,2,20,6,4,6,Photos,Medium,0.157,No,0.0,Socializing,No impact,6.7,No,Selected,Private,No,2024-01-08,Neutral,No,25-34,849,Medium,30
USR01523,25,Male,Pakistan,Researcher,YouTube,1,3.3,5,39.6,Smartphone,Afternoon (12-4pm),135,221,6,23,5,2,4,Stories,Medium,0.102,No,0.0,Entertainment,Moderate impact,7.2,Yes,Do Not Disturb,Public,No,2023-10-03,Relaxed,Occasionally,25-34,946,High,30
USR01524,19,Female,Pakistan,Freelancer,Twitter/X,1,1.2,8,9.0,Smartphone,Afternoon (12-4pm),1788,2502,2,24,3,3,8,Photos,Fast,0.054,Sometimes,67.86,Networking,Mild impact,4.8,No,Selected,Public,No,2024-05-22,Bored,Yes,18-24,714,Medium,30
USR01525,24,Female,India,Other,TikTok,3,3.1,6,31.0,Smartphone,Late Night (12am+),767,588,6,20,7,4,16,Photos,Fast,0.115,No,0.0,Networking,Moderate impact,7.9,No,Off,Private,No,2022-08-26,Inspired,Occasionally,18-24,1349,High,31
USR01526,35,Female,India,Freelancer,Twitter/X,2,4.9,6,49.0,Smartphone,Evening (6-9pm),1197,680,3,18,5,4,12,Videos,Medium,0.037,Sometimes,27.84,Entertainment,Mild impact,6.3,Yes,Selected,Friends Only,No,2022-07-14,Neutral,Yes,35-44,1392,Medium,27
USR01527,42,Non-binary,UK,Engineer,TikTok,1,4.3,7,36.9,Tablet,Evening (6-9pm),1001,200,2,16,3,4,6,News,Slow,0.139,Sometimes,6.95,News & Updates,Mild impact,5.7,Somewhat,Selected,Private,No,2022-04-04,Inspired,Yes,35-44,1493,Medium,23
USR01528,39,Female,Germany,Engineer,TikTok,5,3.9,5,46.8,Smartphone,Night (9pm-12am),93,318,3,27,4,1,6,Photos,Slow,0.139,Yes,28.26,News & Updates,No impact,7.2,Yes,Do Not Disturb,Friends Only,No,2022-01-20,Neutral,Occasionally,35-44,1567,High,32
USR01529,23,Female,Pakistan,Teacher,Twitter/X,3,2.6,5,31.2,Tablet,Night (9pm-12am),12137,145,2,25,6,2,7,Entertainment,Slow,0.02,Yes,20.35,Business/Marketing,Mild impact,5.7,Somewhat,Off,Friends Only,Yes,2022-10-11,Neutral,Occasionally,18-24,1303,Medium,33
USR01530,18,Male,Pakistan,Teacher,Pinterest,4,2.6,7,22.3,Laptop,Night (9pm-12am),3322,622,5,19,2,0,4,Educational,Slow,0.148,No,0.0,Socializing,Mild impact,4.9,Yes,Selected,Private,No,2022-12-16,Inspired,Occasionally,18-24,1237,Medium,21
USR01531,28,Female,India,Doctor,TikTok,2,5.4,4,81.0,Smartphone,Late Night (12am+),7677,214,1,19,3,1,6,Stories,Fast,0.027,Sometimes,10.91,Business/Marketing,Mild impact,3.3,No,Always On,Private,No,2023-11-05,Happy,Yes,25-34,913,Low,23
USR01532,13,Male,Pakistan,Designer,LinkedIn,5,3.1,4,46.5,Laptop,Evening (6-9pm),256,319,4,18,4,3,10,Educational,Fast,0.284,No,0.0,Socializing,Severe impact,5.1,No,Always On,Public,No,2024-01-03,Stressed,No,Under 18,854,Medium,25
USR01533,29,Female,Australia,Marketer,Twitter/X,3,3.1,6,31.0,Smartphone,Night (9pm-12am),1407,296,4,27,1,0,17,Memes,Fast,0.039,Sometimes,29.15,Socializing,Moderate impact,10.0,Somewhat,Selected,Friends Only,No,2024-06-15,Neutral,Occasionally,25-34,690,High,28
USR01534,25,Female,Canada,Researcher,Instagram,3,11.1,6,111.0,Smartphone,Evening (6-9pm),948,239,5,26,5,1,4,Reels/Shorts,Slow,0.049,Sometimes,1.18,Socializing,Mild impact,6.3,Yes,Selected,Friends Only,No,2023-07-04,Neutral,No,25-34,1037,Medium,32
USR01535,23,Female,India,Other,Snapchat,4,2.1,4,31.5,Smartphone,Evening (6-9pm),5066,8315,4,16,6,3,13,Stories,Medium,0.085,No,0.0,Networking,Moderate impact,4.4,No,Always On,Public,No,2022-07-10,Stressed,Yes,18-24,1396,Medium,25
USR01536,14,Non-binary,UK,Other,Twitter/X,3,0.5,3,10.0,Laptop,Morning (6-10am),5369,109,3,17,5,2,8,Educational,Medium,0.019,No,0.0,Entertainment,No impact,8.5,Yes,Do Not Disturb,Friends Only,No,2024-02-03,Happy,No,Under 18,823,High,24
USR01537,31,Female,Pakistan,Designer,Snapchat,2,2.3,3,46.0,Smartphone,Evening (6-9pm),941,108,3,26,5,1,8,Videos,Fast,0.225,Yes,22.11,News & Updates,Mild impact,6.1,Somewhat,Always On,Friends Only,No,2023-12-03,Neutral,Yes,25-34,885,Medium,32
USR01538,22,Female,Pakistan,Researcher,Twitter/X,5,2.4,10,14.4,Smartphone,Afternoon (12-4pm),43,562,2,14,3,1,9,Entertainment,Fast,0.056,Sometimes,55.01,Learning,Moderate impact,6.7,Somewhat,Do Not Disturb,Friends Only,No,2023-01-10,Inspired,Yes,18-24,1212,Medium,18
USR01539,17,Male,Australia,Freelancer,Instagram,3,3.1,6,31.0,Smartphone,Evening (6-9pm),16373,119,1,16,5,1,7,Photos,Fast,0.03,Sometimes,30.94,Business/Marketing,No impact,6.7,Somewhat,Do Not Disturb,Friends Only,Yes,2022-08-22,Relaxed,Occasionally,Under 18,1353,Medium,22
USR01540,13,Female,Brazil,Researcher,Facebook,4,3.6,6,36.0,Smartphone,Evening (6-9pm),1809,172,2,20,2,0,9,Educational,Medium,0.132,Yes,13.85,Networking,No impact,8.9,Somewhat,Do Not Disturb,Friends Only,No,2024-03-31,Neutral,Yes,Under 18,766,High,22
USR01541,26,Female,Pakistan,Other,Snapchat,2,0.5,4,7.5,Smartphone,Afternoon (12-4pm),222,66,5,17,7,1,8,News,Medium,0.047,Yes,45.41,Socializing,No impact,3.8,Yes,Always On,Friends Only,No,2024-03-30,Relaxed,No,25-34,767,Low,25
USR01542,41,Female,UAE,Student,TikTok,3,3.6,1,216.0,Desktop,Afternoon (12-4pm),1382,441,4,27,7,2,10,News,Fast,0.226,Yes,33.87,Business/Marketing,Severe impact,8.8,No,Selected,Friends Only,No,2024-07-23,Bored,No,35-44,652,High,36
USR01543,40,Female,USA,Marketer,TikTok,1,2.5,5,30.0,Smartphone,Afternoon (12-4pm),43,448,2,17,5,0,8,Videos,Slow,0.061,No,0.0,News & Updates,Mild impact,7.5,Yes,Selected,Private,No,2023-07-11,Inspired,Yes,35-44,1030,High,22
USR01544,23,Male,Germany,Student,Instagram,1,2.2,7,18.9,Tablet,Afternoon (12-4pm),4445,167,3,15,1,2,9,Entertainment,Slow,0.101,No,0.0,Socializing,Mild impact,6.3,Somewhat,Do Not Disturb,Private,No,2024-02-29,Stressed,Occasionally,18-24,797,Medium,18
USR01545,22,Male,Pakistan,Student,Twitter/X,4,0.7,4,10.5,Smartphone,Evening (6-9pm),47,576,2,17,3,2,5,Educational,Medium,0.265,Sometimes,3.74,Networking,Mild impact,4.7,No,Selected,Friends Only,No,2024-09-06,Happy,No,18-24,607,Medium,22
USR01546,30,Female,Brazil,Researcher,Snapchat,1,6.0,3,120.0,Smartphone,Afternoon (12-4pm),446,26,6,19,5,1,10,Videos,Fast,0.264,No,0.0,Socializing,Mild impact,5.8,No,Selected,Public,No,2024-05-13,Happy,No,25-34,723,Medium,25
USR01547,19,Female,India,Entrepreneur,Snapchat,1,1.9,5,22.8,Smartphone,Late Night (12am+),1032,104,4,26,3,2,10,Photos,Slow,0.495,Sometimes,30.28,Networking,Moderate impact,6.3,Yes,Selected,Friends Only,No,2022-12-08,Happy,No,18-24,1245,Medium,31
USR01548,29,Male,India,Designer,YouTube,2,3.9,7,33.4,Smartphone,Late Night (12am+),4315,199,6,23,2,4,7,Stories,Medium,0.034,Yes,93.66,News & Updates,Severe impact,9.5,Somewhat,Always On,Public,No,2022-08-20,Happy,Occasionally,25-34,1355,High,29
USR01549,33,Male,Germany,Entrepreneur,LinkedIn,2,1.4,9,9.3,Smartphone,Evening (6-9pm),805,59,3,20,6,0,12,Memes,Medium,0.105,Sometimes,38.64,Socializing,No impact,8.8,No,Selected,Friends Only,No,2022-09-29,Inspired,No,25-34,1315,High,26
USR01550,36,Male,UAE,Freelancer,Facebook,5,3.2,2,96.0,Smart TV,Afternoon (12-4pm),2085,30,0,23,6,3,6,Entertainment,Medium,0.066,Sometimes,43.16,Entertainment,No impact,5.5,No,Do Not Disturb,Private,No,2022-05-01,Bored,No,35-44,1466,Medium,32
USR01551,26,Female,Brazil,Doctor,YouTube,5,2.2,6,22.0,Desktop,Afternoon (12-4pm),632,169,2,22,6,2,10,Videos,Medium,0.224,No,0.0,News & Updates,No impact,9.8,No,Do Not Disturb,Private,No,2022-11-23,Bored,Yes,25-34,1260,High,30
USR01552,25,Male,Nigeria,Teacher,Twitter/X,5,3.9,2,117.0,Smartphone,Night (9pm-12am),627,562,5,24,5,2,9,Memes,Fast,0.221,No,0.0,Learning,Mild impact,7.9,Yes,Do Not Disturb,Friends Only,No,2022-08-01,Bored,No,25-34,1374,High,31
USR01553,19,Male,Nigeria,Marketer,Instagram,2,2.1,3,42.0,Smartphone,Evening (6-9pm),775,1139,4,18,5,4,5,Stories,Medium,0.453,No,0.0,Socializing,Mild impact,7.0,Somewhat,Selected,Friends Only,No,2024-05-02,Relaxed,Occasionally,18-24,734,Medium,27
USR01554,20,Male,Australia,Teacher,Instagram,2,1.4,5,16.8,Smart TV,Evening (6-9pm),473,126,2,21,4,3,8,Videos,Fast,0.219,Sometimes,30.59,Networking,Moderate impact,5.7,Somewhat,Do Not Disturb,Friends Only,No,2024-09-15,Happy,Occasionally,18-24,598,Medium,28
USR01555,25,Non-binary,Australia,Marketer,Instagram,2,2.6,3,52.0,Smartphone,Afternoon (12-4pm),31,589,1,21,2,2,11,News,Slow,0.088,Sometimes,47.59,News & Updates,Moderate impact,5.2,No,Selected,Friends Only,No,2024-06-16,Relaxed,Yes,25-34,689,Medium,25
USR01556,29,Male,Pakistan,Freelancer,YouTube,1,2.5,4,37.5,Smartphone,Evening (6-9pm),166,525,4,21,3,5,5,Reels/Shorts,Medium,0.095,Yes,54.85,Socializing,Mild impact,7.2,Somewhat,Selected,Private,No,2023-01-07,Inspired,Occasionally,25-34,1215,High,29
USR01557,34,Male,Pakistan,Researcher,Instagram,5,3.0,5,36.0,Smartphone,Night (9pm-12am),1033,1056,6,19,5,1,12,Stories,Medium,0.131,No,0.0,Networking,Mild impact,6.9,Yes,Selected,Public,No,2024-02-17,Relaxed,Occasionally,25-34,809,Medium,25
USR01558,20,Female,Brazil,Other,Twitter/X,1,4.6,4,69.0,Smartphone,Night (9pm-12am),424,160,8,16,2,0,5,Photos,Slow,0.031,No,0.0,Socializing,Mild impact,5.5,No,Always On,Friends Only,No,2024-01-05,Relaxed,Occasionally,18-24,852,Medium,18
USR01559,38,Female,Germany,Engineer,TikTok,5,1.2,5,14.4,Smartphone,Night (9pm-12am),502,28,2,20,4,1,8,Reels/Shorts,Slow,0.089,Yes,13.65,Socializing,Moderate impact,8.2,Yes,Selected,Public,No,2022-03-01,Relaxed,No,35-44,1527,High,25
USR01560,24,Female,India,Teacher,YouTube,4,4.5,2,135.0,Desktop,Morning (6-10am),371,266,1,24,5,3,12,Educational,Medium,0.534,Yes,28.55,Business/Marketing,Mild impact,6.5,Yes,Do Not Disturb,Public,No,2022-09-25,Bored,No,18-24,1319,Medium,32
USR01561,26,Male,USA,Marketer,Twitter/X,1,1.0,4,15.0,Smartphone,Night (9pm-12am),140,72,3,17,5,0,2,Memes,Fast,0.234,Yes,24.99,Business/Marketing,Moderate impact,7.0,Somewhat,Always On,Private,No,2024-09-16,Inspired,No,25-34,597,Medium,22
USR01562,21,Female,USA,Student,Facebook,5,3.8,5,45.6,Smartphone,Afternoon (12-4pm),273,102,2,16,4,0,7,Educational,Slow,0.032,No,0.0,Networking,Moderate impact,8.1,No,Selected,Friends Only,No,2024-09-26,Happy,No,18-24,587,High,20
USR01563,13,Male,UAE,Student,Instagram,3,3.9,6,39.0,Smartphone,Night (9pm-12am),382,170,4,14,9,1,2,Photos,Medium,0.107,Yes,64.35,Socializing,Severe impact,7.7,No,Always On,Private,No,2022-08-20,Inspired,No,Under 18,1355,High,24
USR01564,34,Female,Nigeria,Student,TikTok,4,1.9,10,11.4,Smartphone,Evening (6-9pm),671,162,2,17,5,1,6,Reels/Shorts,Fast,0.119,No,0.0,Socializing,Moderate impact,3.3,No,Do Not Disturb,Private,No,2024-04-22,Happy,No,25-34,744,Low,23
USR01565,32,Male,India,Engineer,Pinterest,1,1.5,5,18.0,Laptop,Evening (6-9pm),1350,289,6,19,3,1,7,Reels/Shorts,Medium,0.069,Sometimes,39.54,Learning,Mild impact,7.6,Yes,Always On,Private,No,2024-06-21,Relaxed,No,25-34,684,High,23
USR01566,24,Female,Pakistan,Teacher,YouTube,1,1.4,6,14.0,Laptop,Afternoon (12-4pm),480,568,2,17,3,0,9,Photos,Slow,0.088,Sometimes,14.55,Networking,Moderate impact,6.3,Yes,Always On,Public,No,2022-04-05,Relaxed,Occasionally,18-24,1492,Medium,20
USR01567,27,Female,UAE,Marketer,Twitter/X,3,2.7,7,23.1,Smartphone,Night (9pm-12am),104,157,0,21,3,1,11,Educational,Fast,0.038,No,0.0,Networking,Mild impact,5.4,No,Always On,Friends Only,No,2022-05-10,Happy,Yes,25-34,1457,Medium,25
USR01568,31,Female,India,Freelancer,YouTube,2,4.0,4,60.0,Smartphone,Evening (6-9pm),53,393,4,24,5,1,8,Educational,Slow,0.147,Yes,2.27,Networking,Moderate impact,6.3,No,Selected,Friends Only,No,2023-06-20,Neutral,Occasionally,25-34,1051,Medium,30
USR01569,14,Male,UK,Engineer,Snapchat,3,2.4,7,20.6,Smartphone,Afternoon (12-4pm),71352,249,3,15,3,3,7,Stories,Slow,0.137,Yes,12.6,Learning,Severe impact,5.6,No,Selected,Friends Only,Yes,2023-10-06,Neutral,Occasionally,Under 18,943,Medium,21
USR01570,22,Male,Germany,Engineer,Instagram,2,0.5,6,5.0,Smartphone,Night (9pm-12am),87,751,3,19,8,1,8,Videos,Medium,0.234,Sometimes,4.94,Entertainment,Moderate impact,6.4,Yes,Always On,Public,No,2022-01-26,Happy,Yes,18-24,1561,Medium,28
USR01571,33,Female,India,Other,Pinterest,1,1.8,2,54.0,Smartphone,Night (9pm-12am),261,195,1,22,6,3,8,Photos,Slow,0.074,Sometimes,9.4,Business/Marketing,Moderate impact,6.2,No,Always On,Private,No,2024-12-10,Neutral,Occasionally,25-34,512,Medium,31
USR01572,16,Male,Pakistan,Teacher,Facebook,2,1.7,3,34.0,Smartphone,Evening (6-9pm),1686,222,5,12,2,1,10,Educational,Slow,0.184,Yes,20.69,Networking,No impact,7.4,No,Off,Public,No,2023-04-04,Inspired,No,Under 18,1128,High,15
USR01573,29,Male,Germany,Other,Twitter/X,3,3.5,4,52.5,Smartphone,Afternoon (12-4pm),1273,156,4,22,2,0,7,Memes,Medium,0.075,Yes,33.21,Learning,Mild impact,3.4,Yes,Do Not Disturb,Public,No,2023-11-24,Relaxed,Occasionally,25-34,894,Low,24
USR01574,16,Female,Australia,Other,Facebook,5,3.7,4,55.5,Smartphone,Night (9pm-12am),1698,201,2,17,3,0,10,Educational,Fast,0.235,Sometimes,3.61,Networking,Mild impact,6.5,No,Selected,Friends Only,No,2024-11-29,Neutral,No,Under 18,523,Medium,20
USR01575,30,Male,Australia,Other,TikTok,4,2.9,5,34.8,Smartphone,Night (9pm-12am),299,95,4,17,5,3,6,Stories,Medium,0.163,No,0.0,Socializing,No impact,6.1,Somewhat,Do Not Disturb,Public,No,2024-12-07,Neutral,Occasionally,25-34,515,Medium,25
USR01576,26,Female,Nigeria,Researcher,Snapchat,1,4.5,7,38.6,Smartphone,Afternoon (12-4pm),1021,84,4,19,4,1,6,Stories,Medium,0.025,No,0.0,Learning,Moderate impact,10.0,Somewhat,Do Not Disturb,Friends Only,No,2022-07-15,Inspired,No,25-34,1391,High,24
USR01577,14,Female,Australia,Designer,YouTube,4,4.7,3,94.0,Laptop,Evening (6-9pm),742,620,2,13,3,3,6,Photos,Fast,0.126,No,0.0,Entertainment,Mild impact,2.7,No,Selected,Public,No,2024-06-05,Neutral,Occasionally,Under 18,700,Low,19
USR01578,36,Female,India,Entrepreneur,Facebook,3,1.8,3,36.0,Laptop,Evening (6-9pm),379,66,4,22,3,2,9,Reels/Shorts,Slow,0.106,Sometimes,8.19,Business/Marketing,Moderate impact,7.9,Yes,Selected,Private,No,2023-05-25,Inspired,Occasionally,35-44,1077,High,27
USR01579,21,Male,Pakistan,Engineer,Instagram,4,1.4,6,14.0,Tablet,Afternoon (12-4pm),1034,166,3,17,0,3,7,Stories,Medium,0.205,No,0.0,Learning,Moderate impact,7.0,Somewhat,Selected,Private,No,2024-09-13,Happy,Occasionally,18-24,600,Medium,20
USR01580,20,Female,USA,Other,Pinterest,5,2.5,3,50.0,Smartphone,Evening (6-9pm),4445,827,3,18,7,2,6,Photos,Medium,0.172,No,0.0,Entertainment,Mild impact,7.6,No,Do Not Disturb,Private,No,2023-12-10,Neutral,Yes,18-24,878,High,27
USR01581,28,Female,UAE,Student,Twitter/X,5,2.9,9,19.3,Smartphone,Afternoon (12-4pm),639,160,1,16,3,1,8,Photos,Medium,0.117,Yes,11.59,Socializing,Moderate impact,5.4,Somewhat,Do Not Disturb,Friends Only,No,2024-02-28,Happy,Occasionally,25-34,798,Medium,20
USR01582,36,Female,Pakistan,Teacher,LinkedIn,5,1.8,7,15.4,Desktop,Evening (6-9pm),646,661,4,21,2,1,10,News,Medium,0.261,No,0.0,Learning,Moderate impact,6.8,No,Selected,Public,No,2022-11-01,Happy,Yes,35-44,1282,Medium,24
USR01583,18,Female,UK,Marketer,Instagram,3,12.0,5,144.0,Smart TV,Evening (6-9pm),4549,120,3,19,6,4,8,News,Medium,0.037,Sometimes,41.39,Socializing,Mild impact,6.5,Yes,Do Not Disturb,Friends Only,No,2022-04-22,Bored,Occasionally,18-24,1475,Medium,29
USR01584,27,Female,Canada,Researcher,Instagram,5,5.8,6,58.0,Laptop,Morning (6-10am),3753,69,2,19,2,2,2,Memes,Medium,0.137,No,0.0,Entertainment,Moderate impact,10.0,Yes,Always On,Private,No,2022-01-24,Inspired,No,25-34,1563,High,23
USR01585,30,Female,UAE,Designer,Instagram,1,1.7,6,17.0,Laptop,Evening (6-9pm),11511,36,3,30,3,6,12,Photos,Fast,0.024,Sometimes,9.2,Entertainment,Mild impact,5.6,Yes,Do Not Disturb,Friends Only,Yes,2022-11-18,Relaxed,Yes,25-34,1265,Medium,39
USR01586,32,Male,UK,Engineer,Instagram,5,1.2,3,24.0,Laptop,Afternoon (12-4pm),28,1182,3,24,8,3,13,Memes,Slow,0.093,Sometimes,3.4,News & Updates,No impact,4.8,Yes,Always On,Public,No,2024-11-01,Neutral,Yes,25-34,551,Medium,35
USR01587,28,Female,UK,Engineer,TikTok,3,1.6,8,12.0,Smartphone,Late Night (12am+),3392,62,2,19,4,4,12,Entertainment,Fast,0.162,Yes,28.7,Business/Marketing,Moderate impact,9.8,Somewhat,Selected,Public,No,2024-08-19,Relaxed,No,25-34,625,High,27
USR01588,24,Female,USA,Freelancer,YouTube,5,4.7,10,28.2,Desktop,Night (9pm-12am),1964,599,4,20,1,2,6,Educational,Slow,0.078,Sometimes,10.41,Entertainment,Moderate impact,6.8,Yes,Do Not Disturb,Friends Only,No,2024-10-12,Bored,Yes,18-24,571,Medium,23
USR01589,20,Female,India,Engineer,TikTok,4,4.8,6,48.0,Smartphone,Late Night (12am+),135,73,0,16,7,5,10,Photos,Medium,0.206,No,0.0,Socializing,No impact,7.1,Yes,Off,Friends Only,No,2022-12-05,Inspired,Occasionally,18-24,1248,High,28
USR01590,27,Female,USA,Researcher,LinkedIn,5,5.9,7,50.6,Tablet,Morning (6-10am),1046,1188,1,20,4,2,7,News,Medium,0.213,Yes,89.8,Networking,Moderate impact,8.2,No,Selected,Public,No,2022-06-03,Relaxed,Yes,25-34,1433,High,26
USR01591,18,Male,Canada,Entrepreneur,Snapchat,3,1.4,2,42.0,Smartphone,Afternoon (12-4pm),4411,3456,4,26,3,3,3,Memes,Fast,0.097,Yes,44.95,Entertainment,Mild impact,6.3,No,Always On,Friends Only,No,2024-10-03,Bored,No,18-24,580,Medium,32
USR01592,13,Non-binary,Canada,Researcher,Snapchat,4,3.5,5,42.0,Smartphone,Late Night (12am+),149,32,2,15,6,4,10,Reels/Shorts,Fast,0.015,Yes,38.78,News & Updates,Mild impact,5.4,Yes,Selected,Private,No,2023-10-19,Inspired,No,Under 18,930,Medium,25
USR01593,30,Female,UK,Other,TikTok,2,1.5,8,11.2,Smartphone,Late Night (12am+),1475,66,5,25,6,2,6,Reels/Shorts,Medium,0.231,Sometimes,106.43,Socializing,Mild impact,6.4,Yes,Selected,Public,No,2023-05-09,Stressed,No,25-34,1093,Medium,33
USR01594,34,Female,India,Freelancer,Facebook,1,6.6,6,66.0,Smartphone,Evening (6-9pm),3192,618,3,20,3,0,10,Entertainment,Fast,0.03,Sometimes,2.5,Networking,Moderate impact,4.7,Yes,Do Not Disturb,Private,No,2023-11-09,Happy,Yes,25-34,909,Medium,23
USR01595,13,Female,USA,Freelancer,Twitter/X,5,1.4,2,42.0,Laptop,Late Night (12am+),96,452,6,16,6,0,7,Entertainment,Fast,0.159,No,0.0,Socializing,Mild impact,3.6,Somewhat,Always On,Friends Only,No,2023-07-24,Relaxed,Occasionally,Under 18,1017,Low,22
USR01596,18,Female,Brazil,Engineer,Instagram,3,1.0,3,20.0,Smartphone,Evening (6-9pm),514,621,3,17,6,2,9,Entertainment,Fast,0.069,No,0.0,News & Updates,Mild impact,4.7,Somewhat,Always On,Friends Only,No,2022-04-14,Inspired,Yes,18-24,1483,Medium,25
USR01597,31,Male,UK,Doctor,TikTok,1,1.1,10,6.6,Smartphone,Afternoon (12-4pm),1143,122,3,16,8,2,5,Educational,Fast,0.013,Sometimes,12.59,Socializing,No impact,1.9,No,Always On,Private,No,2024-11-04,Happy,No,25-34,548,Low,26
USR01598,43,Female,Pakistan,Doctor,Twitter/X,4,2.6,3,52.0,Smartphone,Evening (6-9pm),158,2657,3,27,4,1,9,Stories,Slow,0.178,Sometimes,30.92,Learning,Mild impact,5.5,No,Always On,Friends Only,No,2023-04-02,Happy,Yes,35-44,1130,Medium,32
USR01599,27,Male,India,Marketer,Twitter/X,3,4.0,4,60.0,Smartphone,Afternoon (12-4pm),136,281,2,23,5,3,4,Photos,Medium,0.132,No,0.0,Networking,Mild impact,5.3,Somewhat,Off,Public,No,2024-02-15,Stressed,Yes,25-34,811,Medium,31
USR01600,21,Female,India,Other,Instagram,5,3.8,9,25.3,Laptop,Morning (6-10am),521,56,3,20,5,2,10,Reels/Shorts,Fast,0.264,Yes,28.84,Socializing,No impact,7.3,Yes,Always On,Private,No,2024-04-05,Neutral,Yes,18-24,761,High,27
USR01601,25,Non-binary,Australia,Teacher,LinkedIn,5,1.2,2,36.0,Smartphone,Evening (6-9pm),2815,180,1,25,4,1,3,Educational,Medium,0.08,No,0.0,Business/Marketing,Mild impact,6.4,Yes,Selected,Public,No,2023-04-27,Happy,Yes,25-34,1105,Medium,30
USR01602,37,Male,USA,Entrepreneur,Instagram,2,2.0,5,24.0,Desktop,Late Night (12am+),2119,57,5,17,3,4,6,Entertainment,Fast,0.076,Sometimes,29.03,Learning,Moderate impact,5.9,No,Selected,Private,No,2022-06-11,Stressed,No,35-44,1425,Medium,24
USR01603,21,Female,India,Designer,Facebook,1,1.8,1,108.0,Smartphone,Evening (6-9pm),141,1650,2,21,5,0,6,Videos,Slow,0.059,Sometimes,7.66,Entertainment,Mild impact,8.3,No,Always On,Public,No,2024-07-29,Happy,Occasionally,18-24,646,High,26
USR01604,20,Non-binary,Australia,Designer,YouTube,5,1.0,5,12.0,Laptop,Evening (6-9pm),2151,110,0,25,4,0,9,Educational,Medium,0.075,Yes,5.73,News & Updates,Mild impact,5.4,No,Always On,Public,No,2024-06-28,Happy,No,18-24,677,Medium,29
USR01605,23,Male,UK,Designer,Facebook,4,1.8,9,12.0,Smart TV,Evening (6-9pm),147,441,9,16,4,1,7,Photos,Slow,0.024,No,0.0,Business/Marketing,Severe impact,4.2,Somewhat,Off,Private,No,2024-07-06,Relaxed,Yes,18-24,669,Medium,21
USR01606,19,Male,Brazil,Student,Snapchat,4,5.7,2,171.0,Laptop,Morning (6-10am),36,139,3,11,5,4,9,Reels/Shorts,Medium,0.018,Yes,3.92,Entertainment,Moderate impact,1.7,Yes,Do Not Disturb,Private,No,2022-06-30,Relaxed,Yes,18-24,1406,Low,20
USR01607,27,Female,USA,Doctor,Twitter/X,4,0.9,5,10.8,Smartphone,Afternoon (12-4pm),343,116,5,18,2,1,9,News,Fast,0.143,Sometimes,16.52,Business/Marketing,No impact,6.2,No,Off,Public,No,2024-10-17,Stressed,Occasionally,25-34,566,Medium,21
USR01608,39,Female,UK,Researcher,Snapchat,4,3.0,6,30.0,Laptop,Evening (6-9pm),5020,24,1,16,4,3,11,Reels/Shorts,Slow,0.044,Sometimes,36.73,Learning,Moderate impact,6.1,Somewhat,Selected,Private,No,2024-07-04,Happy,Yes,35-44,671,Medium,23
USR01609,29,Male,Pakistan,Marketer,Instagram,1,5.8,7,49.7,Smartphone,Night (9pm-12am),2166,501,4,17,5,0,3,Entertainment,Medium,0.137,Sometimes,30.63,Entertainment,No impact,8.5,Somewhat,Selected,Public,No,2023-10-10,Bored,Occasionally,25-34,939,High,22
USR01610,24,Male,Pakistan,Entrepreneur,Instagram,2,5.6,3,112.0,Laptop,Morning (6-10am),663,1163,4,20,5,4,13,Reels/Shorts,Medium,0.003,Sometimes,23.14,Business/Marketing,No impact,4.6,Yes,Always On,Public,No,2022-09-01,Bored,No,18-24,1343,Medium,29
USR01611,24,Male,USA,Designer,Facebook,2,6.8,7,58.3,Smartphone,Night (9pm-12am),314,81,3,18,4,0,11,Entertainment,Fast,0.082,No,0.0,Learning,No impact,7.6,Yes,Selected,Public,No,2024-10-15,Neutral,No,18-24,568,High,22
USR01612,14,Male,USA,Student,Facebook,3,3.2,7,27.4,Smartphone,Afternoon (12-4pm),329,38,4,15,2,3,12,Entertainment,Medium,0.141,No,0.0,Socializing,Mild impact,1.7,No,Do Not Disturb,Public,No,2022-02-06,Inspired,No,Under 18,1550,Low,20
USR01613,34,Female,UK,Other,Facebook,1,3.5,6,35.0,Smartphone,Evening (6-9pm),809,641,2,27,11,2,2,Educational,Slow,0.037,Sometimes,8.69,Learning,Mild impact,3.9,Yes,Selected,Friends Only,No,2022-07-30,Happy,Occasionally,25-34,1376,Low,40
USR01614,26,Female,USA,Student,YouTube,3,1.8,4,27.0,Laptop,Afternoon (12-4pm),97,33,3,20,7,1,12,Educational,Medium,0.341,Sometimes,26.08,Networking,Moderate impact,6.9,Somewhat,Always On,Friends Only,No,2024-04-06,Bored,Yes,25-34,760,Medium,28
USR01615,25,Female,UAE,Student,TikTok,5,0.9,10,5.4,Smartphone,Night (9pm-12am),355,1057,5,22,5,0,14,Educational,Medium,0.009,Yes,76.54,News & Updates,No impact,7.4,No,Always On,Friends Only,No,2024-04-24,Inspired,Occasionally,25-34,742,High,27
USR01616,52,Male,USA,Designer,Facebook,3,2.4,6,24.0,Smartphone,Late Night (12am+),451,82,2,20,4,1,9,Videos,Medium,0.028,Sometimes,64.77,News & Updates,No impact,3.2,Yes,Always On,Friends Only,No,2022-03-15,Stressed,Yes,45+,1513,Low,25
USR01617,29,Male,USA,Researcher,Twitter/X,4,5.1,8,38.2,Smartphone,Night (9pm-12am),58,65,3,22,5,2,8,Videos,Fast,0.204,Yes,56.31,Business/Marketing,Mild impact,4.8,No,Always On,Friends Only,No,2022-01-01,Stressed,Yes,25-34,1586,Medium,29
USR01618,20,Female,USA,Engineer,Facebook,2,0.5,3,10.0,Smartphone,Afternoon (12-4pm),147,329,2,14,5,2,10,Photos,Medium,0.037,No,0.0,News & Updates,Mild impact,6.3,No,Do Not Disturb,Public,No,2022-07-06,Happy,Occasionally,18-24,1400,Medium,21
USR01619,23,Female,Germany,Engineer,TikTok,2,1.9,6,19.0,Smartphone,Night (9pm-12am),1392,70,4,20,4,5,8,Videos,Medium,0.012,Yes,22.3,Networking,No impact,6.0,Yes,Selected,Public,No,2023-09-16,Relaxed,No,18-24,963,Medium,29
USR01620,36,Male,India,Designer,LinkedIn,2,3.7,9,24.7,Tablet,Evening (6-9pm),676,104,1,18,2,3,5,Reels/Shorts,Fast,0.17,Sometimes,17.4,Networking,Severe impact,7.2,No,Do Not Disturb,Friends Only,No,2024-11-07,Neutral,No,35-44,545,High,23
USR01621,27,Male,USA,Doctor,Twitter/X,1,2.6,3,52.0,Smartphone,Morning (6-10am),381,374,1,20,9,3,6,News,Slow,0.206,No,0.0,News & Updates,Moderate impact,7.8,Somewhat,Selected,Public,No,2023-02-28,Relaxed,Occasionally,25-34,1163,High,32
USR01622,15,Female,Pakistan,Doctor,YouTube,4,5.4,7,46.3,Smartphone,Afternoon (12-4pm),128,13,3,18,5,1,8,Memes,Slow,0.046,Sometimes,20.61,Entertainment,Mild impact,3.9,Yes,Selected,Public,No,2024-07-23,Stressed,Occasionally,Under 18,652,Low,24
USR01623,34,Female,India,Researcher,Facebook,3,4.8,4,72.0,Smartphone,Evening (6-9pm),11365,1756,2,26,7,1,12,Reels/Shorts,Medium,0.051,No,0.0,Socializing,Mild impact,7.0,Somewhat,Selected,Friends Only,Yes,2023-11-30,Stressed,Yes,25-34,888,Medium,34
USR01624,21,Female,UAE,Entrepreneur,TikTok,5,0.8,3,16.0,Smartphone,Afternoon (12-4pm),147,257,3,23,3,0,7,Videos,Medium,0.29,Yes,2.48,Business/Marketing,Mild impact,4.9,No,Always On,Friends Only,No,2024-01-15,Stressed,Occasionally,18-24,842,Medium,26
USR01625,41,Male,USA,Teacher,Instagram,1,2.7,9,18.0,Laptop,Evening (6-9pm),1046,51,5,21,4,5,2,Photos,Medium,0.069,No,0.0,Entertainment,Mild impact,6.8,Somewhat,Selected,Public,No,2022-04-22,Bored,No,35-44,1475,Medium,30
USR01626,35,Female,Pakistan,Freelancer,Instagram,5,1.5,4,22.5,Smartphone,Afternoon (12-4pm),276,72,2,18,5,2,8,Educational,Medium,0.052,Sometimes,16.49,Learning,Mild impact,5.4,Yes,Selected,Private,No,2023-04-02,Neutral,No,35-44,1130,Medium,25
USR01627,23,Male,Australia,Engineer,Twitter/X,1,1.5,4,22.5,Smart TV,Evening (6-9pm),710,804,1,21,4,1,7,Memes,Fast,0.096,No,0.0,Learning,Mild impact,8.1,No,Always On,Private,No,2024-07-19,Bored,No,18-24,656,High,26
USR01628,37,Female,UK,Doctor,Twitter/X,4,0.9,3,18.0,Smartphone,Evening (6-9pm),1515,503,4,16,3,1,7,Stories,Medium,0.207,Yes,72.89,Learning,Mild impact,7.3,No,Off,Private,No,2023-11-11,Inspired,Yes,35-44,907,High,20
USR01629,27,Female,UAE,Other,Instagram,1,3.0,2,90.0,Laptop,Afternoon (12-4pm),56,1292,3,21,4,5,5,Memes,Medium,0.088,No,0.0,Learning,Mild impact,4.4,Yes,Always On,Friends Only,No,2024-08-26,Inspired,No,25-34,618,Medium,30
USR01630,33,Male,Germany,Designer,Facebook,5,5.5,3,110.0,Laptop,Evening (6-9pm),657,107,6,17,4,2,8,Entertainment,Medium,0.098,Yes,41.1,Socializing,Moderate impact,3.2,No,Do Not Disturb,Public,No,2024-01-15,Bored,No,25-34,842,Low,23
USR01631,30,Prefer not to say,Brazil,Teacher,TikTok,1,3.2,6,32.0,Tablet,Night (9pm-12am),5672,349,3,19,4,3,15,Stories,Slow,0.219,Yes,107.38,Entertainment,No impact,8.3,Somewhat,Selected,Friends Only,No,2024-07-15,Neutral,Yes,25-34,660,High,26
USR01632,20,Male,Pakistan,Other,YouTube,4,0.8,12,4.0,Smartphone,Afternoon (12-4pm),15846,408,4,24,4,1,8,Stories,Medium,0.043,No,0.0,Socializing,No impact,4.9,Yes,Do Not Disturb,Public,Yes,2022-08-22,Bored,No,18-24,1353,Medium,29
USR01633,21,Male,Pakistan,Researcher,YouTube,2,2.5,7,21.4,Smartphone,Evening (6-9pm),526,563,1,15,2,3,7,Educational,Fast,0.058,Sometimes,14.89,News & Updates,No impact,5.1,No,Always On,Private,No,2022-07-19,Inspired,Yes,18-24,1387,Medium,20
USR01634,35,Female,Pakistan,Doctor,Snapchat,1,3.6,4,54.0,Smartphone,Afternoon (12-4pm),716,946,6,21,3,6,5,Entertainment,Medium,0.126,No,0.0,Business/Marketing,Mild impact,7.5,Somewhat,Selected,Public,No,2023-03-31,Neutral,No,35-44,1132,High,30
USR01635,24,Male,India,Entrepreneur,Pinterest,5,2.4,7,20.6,Smartphone,Afternoon (12-4pm),35610,103,4,16,5,5,9,Reels/Shorts,Fast,0.229,No,0.0,Business/Marketing,Severe impact,4.4,No,Do Not Disturb,Private,Yes,2022-01-05,Neutral,No,18-24,1582,Medium,26
USR01636,23,Male,India,Engineer,Instagram,5,3.2,5,38.4,Smartphone,Night (9pm-12am),5130,213,4,17,0,2,3,Stories,Slow,0.034,No,0.0,Entertainment,Mild impact,6.6,Yes,Do Not Disturb,Private,No,2023-12-01,Happy,Yes,18-24,887,Medium,19
USR01637,19,Female,India,Designer,TikTok,1,1.6,8,12.0,Smartphone,Night (9pm-12am),218,117,4,19,5,3,5,News,Medium,0.058,Sometimes,8.31,Entertainment,No impact,6.2,No,Do Not Disturb,Private,No,2023-12-29,Stressed,Yes,18-24,859,Medium,27
USR01638,30,Female,India,Engineer,Twitter/X,4,2.2,4,33.0,Smartphone,Afternoon (12-4pm),218,229,4,22,3,1,9,Stories,Slow,0.01,No,0.0,Entertainment,No impact,6.1,No,Do Not Disturb,Public,No,2023-08-21,Inspired,Occasionally,25-34,989,Medium,26
USR01639,43,Male,Germany,Teacher,TikTok,3,2.1,7,18.0,Smartphone,Evening (6-9pm),3721,565,1,21,3,3,8,Entertainment,Medium,0.051,Sometimes,10.44,Socializing,Mild impact,8.4,Yes,Selected,Friends Only,No,2024-12-05,Inspired,No,35-44,517,High,27
USR01640,18,Female,Canada,Researcher,Twitter/X,2,6.1,5,73.2,Desktop,Late Night (12am+),107,33,2,18,6,4,10,News,Fast,0.131,No,0.0,Networking,Severe impact,7.0,Yes,Do Not Disturb,Friends Only,No,2024-02-05,Neutral,No,18-24,821,Medium,28
USR01641,27,Female,India,Marketer,TikTok,4,1.2,2,36.0,Smartphone,Morning (6-10am),4712,926,5,14,4,2,5,Reels/Shorts,Medium,0.084,Yes,35.77,Entertainment,Severe impact,8.0,No,Always On,Private,No,2022-08-06,Bored,Yes,25-34,1369,High,20
USR01642,38,Male,Canada,Engineer,TikTok,3,0.5,4,7.5,Smartphone,Night (9pm-12am),1214,62,2,18,2,0,8,Videos,Medium,0.042,Sometimes,39.83,Networking,No impact,5.8,No,Always On,Public,No,2022-04-04,Happy,No,35-44,1493,Medium,20
USR01643,26,Female,Nigeria,Researcher,Instagram,5,5.9,6,59.0,Laptop,Late Night (12am+),1689,169,5,21,2,2,5,Photos,Fast,0.074,Sometimes,32.43,Networking,Moderate impact,4.9,Yes,Selected,Friends Only,No,2022-12-03,Relaxed,Occasionally,25-34,1250,Medium,25
USR01644,30,Female,Nigeria,Entrepreneur,TikTok,1,2.8,6,28.0,Smartphone,Afternoon (12-4pm),419,1088,2,15,1,0,13,Memes,Medium,0.186,No,0.0,Business/Marketing,No impact,8.1,Somewhat,Selected,Friends Only,No,2024-10-05,Neutral,Occasionally,25-34,578,High,16
USR01645,18,Male,Canada,Designer,TikTok,5,1.0,4,15.0,Laptop,Evening (6-9pm),214,362,0,32,3,2,6,News,Medium,0.122,No,0.0,Socializing,Moderate impact,5.2,No,Selected,Public,No,2022-10-15,Happy,No,18-24,1299,Medium,37
USR01646,30,Male,Canada,Researcher,Facebook,1,4.5,3,90.0,Smartphone,Morning (6-10am),9242,367,3,19,3,1,10,Reels/Shorts,Slow,0.013,Yes,70.81,Entertainment,Moderate impact,6.4,Yes,Do Not Disturb,Friends Only,No,2024-04-18,Stressed,Yes,25-34,748,Medium,23
USR01647,25,Female,Brazil,Engineer,TikTok,2,3.7,4,55.5,Smartphone,Night (9pm-12am),426,59,4,16,5,3,7,Photos,Medium,0.028,Yes,1.48,Entertainment,No impact,7.0,No,Selected,Public,No,2022-08-08,Bored,Yes,25-34,1367,Medium,24
USR01648,34,Female,Pakistan,Student,Snapchat,1,6.7,5,80.4,Smartphone,Afternoon (12-4pm),317,69,1,22,4,1,7,Reels/Shorts,Fast,0.067,Sometimes,56.13,Networking,No impact,4.8,No,Always On,Friends Only,No,2023-06-05,Relaxed,No,25-34,1066,Medium,27
USR01649,36,Female,India,Marketer,Instagram,5,3.0,7,25.7,Smartphone,Evening (6-9pm),575,757,1,14,1,6,9,Entertainment,Fast,0.229,Sometimes,0.62,Socializing,No impact,4.8,No,Do Not Disturb,Public,No,2023-02-06,Neutral,No,35-44,1185,Medium,21
USR01650,47,Male,Germany,Freelancer,TikTok,3,9.5,10,57.0,Smartphone,Afternoon (12-4pm),941,120,4,18,1,1,5,Memes,Fast,0.074,No,0.0,Learning,Mild impact,5.7,Yes,Selected,Public,No,2023-01-20,Bored,No,45+,1202,Medium,20
USR01651,31,Female,Germany,Designer,Facebook,3,2.4,7,20.6,Smartphone,Afternoon (12-4pm),104,135,3,14,5,3,8,Educational,Slow,0.082,No,0.0,Entertainment,No impact,7.5,No,Do Not Disturb,Friends Only,No,2022-09-05,Stressed,Yes,25-34,1339,High,22
USR01652,29,Male,USA,Other,TikTok,3,3.7,5,44.4,Smartphone,Afternoon (12-4pm),240,778,3,14,3,5,7,Reels/Shorts,Slow,0.105,Sometimes,28.21,Socializing,Mild impact,6.8,Yes,Selected,Friends Only,No,2024-03-15,Happy,Occasionally,25-34,782,Medium,22
USR01653,28,Male,USA,Student,YouTube,1,4.1,3,82.0,Smartphone,Morning (6-10am),218,69,3,25,1,1,10,Memes,Fast,0.084,Sometimes,81.91,Learning,Mild impact,3.8,No,Always On,Public,No,2023-03-18,Neutral,Occasionally,25-34,1145,Low,27
USR01654,24,Male,UK,Freelancer,Twitter/X,4,12.0,4,180.0,Laptop,Afternoon (12-4pm),3045,338,2,20,3,0,6,Educational,Fast,0.075,No,0.0,Business/Marketing,Mild impact,9.7,No,Do Not Disturb,Friends Only,No,2024-07-25,Relaxed,Yes,18-24,650,High,23
USR01655,29,Male,UAE,Engineer,Twitter/X,5,1.9,4,28.5,Smartphone,Afternoon (12-4pm),134,257,2,16,6,1,9,News,Fast,0.087,No,0.0,Business/Marketing,Mild impact,6.9,No,Selected,Friends Only,No,2023-01-26,Stressed,Yes,25-34,1196,Medium,23
USR01656,24,Female,USA,Doctor,Twitter/X,5,1.9,8,14.2,Smartphone,Evening (6-9pm),28,243,3,20,7,1,6,Reels/Shorts,Medium,0.107,Sometimes,144.03,Entertainment,Severe impact,5.4,No,Always On,Public,No,2023-11-24,Stressed,No,18-24,894,Medium,28
USR01657,28,Male,UK,Doctor,TikTok,4,4.1,8,30.7,Smartphone,Evening (6-9pm),19,131,2,17,4,2,8,Videos,Slow,0.205,Yes,12.39,Socializing,No impact,5.9,Yes,Selected,Friends Only,No,2022-08-09,Stressed,Yes,25-34,1366,Medium,23
USR01658,37,Male,Germany,Student,Instagram,3,0.9,4,13.5,Smartphone,Evening (6-9pm),47,122,4,18,9,0,5,Reels/Shorts,Fast,0.339,No,0.0,Socializing,Moderate impact,5.8,Somewhat,Off,Public,No,2024-04-28,Neutral,Yes,35-44,738,Medium,27
USR01659,18,Female,Pakistan,Designer,LinkedIn,3,1.5,4,22.5,Laptop,Afternoon (12-4pm),7713,67,2,14,7,2,11,Reels/Shorts,Slow,0.032,No,0.0,Networking,Mild impact,5.5,Yes,Always On,Private,No,2022-04-06,Inspired,No,18-24,1491,Medium,23
USR01660,36,Female,USA,Student,Twitter/X,5,2.4,8,18.0,Smartphone,Morning (6-10am),684,436,3,23,5,1,15,Educational,Slow,0.074,No,0.0,Networking,Moderate impact,8.3,Yes,Always On,Public,No,2022-09-10,Bored,Occasionally,35-44,1334,High,29
USR01661,37,Male,India,Marketer,Pinterest,1,6.6,4,99.0,Laptop,Morning (6-10am),1639,109,1,15,5,1,6,Videos,Medium,0.05,No,0.0,Business/Marketing,Mild impact,10.0,Somewhat,Selected,Private,No,2024-07-11,Bored,Occasionally,35-44,664,High,21
USR01662,26,Female,Canada,Entrepreneur,Instagram,1,4.1,6,41.0,Laptop,Night (9pm-12am),1747,782,4,16,0,3,7,Photos,Slow,0.153,No,0.0,News & Updates,No impact,5.3,Yes,Do Not Disturb,Friends Only,No,2024-07-25,Happy,No,25-34,650,Medium,19
USR01663,13,Female,USA,Freelancer,TikTok,2,2.7,6,27.0,Smartphone,Evening (6-9pm),735,186,2,22,3,1,11,Videos,Medium,0.056,Yes,131.09,Entertainment,Moderate impact,5.4,No,Selected,Friends Only,No,2024-10-29,Stressed,No,Under 18,554,Medium,26
USR01664,22,Male,UK,Designer,Instagram,3,1.8,1,108.0,Tablet,Night (9pm-12am),581,68,4,23,2,1,6,Stories,Slow,0.035,Sometimes,101.26,Learning,Severe impact,6.0,Somewhat,Selected,Private,No,2022-10-03,Inspired,Yes,18-24,1311,Medium,26
USR01665,37,Female,Germany,Freelancer,Twitter/X,5,8.1,5,97.2,Tablet,Evening (6-9pm),4359,183,3,19,0,2,10,Videos,Fast,0.13,Yes,17.48,Networking,Severe impact,3.7,Somewhat,Selected,Private,No,2024-10-18,Stressed,Occasionally,35-44,565,Low,21
USR01666,26,Male,Canada,Doctor,Snapchat,1,2.5,3,50.0,Smartphone,Evening (6-9pm),865,149,4,15,2,1,9,Videos,Slow,0.124,Sometimes,16.25,Learning,Mild impact,7.2,Somewhat,Always On,Public,No,2022-01-09,Inspired,No,25-34,1578,High,18
USR01667,19,Female,Canada,Doctor,Facebook,2,1.5,9,10.0,Tablet,Evening (6-9pm),8253,821,5,22,2,1,9,Reels/Shorts,Fast,0.039,Sometimes,23.39,Business/Marketing,Mild impact,6.5,Somewhat,Do Not Disturb,Private,No,2024-12-22,Relaxed,Yes,18-24,500,Medium,25
USR01668,22,Prefer not to say,USA,Freelancer,Twitter/X,4,9.1,4,136.5,Smartphone,Evening (6-9pm),2033,157,5,23,3,3,10,Photos,Medium,0.065,Sometimes,19.52,Networking,Mild impact,6.5,Yes,Off,Public,No,2022-04-10,Inspired,No,18-24,1487,Medium,29
USR01669,33,Female,Germany,Freelancer,Twitter/X,1,1.0,8,7.5,Smartphone,Afternoon (12-4pm),218,175,3,18,4,3,7,Reels/Shorts,Fast,0.397,No,0.0,Learning,Moderate impact,2.9,Yes,Do Not Disturb,Public,No,2024-06-05,Bored,Occasionally,25-34,700,Low,25
USR01670,31,Male,India,Marketer,Snapchat,1,5.6,8,42.0,Smartphone,Night (9pm-12am),271,1331,2,19,3,2,7,News,Fast,0.231,Yes,10.7,Socializing,No impact,2.1,Yes,Selected,Friends Only,No,2024-09-16,Stressed,Yes,25-34,597,Low,24
USR01671,25,Non-binary,India,Marketer,Twitter/X,5,2.6,2,78.0,Smartphone,Evening (6-9pm),179,450,2,13,4,1,13,Stories,Medium,0.057,Sometimes,93.38,Learning,Mild impact,5.5,Yes,Selected,Private,No,2024-11-07,Stressed,Occasionally,25-34,545,Medium,18
USR01672,24,Female,Germany,Other,Snapchat,3,4.1,6,41.0,Laptop,Night (9pm-12am),5952,1799,1,22,1,0,5,Videos,Fast,0.198,No,0.0,News & Updates,Mild impact,7.4,No,Off,Friends Only,No,2022-12-29,Bored,Occasionally,18-24,1224,High,23
USR01673,23,Male,Canada,Designer,YouTube,5,3.7,9,24.7,Laptop,Evening (6-9pm),320,1108,3,21,6,2,8,Reels/Shorts,Medium,0.041,Yes,17.74,Learning,Moderate impact,3.0,Yes,Off,Private,No,2022-12-22,Stressed,Yes,18-24,1231,Low,29
USR01674,19,Female,India,Student,YouTube,4,4.1,4,61.5,Smartphone,Afternoon (12-4pm),158,84,3,15,3,1,10,Stories,Medium,0.013,Sometimes,41.16,Socializing,No impact,7.8,Yes,Selected,Private,No,2022-09-20,Happy,Occasionally,18-24,1324,High,19
USR01675,39,Female,USA,Student,TikTok,3,9.5,4,142.5,Laptop,Evening (6-9pm),1182,802,1,15,3,2,8,Memes,Medium,0.099,Yes,126.64,News & Updates,Moderate impact,5.7,No,Selected,Friends Only,No,2022-08-01,Happy,Occasionally,35-44,1374,Medium,20
USR01676,24,Female,UK,Designer,TikTok,5,8.7,6,87.0,Smartphone,Evening (6-9pm),558,1525,0,25,1,3,7,Videos,Fast,0.271,No,0.0,Socializing,Mild impact,4.7,Yes,Selected,Friends Only,No,2024-03-04,Inspired,Yes,18-24,793,Medium,29
USR01677,36,Female,USA,Student,Facebook,1,1.6,13,7.4,Smartphone,Night (9pm-12am),1130,1539,2,14,6,6,7,Stories,Medium,0.078,Sometimes,27.46,Business/Marketing,Mild impact,6.3,Yes,Always On,Friends Only,No,2023-10-22,Inspired,Yes,35-44,927,Medium,26
USR01678,39,Male,UK,Engineer,Instagram,5,3.6,6,36.0,Smartphone,Evening (6-9pm),19963,800,1,21,3,0,10,Educational,Slow,0.286,Yes,21.8,Networking,No impact,3.9,Somewhat,Do Not Disturb,Public,Yes,2024-10-29,Relaxed,Yes,35-44,554,Low,24
USR01679,34,Male,Pakistan,Designer,Twitter/X,3,0.6,8,4.5,Smartphone,Evening (6-9pm),3441,781,5,20,4,1,7,Entertainment,Medium,0.13,Sometimes,36.23,Networking,Moderate impact,1.6,Somewhat,Always On,Friends Only,No,2024-02-27,Stressed,Occasionally,25-34,799,Low,25
USR01680,23,Male,Brazil,Marketer,Instagram,2,4.4,8,33.0,Smartphone,Night (9pm-12am),698,170,4,20,8,2,13,Stories,Fast,0.284,No,0.0,Networking,Mild impact,8.4,Yes,Always On,Public,No,2024-05-07,Inspired,Occasionally,18-24,729,High,30
USR01681,30,Male,Pakistan,Entrepreneur,Twitter/X,2,5.0,1,300.0,Smartphone,Evening (6-9pm),52,89,3,23,6,1,9,Photos,Medium,0.063,No,0.0,Business/Marketing,Mild impact,6.1,No,Selected,Public,No,2023-05-24,Inspired,Occasionally,25-34,1078,Medium,30
USR01682,26,Female,Germany,Teacher,YouTube,4,0.5,8,3.8,Smartphone,Night (9pm-12am),270,160,6,20,3,1,9,News,Medium,0.135,Yes,15.04,Learning,Severe impact,4.9,Yes,Do Not Disturb,Friends Only,No,2023-07-15,Stressed,Yes,25-34,1026,Medium,24
USR01683,19,Female,Australia,Engineer,TikTok,5,2.6,4,39.0,Desktop,Evening (6-9pm),2391,33,5,20,3,5,6,Photos,Medium,0.067,No,0.0,News & Updates,Mild impact,5.2,Yes,Selected,Private,No,2024-03-25,Inspired,Occasionally,18-24,772,Medium,28
USR01684,29,Male,India,Entrepreneur,Pinterest,1,4.1,4,61.5,Smartphone,Night (9pm-12am),80,1225,3,19,4,1,12,News,Slow,0.579,No,0.0,Learning,Moderate impact,4.8,Yes,Selected,Friends Only,No,2023-12-04,Neutral,Yes,25-34,884,Medium,24
USR01685,17,Female,USA,Researcher,Facebook,4,3.3,2,99.0,Smartphone,Afternoon (12-4pm),31374,174,6,15,4,3,7,Stories,Medium,0.05,Sometimes,9.89,Networking,Mild impact,5.6,Yes,Selected,Public,Yes,2023-08-26,Relaxed,Occasionally,Under 18,984,Medium,22
USR01686,36,Male,Canada,Designer,Instagram,4,1.0,6,10.0,Smartphone,Afternoon (12-4pm),682,1152,4,15,5,2,7,Stories,Fast,0.144,Sometimes,1.65,Business/Marketing,Mild impact,6.0,Yes,Selected,Private,No,2024-07-16,Stressed,Yes,35-44,659,Medium,22
USR01687,23,Male,USA,Designer,Pinterest,4,1.1,6,11.0,Smartphone,Evening (6-9pm),726,55,1,20,5,2,5,Educational,Fast,0.347,Sometimes,119.71,Business/Marketing,No impact,7.4,No,Selected,Private,No,2022-10-01,Bored,No,18-24,1313,High,27
USR01688,28,Female,Germany,Entrepreneur,TikTok,3,2.4,3,48.0,Smartphone,Afternoon (12-4pm),200,897,5,17,3,1,11,Entertainment,Medium,0.351,Yes,2.21,Entertainment,Severe impact,4.9,No,Do Not Disturb,Private,No,2022-10-10,Relaxed,Occasionally,25-34,1304,Medium,21
USR01689,29,Female,UK,Teacher,YouTube,2,1.9,5,22.8,Laptop,Afternoon (12-4pm),1626,135,8,18,2,2,10,Photos,Fast,0.134,Sometimes,22.99,News & Updates,No impact,4.3,No,Always On,Public,No,2024-04-25,Relaxed,Occasionally,25-34,741,Medium,22
USR01690,24,Female,India,Designer,TikTok,3,2.1,8,15.8,Laptop,Afternoon (12-4pm),82,52,2,18,5,0,6,Memes,Medium,0.269,No,0.0,News & Updates,Mild impact,5.2,Yes,Always On,Public,No,2024-11-15,Relaxed,Occasionally,18-24,537,Medium,23
USR01691,31,Male,Pakistan,Doctor,LinkedIn,2,0.9,9,6.0,Smartphone,Evening (6-9pm),32754,1724,2,32,2,0,8,Memes,Slow,0.108,No,0.0,Learning,Moderate impact,10.0,Yes,Do Not Disturb,Friends Only,Yes,2023-09-05,Stressed,Yes,25-34,974,High,34
USR01692,23,Female,Germany,Entrepreneur,YouTube,5,2.7,3,54.0,Smartphone,Evening (6-9pm),7124,924,4,22,10,2,13,Educational,Fast,0.398,Sometimes,30.16,Socializing,Mild impact,6.5,No,Selected,Public,No,2023-10-05,Happy,Occasionally,18-24,944,Medium,34
USR01693,33,Male,Brazil,Student,Instagram,3,6.6,2,198.0,Smartphone,Morning (6-10am),3911,315,4,19,4,2,12,News,Fast,0.501,Sometimes,60.89,Learning,No impact,6.9,Somewhat,Selected,Friends Only,No,2023-03-22,Inspired,Yes,25-34,1141,Medium,25
USR01694,16,Male,Pakistan,Doctor,Twitter/X,1,1.0,7,8.6,Laptop,Late Night (12am+),54,254,1,21,7,2,5,Stories,Medium,0.034,Yes,73.16,Learning,Severe impact,5.7,Somewhat,Selected,Public,No,2023-02-16,Happy,No,Under 18,1175,Medium,30
USR01695,28,Male,Nigeria,Entrepreneur,Twitter/X,5,2.2,6,22.0,Smartphone,Afternoon (12-4pm),962,414,0,21,6,2,5,Entertainment,Fast,0.404,Sometimes,15.94,Networking,No impact,9.3,Yes,Selected,Friends Only,No,2023-03-06,Relaxed,Occasionally,25-34,1157,High,29
USR01696,42,Female,India,Freelancer,Instagram,3,3.8,6,38.0,Smart TV,Night (9pm-12am),5862,309,3,16,4,0,8,Memes,Fast,0.038,Sometimes,7.56,Networking,No impact,7.7,Somewhat,Do Not Disturb,Friends Only,No,2023-08-19,Relaxed,No,35-44,991,High,20
USR01697,18,Female,UAE,Teacher,Instagram,1,0.7,6,7.0,Laptop,Evening (6-9pm),1934,94,2,13,5,2,7,News,Slow,0.059,No,0.0,News & Updates,No impact,4.3,No,Selected,Private,No,2023-12-09,Stressed,Yes,18-24,879,Medium,20
USR01698,21,Male,UAE,Other,TikTok,5,2.7,4,40.5,Smartphone,Night (9pm-12am),109,149,6,19,5,2,5,Stories,Fast,0.143,No,0.0,Business/Marketing,Mild impact,6.5,No,Selected,Private,No,2022-09-29,Neutral,Yes,18-24,1315,Medium,26
USR01699,31,Female,UAE,Designer,Twitter/X,5,4.9,6,49.0,Laptop,Evening (6-9pm),206,2573,2,25,2,1,9,Memes,Fast,0.207,Sometimes,66.46,Socializing,Severe impact,5.5,Somewhat,Selected,Private,No,2022-12-31,Happy,Occasionally,25-34,1222,Medium,28
USR01700,28,Female,Australia,Teacher,Twitter/X,1,1.2,10,7.2,Tablet,Afternoon (12-4pm),294,6042,2,21,3,2,7,Reels/Shorts,Medium,0.18,Sometimes,21.58,News & Updates,Severe impact,6.9,Yes,Selected,Public,No,2024-10-28,Neutral,Yes,25-34,555,Medium,26
USR01701,29,Female,Nigeria,Student,Facebook,1,2.8,4,42.0,Smartphone,Evening (6-9pm),224,1595,3,16,2,3,2,Stories,Medium,0.144,Sometimes,77.17,Entertainment,Moderate impact,8.0,Yes,Always On,Private,No,2023-10-23,Inspired,Occasionally,25-34,926,High,21
USR01702,30,Male,India,Engineer,Twitter/X,4,4.7,3,94.0,Desktop,Evening (6-9pm),10423,434,4,22,6,5,16,Videos,Medium,0.326,Yes,1.34,Entertainment,Moderate impact,4.0,Yes,Do Not Disturb,Private,Yes,2022-08-25,Bored,Yes,25-34,1350,Low,33
USR01703,32,Female,USA,Researcher,TikTok,3,9.2,1,552.0,Smartphone,Night (9pm-12am),20,163,4,23,1,5,6,Stories,Fast,0.2,Sometimes,65.46,Socializing,Moderate impact,6.8,Somewhat,Selected,Public,No,2023-12-23,Neutral,Yes,25-34,865,Medium,29
USR01704,35,Female,UK,Engineer,Facebook,2,2.8,8,21.0,Smart TV,Late Night (12am+),2166,93,1,16,7,3,6,Videos,Slow,0.176,No,0.0,Entertainment,Moderate impact,4.7,Somewhat,Selected,Friends Only,No,2024-09-10,Neutral,Occasionally,35-44,603,Medium,26
USR01705,30,Male,India,Student,Instagram,1,1.5,3,30.0,Laptop,Morning (6-10am),64,101,2,20,3,1,9,News,Medium,0.071,No,0.0,Networking,Moderate impact,8.7,Yes,Always On,Friends Only,No,2024-05-04,Stressed,Yes,25-34,732,High,24
USR01706,25,Female,Pakistan,Freelancer,Pinterest,2,0.5,4,7.5,Laptop,Afternoon (12-4pm),117,125,8,19,2,2,7,Reels/Shorts,Fast,0.156,Sometimes,2.81,Business/Marketing,Mild impact,7.9,No,Selected,Friends Only,No,2024-12-29,Bored,Occasionally,25-34,493,High,23
USR01707,32,Female,UK,Teacher,YouTube,4,1.5,5,18.0,Smartphone,Afternoon (12-4pm),17,3233,3,15,3,1,4,Educational,Slow,0.049,Sometimes,63.82,Learning,No impact,2.6,Yes,Selected,Friends Only,No,2023-08-09,Stressed,Yes,25-34,1001,Low,19
USR01708,42,Male,USA,Engineer,TikTok,2,0.8,3,16.0,Smartphone,Evening (6-9pm),247,2137,3,16,2,3,5,News,Fast,0.046,No,0.0,Entertainment,Mild impact,4.2,Somewhat,Always On,Public,No,2024-05-15,Happy,No,35-44,721,Medium,21
USR01709,25,Male,Australia,Designer,TikTok,1,6.9,2,207.0,Smartphone,Late Night (12am+),10090,599,3,16,4,1,11,Entertainment,Fast,0.096,No,0.0,Business/Marketing,No impact,3.8,Somewhat,Do Not Disturb,Private,Yes,2022-01-27,Happy,Occasionally,25-34,1560,Low,21
USR01710,19,Female,Pakistan,Student,Snapchat,3,4.5,8,33.8,Tablet,Evening (6-9pm),1071,77,2,23,5,2,8,News,Medium,0.153,No,0.0,Entertainment,Severe impact,6.1,Somewhat,Always On,Friends Only,No,2024-12-06,Happy,Yes,18-24,516,Medium,30
USR01711,35,Non-binary,Pakistan,Marketer,Twitter/X,2,1.1,4,16.5,Laptop,Afternoon (12-4pm),76,714,2,18,4,0,7,Entertainment,Slow,0.07,No,0.0,Socializing,Moderate impact,6.7,Somewhat,Always On,Friends Only,No,2022-08-07,Bored,No,35-44,1368,Medium,22
USR01712,26,Female,UK,Researcher,YouTube,5,1.5,3,30.0,Laptop,Night (9pm-12am),4150,183,2,25,3,3,6,Entertainment,Fast,0.158,Sometimes,9.53,News & Updates,No impact,7.6,No,Selected,Friends Only,No,2022-02-21,Stressed,Yes,25-34,1535,High,31
USR01713,13,Female,Pakistan,Doctor,TikTok,2,2.7,8,20.2,Smartphone,Evening (6-9pm),6101,18,1,17,6,1,10,Entertainment,Fast,0.14,Sometimes,34.01,Entertainment,No impact,5.8,Yes,Selected,Friends Only,No,2024-02-20,Neutral,No,Under 18,806,Medium,24
USR01714,33,Male,Canada,Other,YouTube,4,4.9,5,58.8,Smartphone,Evening (6-9pm),802,345,5,18,7,1,12,Photos,Slow,0.116,No,0.0,News & Updates,Severe impact,5.7,Somewhat,Always On,Friends Only,No,2022-10-25,Bored,No,25-34,1289,Medium,26
USR01715,22,Male,USA,Doctor,TikTok,4,3.6,6,36.0,Smartphone,Night (9pm-12am),25914,89,6,28,1,1,7,Reels/Shorts,Medium,0.03,Sometimes,3.94,Entertainment,Moderate impact,6.7,Yes,Selected,Public,Yes,2022-04-19,Stressed,No,18-24,1478,Medium,30
USR01716,26,Male,India,Freelancer,Facebook,1,3.4,7,29.1,Smartphone,Night (9pm-12am),2918,92,3,20,6,1,5,Memes,Slow,0.296,No,0.0,Entertainment,Mild impact,10.0,Yes,Selected,Friends Only,No,2022-04-26,Stressed,No,25-34,1471,High,27
USR01717,29,Male,Pakistan,Designer,Pinterest,3,3.0,10,18.0,Laptop,Late Night (12am+),2272,181,6,24,3,1,5,Memes,Slow,0.223,Yes,23.09,Business/Marketing,No impact,3.5,No,Selected,Public,No,2023-02-14,Relaxed,Occasionally,25-34,1177,Low,28
USR01718,28,Female,Nigeria,Engineer,Facebook,2,1.1,7,9.4,Laptop,Evening (6-9pm),156,134,2,22,4,3,7,Memes,Slow,0.271,Yes,26.43,Socializing,No impact,2.8,No,Do Not Disturb,Private,No,2023-07-01,Neutral,Yes,25-34,1040,Low,29
USR01719,32,Male,India,Researcher,YouTube,1,2.7,3,54.0,Smartphone,Night (9pm-12am),2057,234,3,20,6,3,8,News,Medium,0.074,No,0.0,Socializing,Moderate impact,5.2,Yes,Selected,Friends Only,No,2022-11-26,Inspired,Yes,25-34,1257,Medium,29
USR01720,23,Male,India,Doctor,YouTube,3,2.5,3,50.0,Smartphone,Morning (6-10am),982,221,2,16,4,3,13,Entertainment,Fast,0.205,No,0.0,Networking,Moderate impact,4.9,Somewhat,Off,Private,No,2023-08-10,Relaxed,No,18-24,1000,Medium,23
USR01721,31,Female,UAE,Other,Facebook,4,0.8,7,6.9,Smartphone,Late Night (12am+),1695,25,3,27,4,1,5,Entertainment,Slow,0.395,Yes,31.51,Socializing,No impact,4.9,Yes,Do Not Disturb,Friends Only,No,2023-05-29,Neutral,Yes,25-34,1073,Medium,32
USR01722,24,Female,Pakistan,Researcher,Instagram,2,6.8,3,136.0,Smartphone,Morning (6-10am),193,1516,5,21,4,0,7,News,Fast,0.042,Sometimes,25.18,Learning,No impact,6.2,No,Always On,Public,No,2022-10-27,Neutral,Yes,18-24,1287,Medium,25
USR01723,32,Male,Pakistan,Doctor,Twitter/X,1,1.7,3,34.0,Laptop,Night (9pm-12am),837,75,3,19,11,4,13,Educational,Fast,0.192,No,0.0,Business/Marketing,Mild impact,4.1,No,Always On,Public,No,2022-05-08,Bored,Yes,25-34,1459,Medium,34
USR01724,31,Female,UK,Engineer,Pinterest,2,0.8,3,16.0,Smartphone,Morning (6-10am),152,78,3,25,4,1,4,News,Medium,0.031,Sometimes,19.53,Networking,Moderate impact,5.1,Somewhat,Selected,Friends Only,No,2023-08-28,Bored,No,25-34,982,Medium,30
USR01725,19,Female,Pakistan,Engineer,YouTube,2,1.9,8,14.2,Smartphone,Morning (6-10am),13,164,3,21,1,4,6,Memes,Fast,0.173,Yes,63.31,Entertainment,Severe impact,5.7,Yes,Selected,Public,No,2023-02-22,Happy,Occasionally,18-24,1169,Medium,26
USR01726,35,Male,Australia,Student,YouTube,5,2.2,2,66.0,Smartphone,Late Night (12am+),4011,214,5,16,5,2,11,News,Fast,0.064,Sometimes,1.07,Socializing,Moderate impact,5.7,Somewhat,Always On,Friends Only,No,2022-03-08,Bored,Yes,35-44,1520,Medium,23
USR01727,22,Male,USA,Teacher,Facebook,4,2.5,5,30.0,Smartphone,Evening (6-9pm),44,1409,4,18,6,1,11,Reels/Shorts,Fast,0.021,Yes,1.2,Business/Marketing,Moderate impact,5.9,Yes,Selected,Private,No,2024-01-05,Stressed,Yes,18-24,852,Medium,25
USR01728,33,Female,Pakistan,Entrepreneur,YouTube,3,2.1,4,31.5,Smartphone,Afternoon (12-4pm),806,338,3,20,2,4,8,Memes,Fast,0.085,Yes,92.68,Socializing,Moderate impact,5.9,No,Selected,Friends Only,No,2024-07-15,Neutral,Yes,25-34,660,Medium,26
USR01729,29,Female,Pakistan,Freelancer,Facebook,4,2.6,2,78.0,Laptop,Night (9pm-12am),1211,482,1,16,9,4,10,Reels/Shorts,Slow,0.159,Yes,60.05,News & Updates,Mild impact,4.7,No,Selected,Public,No,2022-07-29,Relaxed,No,25-34,1377,Medium,29
USR01730,41,Non-binary,UK,Entrepreneur,Instagram,1,2.9,3,58.0,Smartphone,Afternoon (12-4pm),1197,340,4,18,5,4,7,Reels/Shorts,Medium,0.18,Yes,0.12,Learning,No impact,5.7,Yes,Do Not Disturb,Friends Only,No,2023-04-05,Relaxed,No,35-44,1127,Medium,27
USR01731,25,Female,USA,Other,Facebook,4,2.8,2,84.0,Smartphone,Late Night (12am+),399,323,1,29,3,4,14,News,Medium,0.133,Yes,95.42,Networking,No impact,6.2,Yes,Selected,Public,No,2024-03-07,Stressed,Yes,25-34,790,Medium,36
USR01732,24,Male,Pakistan,Designer,Facebook,1,3.4,6,34.0,Laptop,Afternoon (12-4pm),1083,354,7,16,0,1,5,News,Medium,0.167,Yes,12.37,Socializing,No impact,7.9,Yes,Do Not Disturb,Public,No,2023-05-02,Happy,Occasionally,18-24,1100,High,17
USR01733,26,Female,Nigeria,Freelancer,Snapchat,4,3.5,3,70.0,Laptop,Afternoon (12-4pm),1552,24,5,25,2,1,4,Reels/Shorts,Medium,0.226,Yes,20.96,Learning,Severe impact,3.5,Yes,Selected,Friends Only,No,2024-11-12,Bored,Yes,25-34,540,Low,28
USR01734,24,Male,Australia,Teacher,Instagram,1,3.5,6,35.0,Smartphone,Evening (6-9pm),2497,181,4,32,3,4,11,Memes,Fast,0.081,Sometimes,9.39,News & Updates,Severe impact,6.2,Yes,Off,Friends Only,No,2023-08-13,Neutral,Yes,18-24,997,Medium,39
USR01735,33,Female,Pakistan,Student,Facebook,1,4.1,5,49.2,Smartphone,Afternoon (12-4pm),15065,987,7,16,4,1,8,Entertainment,Fast,0.352,No,0.0,Networking,No impact,6.5,No,Always On,Private,Yes,2022-04-07,Neutral,Yes,25-34,1490,Medium,21
USR01736,14,Male,India,Teacher,Instagram,2,1.6,4,24.0,Tablet,Morning (6-10am),1013,10000,4,14,1,1,8,Reels/Shorts,Slow,0.176,No,0.0,Learning,Mild impact,6.5,No,Do Not Disturb,Friends Only,No,2024-02-21,Bored,Yes,Under 18,805,Medium,16
USR01737,18,Male,USA,Entrepreneur,LinkedIn,5,1.6,6,16.0,Tablet,Morning (6-10am),746,57,7,25,2,1,5,Memes,Medium,0.181,Yes,41.78,Entertainment,Mild impact,6.6,No,Selected,Public,No,2024-03-04,Bored,No,18-24,793,Medium,28
USR01738,18,Male,Canada,Researcher,Instagram,5,4.9,6,49.0,Smartphone,Night (9pm-12am),130,406,4,20,3,1,7,Photos,Fast,0.053,No,0.0,Networking,Moderate impact,3.8,No,Selected,Public,No,2024-05-03,Relaxed,Yes,18-24,733,Low,24
USR01739,34,Female,USA,Entrepreneur,Instagram,2,1.9,6,19.0,Laptop,Night (9pm-12am),1457,123,3,11,4,4,8,Stories,Medium,0.086,No,0.0,Socializing,Mild impact,6.5,Yes,Selected,Friends Only,No,2023-10-03,Inspired,Yes,25-34,946,Medium,19
USR01740,40,Female,UAE,Researcher,TikTok,5,2.4,7,20.6,Smartphone,Late Night (12am+),2211,2856,1,20,3,2,10,Stories,Fast,0.07,Sometimes,21.21,Networking,No impact,6.4,Yes,Always On,Friends Only,No,2022-04-21,Bored,No,35-44,1476,Medium,25
USR01741,26,Male,Brazil,Other,Instagram,3,2.2,10,13.2,Smartphone,Late Night (12am+),470,48,3,20,4,2,6,News,Medium,0.028,No,0.0,Learning,Moderate impact,7.2,No,Selected,Friends Only,No,2022-01-27,Bored,Yes,25-34,1560,High,26
USR01742,25,Female,UK,Doctor,Facebook,2,9.0,12,45.0,Smartphone,Afternoon (12-4pm),1772,517,1,14,8,0,11,News,Medium,0.19,Yes,10.08,Entertainment,Severe impact,5.9,No,Selected,Private,No,2023-05-30,Relaxed,Yes,25-34,1072,Medium,22
USR01743,27,Female,UK,Engineer,TikTok,5,1.4,5,16.8,Smartphone,Evening (6-9pm),392,45,4,15,3,6,7,Entertainment,Medium,0.055,Yes,33.37,Socializing,No impact,5.2,No,Do Not Disturb,Public,No,2023-02-20,Neutral,Occasionally,25-34,1171,Medium,24
USR01744,36,Male,Canada,Marketer,YouTube,2,1.3,7,11.1,Tablet,Late Night (12am+),2225,166,3,24,3,2,5,Reels/Shorts,Slow,0.229,No,0.0,Socializing,No impact,8.0,Somewhat,Always On,Private,No,2024-06-26,Bored,Occasionally,35-44,679,High,29
USR01745,19,Female,India,Entrepreneur,LinkedIn,2,2.6,10,15.6,Laptop,Night (9pm-12am),3438,234,3,25,4,3,13,Educational,Fast,0.055,No,0.0,Business/Marketing,Mild impact,4.0,Yes,Selected,Private,No,2023-04-07,Relaxed,No,18-24,1125,Low,32
USR01746,28,Female,Pakistan,Student,Snapchat,2,2.3,2,69.0,Smartphone,Afternoon (12-4pm),3352,883,3,16,2,2,8,Photos,Medium,0.23,Sometimes,43.54,Business/Marketing,Moderate impact,3.7,Somewhat,Selected,Public,No,2024-01-24,Inspired,Occasionally,25-34,833,Low,20
USR01747,34,Male,Pakistan,Other,YouTube,5,1.1,4,16.5,Desktop,Night (9pm-12am),822,67,2,24,5,2,7,Entertainment,Medium,0.16,No,0.0,Learning,No impact,4.0,Somewhat,Selected,Public,No,2023-02-07,Stressed,No,25-34,1184,Low,31
USR01748,31,Female,Pakistan,Researcher,Instagram,5,2.4,6,24.0,Smartphone,Afternoon (12-4pm),102,542,4,20,4,3,12,Memes,Fast,0.016,No,0.0,Networking,Mild impact,6.8,Somewhat,Do Not Disturb,Friends Only,No,2023-02-01,Inspired,Occasionally,25-34,1190,Medium,27
USR01749,28,Female,USA,Marketer,Instagram,3,2.6,4,39.0,Smartphone,Night (9pm-12am),221,250,6,27,1,4,14,Photos,Medium,0.149,Sometimes,46.29,Socializing,Moderate impact,4.9,No,Selected,Friends Only,No,2023-08-26,Happy,Yes,25-34,984,Medium,32
USR01750,35,Female,Germany,Engineer,Instagram,2,1.8,5,21.6,Smartphone,Morning (6-10am),1941,339,1,14,4,1,6,Photos,Medium,0.062,Yes,11.06,News & Updates,No impact,6.0,Somewhat,Always On,Friends Only,No,2024-07-08,Inspired,Yes,35-44,667,Medium,19
USR01751,13,Male,UK,Freelancer,TikTok,5,2.3,3,46.0,Smartphone,Morning (6-10am),54603,772,6,16,2,2,10,Educational,Fast,0.071,Yes,7.37,Socializing,No impact,8.7,Somewhat,Selected,Public,Yes,2022-12-30,Bored,Yes,Under 18,1223,High,20
USR01752,32,Male,Brazil,Designer,Facebook,3,1.5,3,30.0,Smartphone,Night (9pm-12am),360,52,7,18,4,1,4,Educational,Fast,0.039,Sometimes,83.55,Socializing,Severe impact,4.1,No,Always On,Friends Only,No,2022-06-02,Inspired,Yes,25-34,1434,Medium,23
USR01753,21,Female,Australia,Entrepreneur,Twitter/X,4,1.1,3,22.0,Smartphone,Afternoon (12-4pm),1510,647,2,13,1,2,8,Memes,Fast,0.281,No,0.0,Business/Marketing,Moderate impact,3.1,Somewhat,Selected,Friends Only,No,2023-01-18,Neutral,Yes,18-24,1204,Low,16
USR01754,13,Male,USA,Other,TikTok,3,1.9,6,19.0,Smartphone,Morning (6-10am),244,123,3,28,5,1,5,News,Medium,0.163,No,0.0,Learning,Moderate impact,7.7,Somewhat,Selected,Public,No,2022-12-22,Happy,Occasionally,Under 18,1231,High,34
USR01755,31,Female,UK,Teacher,Instagram,5,1.2,5,14.4,Desktop,Evening (6-9pm),115,911,1,19,6,3,6,Reels/Shorts,Fast,0.33,Sometimes,103.63,Business/Marketing,No impact,4.7,Yes,Selected,Private,No,2024-11-18,Inspired,No,25-34,534,Medium,28
USR01756,37,Male,Canada,Entrepreneur,LinkedIn,4,0.9,9,6.0,Smartphone,Night (9pm-12am),196,365,2,15,3,3,9,Stories,Medium,0.064,Sometimes,39.13,Learning,Moderate impact,4.1,No,Do Not Disturb,Friends Only,No,2022-09-02,Neutral,Yes,35-44,1342,Medium,21
USR01757,25,Male,India,Engineer,TikTok,1,0.5,1,30.0,Smartphone,Night (9pm-12am),15,190,2,17,5,2,4,Educational,Slow,0.133,No,0.0,Socializing,Mild impact,6.0,No,Do Not Disturb,Public,No,2024-02-12,Relaxed,Occasionally,25-34,814,Medium,24
USR01758,34,Female,Australia,Other,TikTok,5,3.0,5,36.0,Smartphone,Afternoon (12-4pm),7602,120,3,19,3,3,3,Educational,Slow,0.208,Sometimes,71.11,Networking,No impact,5.9,Yes,Always On,Friends Only,No,2022-03-25,Neutral,Yes,25-34,1503,Medium,25
USR01759,39,Female,USA,Marketer,YouTube,3,1.9,6,19.0,Tablet,Late Night (12am+),12,657,3,17,11,2,6,Stories,Medium,0.022,No,0.0,Socializing,Mild impact,4.6,Yes,Selected,Friends Only,No,2024-05-27,Bored,Yes,35-44,709,Medium,30
USR01760,37,Male,Canada,Other,YouTube,4,4.9,5,58.8,Smartphone,Afternoon (12-4pm),413,1111,4,30,4,2,4,Reels/Shorts,Slow,0.229,Yes,12.3,News & Updates,Severe impact,7.2,Yes,Off,Friends Only,No,2023-07-26,Neutral,Occasionally,35-44,1015,High,36
USR01761,40,Male,Canada,Researcher,Facebook,2,2.0,8,15.0,Tablet,Morning (6-10am),79,129,0,26,3,1,8,Reels/Shorts,Fast,0.224,Sometimes,24.22,News & Updates,Severe impact,4.8,No,Selected,Friends Only,No,2023-06-26,Inspired,Occasionally,35-44,1045,Medium,30
USR01762,32,Female,India,Marketer,Facebook,3,3.0,4,45.0,Smartphone,Night (9pm-12am),135,62,2,30,3,3,10,Videos,Fast,0.256,Sometimes,37.52,Learning,Mild impact,4.7,Yes,Always On,Friends Only,No,2022-09-24,Happy,No,25-34,1320,Medium,36
USR01763,27,Female,UAE,Researcher,Facebook,5,1.6,6,16.0,Smartphone,Night (9pm-12am),7924,562,3,19,1,1,8,Videos,Medium,0.009,Sometimes,9.41,Business/Marketing,Severe impact,2.8,No,Selected,Public,No,2022-11-26,Stressed,Occasionally,25-34,1257,Low,21
USR01764,14,Female,Germany,Freelancer,Instagram,3,2.5,5,30.0,Laptop,Evening (6-9pm),955,43,4,19,3,3,12,Reels/Shorts,Medium,0.23,No,0.0,Socializing,Mild impact,1.8,Somewhat,Always On,Friends Only,No,2023-06-07,Neutral,Yes,Under 18,1064,Low,25
USR01765,25,Male,Pakistan,Other,TikTok,2,0.5,7,4.3,Laptop,Morning (6-10am),117,51,1,32,6,0,12,Entertainment,Fast,0.191,Sometimes,46.81,Networking,No impact,6.6,No,Selected,Public,No,2022-01-12,Bored,Occasionally,25-34,1575,Medium,38
USR01766,20,Female,India,Doctor,Twitter/X,1,1.9,4,28.5,Smartphone,Evening (6-9pm),230,68,1,22,3,3,7,Stories,Fast,0.14,No,0.0,Business/Marketing,No impact,3.8,Yes,Do Not Disturb,Public,No,2023-11-08,Relaxed,Occasionally,18-24,910,Low,28
USR01767,44,Male,Australia,Designer,TikTok,3,1.4,7,12.0,Smartphone,Morning (6-10am),167,148,3,25,3,4,9,Memes,Fast,0.426,Sometimes,11.0,Socializing,Mild impact,5.9,Yes,Always On,Public,No,2024-08-13,Happy,Occasionally,35-44,631,Medium,32
USR01768,25,Male,Canada,Marketer,Pinterest,5,4.6,4,69.0,Smartphone,Morning (6-10am),614,49,3,15,8,1,11,Stories,Medium,0.025,Yes,175.56,Networking,Moderate impact,9.7,Somewhat,Selected,Public,No,2022-11-14,Inspired,Occasionally,25-34,1269,High,24
USR01769,27,Male,USA,Researcher,TikTok,4,2.9,5,34.8,Smartphone,Morning (6-10am),907,23,3,23,3,0,14,Videos,Slow,0.081,Yes,15.94,Socializing,No impact,7.0,No,Selected,Public,No,2022-03-23,Stressed,No,25-34,1505,Medium,26
USR01770,31,Female,Brazil,Teacher,TikTok,1,4.2,5,50.4,Smartphone,Afternoon (12-4pm),20171,62,4,24,3,1,6,Stories,Fast,0.305,No,0.0,Learning,No impact,6.3,Somewhat,Off,Public,Yes,2022-11-11,Happy,Yes,25-34,1272,Medium,28
USR01771,27,Female,India,Freelancer,Instagram,1,5.2,5,62.4,Laptop,Morning (6-10am),21,528,2,13,4,3,5,Entertainment,Fast,0.142,No,0.0,News & Updates,Mild impact,7.0,Yes,Do Not Disturb,Private,No,2023-10-23,Bored,Occasionally,25-34,926,Medium,20
USR01772,40,Non-binary,UK,Other,YouTube,2,1.8,6,18.0,Smartphone,Night (9pm-12am),624,53,4,23,6,4,5,Photos,Fast,0.172,Sometimes,49.08,Learning,No impact,10.0,Yes,Always On,Public,No,2022-04-15,Inspired,Occasionally,35-44,1482,High,33
USR01773,22,Male,USA,Teacher,TikTok,1,2.8,5,33.6,Smartphone,Night (9pm-12am),376,162,5,22,4,2,15,Memes,Slow,0.098,Yes,39.21,Entertainment,Mild impact,2.8,Yes,Always On,Friends Only,No,2023-09-09,Stressed,No,18-24,970,Low,28
USR01774,28,Male,Brazil,Student,TikTok,1,1.1,3,22.0,Desktop,Evening (6-9pm),3654,2530,5,22,3,0,7,Memes,Fast,0.018,Sometimes,63.03,Business/Marketing,No impact,6.0,Yes,Always On,Friends Only,No,2024-10-01,Inspired,Occasionally,25-34,582,Medium,25
USR01775,21,Female,India,Doctor,LinkedIn,1,3.3,3,66.0,Laptop,Afternoon (12-4pm),1259,230,5,17,2,4,5,Entertainment,Fast,0.252,Sometimes,37.58,Business/Marketing,Moderate impact,8.9,Yes,Always On,Public,No,2024-01-04,Neutral,Yes,18-24,853,High,23
USR01776,16,Male,Australia,Teacher,YouTube,5,3.6,5,43.2,Smartphone,Afternoon (12-4pm),1924,369,1,21,0,3,5,Reels/Shorts,Medium,0.22,Sometimes,32.75,Networking,Severe impact,6.8,Yes,Selected,Private,No,2022-05-30,Happy,No,Under 18,1437,Medium,24
USR01777,22,Male,India,Marketer,TikTok,1,3.1,4,46.5,Laptop,Afternoon (12-4pm),1237,78,1,19,2,2,7,Reels/Shorts,Fast,0.163,No,0.0,Learning,Moderate impact,8.4,Yes,Selected,Friends Only,No,2023-10-13,Bored,No,18-24,936,High,23
USR01778,26,Female,UAE,Freelancer,Instagram,3,1.8,5,21.6,Smartphone,Morning (6-10am),124,3281,1,18,5,3,8,Educational,Medium,0.108,Sometimes,80.98,News & Updates,No impact,5.1,Yes,Always On,Friends Only,No,2024-12-12,Happy,Yes,25-34,510,Medium,26
USR01779,23,Male,India,Freelancer,Facebook,1,7.2,2,216.0,Smartphone,Afternoon (12-4pm),5885,127,5,24,4,1,6,Educational,Medium,0.063,Sometimes,44.66,Entertainment,Mild impact,3.9,No,Selected,Friends Only,No,2023-03-27,Stressed,Yes,18-24,1136,Low,29
USR01780,21,Male,Brazil,Other,TikTok,2,2.6,8,19.5,Smartphone,Evening (6-9pm),2799,186,5,13,1,1,5,Videos,Medium,0.033,No,0.0,Networking,No impact,9.6,No,Always On,Public,No,2023-01-12,Bored,No,18-24,1210,High,15
USR01781,15,Male,Canada,Entrepreneur,Pinterest,1,1.1,4,16.5,Laptop,Night (9pm-12am),3456,1188,5,26,5,1,7,Educational,Fast,0.107,Sometimes,55.59,News & Updates,No impact,6.3,Yes,Off,Friends Only,No,2024-12-02,Relaxed,Yes,Under 18,520,Medium,32
USR01782,26,Female,Canada,Designer,YouTube,3,3.8,1,228.0,Smartphone,Morning (6-10am),6472,196,1,20,6,2,11,Stories,Slow,0.224,No,0.0,Networking,Mild impact,7.7,Somewhat,Do Not Disturb,Public,No,2022-05-20,Inspired,Occasionally,25-34,1447,High,28
USR01783,14,Female,India,Other,LinkedIn,2,4.7,3,94.0,Smartphone,Evening (6-9pm),1410,259,2,26,4,3,6,Educational,Fast,0.123,No,0.0,Socializing,Mild impact,7.8,Yes,Always On,Public,No,2024-10-31,Happy,No,Under 18,552,High,33
USR01784,33,Female,UK,Freelancer,YouTube,5,1.1,6,11.0,Smart TV,Morning (6-10am),9564,174,3,25,3,2,9,Educational,Fast,0.229,Yes,23.69,Socializing,No impact,8.5,Yes,Always On,Friends Only,No,2022-11-23,Happy,Occasionally,25-34,1260,High,30
USR01785,27,Female,Nigeria,Marketer,TikTok,2,2.2,7,18.9,Laptop,Evening (6-9pm),1312,175,3,23,1,2,10,Memes,Medium,0.061,Sometimes,1.3,Learning,Mild impact,6.7,Yes,Off,Public,No,2024-05-01,Neutral,Occasionally,25-34,735,Medium,26
USR01786,15,Female,UK,Freelancer,TikTok,3,0.8,5,9.6,Smartphone,Night (9pm-12am),448,381,3,16,4,3,4,Reels/Shorts,Medium,0.083,Yes,108.66,Business/Marketing,Mild impact,6.8,Yes,Always On,Public,No,2024-04-06,Inspired,Occasionally,Under 18,760,Medium,23
USR01787,24,Male,Nigeria,Engineer,YouTube,2,5.4,3,108.0,Smartphone,Night (9pm-12am),657,475,3,15,5,3,9,Entertainment,Medium,0.285,No,0.0,Networking,Mild impact,7.1,No,Always On,Friends Only,No,2022-07-08,Neutral,No,18-24,1398,High,23
USR01788,20,Non-binary,Pakistan,Other,TikTok,4,2.4,5,28.8,Smartphone,Evening (6-9pm),637,113,1,20,4,3,7,Photos,Fast,0.089,No,0.0,Entertainment,Mild impact,5.0,Yes,Always On,Public,No,2023-12-17,Inspired,No,18-24,871,Medium,27
USR01789,29,Female,Pakistan,Marketer,Twitter/X,3,1.4,4,21.0,Smartphone,Evening (6-9pm),261,97,2,20,3,4,7,Memes,Slow,0.014,Yes,24.71,Business/Marketing,Moderate impact,8.1,No,Do Not Disturb,Friends Only,No,2023-03-30,Stressed,Yes,25-34,1133,High,27
USR01790,37,Male,Germany,Marketer,TikTok,2,4.7,4,70.5,Smartphone,Evening (6-9pm),12549,117,1,16,4,1,10,Memes,Medium,0.149,Sometimes,1.2,Networking,Mild impact,5.2,Yes,Selected,Private,Yes,2023-03-13,Happy,Occasionally,35-44,1150,Medium,21
USR01791,13,Female,India,Teacher,Twitter/X,1,2.6,2,78.0,Laptop,Evening (6-9pm),1133,45,3,17,4,1,13,Entertainment,Slow,0.075,Sometimes,118.79,News & Updates,Mild impact,8.2,Yes,Always On,Public,No,2023-11-11,Happy,Occasionally,Under 18,907,High,22
USR01792,27,Female,USA,Designer,Instagram,2,4.3,3,86.0,Smartphone,Late Night (12am+),788,36,6,21,3,2,6,Entertainment,Slow,0.153,Sometimes,124.15,News & Updates,No impact,7.6,Somewhat,Selected,Friends Only,No,2023-11-10,Bored,Yes,25-34,908,High,26
USR01793,25,Prefer not to say,India,Entrepreneur,Twitter/X,1,3.4,4,51.0,Tablet,Late Night (12am+),1337,349,4,16,4,1,11,Memes,Fast,0.064,No,0.0,Entertainment,Moderate impact,2.2,Yes,Always On,Private,No,2024-01-09,Bored,Occasionally,25-34,848,Low,21
USR01794,32,Female,UK,Student,LinkedIn,4,1.2,6,12.0,Smartphone,Evening (6-9pm),142022,754,5,24,6,0,8,Memes,Medium,0.29,Yes,1.03,Learning,Moderate impact,7.7,Somewhat,Always On,Public,Yes,2023-08-25,Relaxed,No,25-34,985,High,30
USR01795,28,Female,USA,Student,Facebook,5,1.8,8,13.5,Desktop,Evening (6-9pm),86,695,3,17,4,0,12,Memes,Slow,0.084,Yes,55.65,Business/Marketing,Mild impact,6.6,Yes,Always On,Public,No,2023-03-24,Stressed,Occasionally,25-34,1139,Medium,21
USR01796,20,Male,Pakistan,Designer,Instagram,3,1.4,5,16.8,Tablet,Night (9pm-12am),145,14,1,26,3,3,6,Photos,Slow,0.067,Sometimes,28.89,Networking,Mild impact,8.6,Somewhat,Always On,Friends Only,No,2024-12-22,Relaxed,No,18-24,500,High,32
USR01797,24,Female,Canada,Doctor,Facebook,5,1.1,2,33.0,Smartphone,Night (9pm-12am),55,182,2,15,2,0,10,Reels/Shorts,Medium,0.067,No,0.0,Learning,Moderate impact,9.3,Somewhat,Do Not Disturb,Friends Only,No,2024-08-30,Stressed,Occasionally,18-24,614,High,17
USR01798,20,Female,Canada,Student,Facebook,2,0.7,3,14.0,Tablet,Night (9pm-12am),437,65,5,24,7,1,11,News,Fast,0.096,Sometimes,40.11,News & Updates,Mild impact,6.4,Somewhat,Do Not Disturb,Public,No,2022-01-19,Bored,Occasionally,18-24,1568,Medium,32
USR01799,35,Male,USA,Teacher,TikTok,4,8.1,6,81.0,Smartphone,Evening (6-9pm),1034,290,7,19,6,2,9,News,Medium,0.108,Sometimes,109.25,News & Updates,Mild impact,6.8,Somewhat,Do Not Disturb,Public,No,2022-08-23,Happy,Occasionally,35-44,1352,Medium,27
USR01800,27,Male,Canada,Freelancer,Facebook,2,3.1,6,31.0,Smart TV,Evening (6-9pm),287,148,5,17,8,2,5,Photos,Fast,0.158,Yes,3.85,Entertainment,No impact,3.9,Somewhat,Selected,Friends Only,No,2023-12-10,Relaxed,No,25-34,878,Low,27
USR01801,42,Female,Australia,Marketer,Twitter/X,4,3.4,9,22.7,Smartphone,Evening (6-9pm),251,497,3,22,1,2,12,Memes,Medium,0.082,Sometimes,49.35,Learning,Severe impact,5.9,No,Always On,Public,No,2024-07-01,Stressed,Yes,35-44,674,Medium,25
USR01802,26,Female,USA,Student,Facebook,5,5.0,5,60.0,Smartphone,Evening (6-9pm),859,239,4,16,6,2,11,Reels/Shorts,Slow,0.042,No,0.0,Learning,Mild impact,9.2,Somewhat,Selected,Private,No,2023-05-08,Inspired,Yes,25-34,1094,High,24
USR01803,21,Female,Pakistan,Designer,Instagram,4,1.7,3,34.0,Smartphone,Night (9pm-12am),269,25,2,21,6,1,8,News,Fast,0.289,Yes,35.37,Entertainment,No impact,6.2,No,Selected,Public,No,2023-05-15,Bored,Yes,18-24,1087,Medium,28
USR01804,14,Male,Pakistan,Teacher,TikTok,2,0.9,6,9.0,Smartphone,Afternoon (12-4pm),1162,76,3,17,2,1,13,Stories,Slow,0.045,No,0.0,Networking,Mild impact,7.9,Somewhat,Selected,Friends Only,No,2022-03-23,Inspired,Occasionally,Under 18,1505,High,20
USR01805,13,Female,Brazil,Designer,YouTube,4,4.1,4,61.5,Desktop,Evening (6-9pm),4942,246,4,15,3,5,7,Videos,Medium,0.045,Sometimes,52.22,Business/Marketing,Mild impact,6.2,Somewhat,Do Not Disturb,Public,No,2023-10-20,Bored,No,Under 18,929,Medium,23
USR01806,14,Male,India,Researcher,Instagram,1,1.0,5,12.0,Smartphone,Evening (6-9pm),2249,272,1,23,4,2,10,Educational,Medium,0.01,Sometimes,67.57,Learning,Mild impact,6.0,Somewhat,Do Not Disturb,Friends Only,No,2024-02-21,Relaxed,No,Under 18,805,Medium,29
USR01807,29,Prefer not to say,Canada,Marketer,YouTube,1,4.0,4,60.0,Smartphone,Afternoon (12-4pm),3248,45,4,17,1,2,9,Educational,Medium,0.393,Yes,34.17,Socializing,Severe impact,7.2,Somewhat,Always On,Friends Only,No,2022-08-21,Bored,Yes,25-34,1354,High,20
USR01808,31,Male,USA,Entrepreneur,Instagram,4,0.8,7,6.9,Smartphone,Evening (6-9pm),4696,38,4,12,2,4,6,Entertainment,Medium,0.112,No,0.0,Business/Marketing,Mild impact,1.0,No,Selected,Public,No,2024-03-01,Happy,Yes,25-34,796,Low,18
USR01809,14,Female,Pakistan,Engineer,Twitter/X,4,0.9,9,6.0,Smartphone,Evening (6-9pm),1106,261,1,16,9,2,7,Educational,Slow,0.097,No,0.0,News & Updates,Severe impact,6.9,Somewhat,Always On,Friends Only,No,2023-06-10,Relaxed,No,Under 18,1061,Medium,27
USR01810,34,Female,UK,Student,LinkedIn,4,1.6,6,16.0,Smartphone,Evening (6-9pm),499,45,0,24,3,0,6,Reels/Shorts,Medium,0.189,No,0.0,News & Updates,Moderate impact,2.2,Yes,Selected,Public,No,2023-08-03,Happy,Yes,25-34,1007,Low,27
USR01811,23,Male,India,Designer,TikTok,4,3.9,5,46.8,Smartphone,Evening (6-9pm),165,33,2,21,2,1,8,Photos,Medium,0.024,No,0.0,Learning,Severe impact,6.1,Yes,Selected,Private,No,2022-02-20,Relaxed,No,18-24,1536,Medium,24
USR01812,28,Female,Nigeria,Other,LinkedIn,4,6.6,2,198.0,Smartphone,Afternoon (12-4pm),328,143,3,19,5,1,14,Photos,Fast,0.098,Sometimes,34.34,Entertainment,No impact,4.7,Yes,Do Not Disturb,Private,No,2024-11-24,Inspired,Occasionally,25-34,528,Medium,25
USR01813,39,Female,Pakistan,Engineer,Snapchat,1,3.4,7,29.1,Smartphone,Afternoon (12-4pm),259,136,4,16,5,1,13,Entertainment,Medium,0.082,Sometimes,59.6,Business/Marketing,No impact,4.1,Yes,Selected,Private,No,2024-02-07,Relaxed,Occasionally,35-44,819,Medium,22
USR01814,34,Female,Germany,Doctor,Twitter/X,3,1.7,2,51.0,Laptop,Morning (6-10am),2482,85,3,19,2,0,13,News,Medium,0.086,Sometimes,38.12,Socializing,Mild impact,8.9,Somewhat,Do Not Disturb,Private,No,2024-11-19,Bored,Yes,25-34,533,High,21
USR01815,24,Female,Australia,Student,Instagram,5,4.6,5,55.2,Laptop,Evening (6-9pm),1241,105,3,17,5,3,8,Educational,Medium,0.256,Sometimes,17.44,News & Updates,Mild impact,8.2,No,Selected,Friends Only,No,2024-11-07,Neutral,Yes,18-24,545,High,25
USR01816,19,Male,Pakistan,Designer,Pinterest,1,0.8,5,9.6,Smartphone,Evening (6-9pm),2331,248,2,22,4,2,5,Educational,Medium,0.16,No,0.0,News & Updates,No impact,5.6,Yes,Selected,Public,No,2024-07-01,Stressed,No,18-24,674,Medium,28
USR01817,13,Male,Pakistan,Freelancer,TikTok,4,1.3,4,19.5,Laptop,Morning (6-10am),82,103,3,23,5,2,8,Memes,Medium,0.325,Sometimes,0.22,Entertainment,No impact,10.0,Somewhat,Always On,Public,No,2024-09-23,Happy,No,Under 18,590,High,30
USR01818,21,Female,Pakistan,Teacher,Facebook,3,2.7,2,81.0,Tablet,Night (9pm-12am),8752,266,4,22,6,2,8,Videos,Medium,0.235,Yes,12.98,Socializing,No impact,8.0,Yes,Always On,Private,No,2022-03-31,Happy,Occasionally,18-24,1497,High,30
USR01819,25,Male,India,Researcher,LinkedIn,3,4.2,11,22.9,Laptop,Night (9pm-12am),308,155,6,17,5,3,15,Videos,Medium,0.014,Sometimes,120.67,Entertainment,Mild impact,5.9,Yes,Selected,Public,No,2023-08-31,Neutral,Occasionally,25-34,979,Medium,25
USR01820,19,Female,UK,Marketer,Instagram,5,2.2,5,26.4,Smartphone,Night (9pm-12am),91,299,3,19,2,1,4,Educational,Fast,0.003,Sometimes,17.04,Learning,Severe impact,2.8,No,Do Not Disturb,Public,No,2023-01-30,Stressed,Yes,18-24,1192,Low,22
USR01821,25,Non-binary,USA,Freelancer,Facebook,2,2.1,8,15.8,Smartphone,Evening (6-9pm),301,701,5,20,5,6,8,Reels/Shorts,Medium,0.033,Sometimes,33.88,Business/Marketing,Moderate impact,6.0,Yes,Do Not Disturb,Friends Only,No,2023-10-19,Neutral,Yes,25-34,930,Medium,31
USR01822,27,Male,Pakistan,Other,Twitter/X,2,2.2,10,13.2,Smartphone,Afternoon (12-4pm),58149,669,3,24,4,2,9,Reels/Shorts,Fast,0.141,No,0.0,Networking,Mild impact,5.1,Yes,Selected,Public,Yes,2024-11-18,Relaxed,Occasionally,25-34,534,Medium,30
USR01823,25,Male,Germany,Student,YouTube,2,5.0,10,30.0,Smartphone,Afternoon (12-4pm),330,1148,3,12,2,2,6,News,Medium,0.092,No,0.0,Networking,Moderate impact,5.4,No,Always On,Friends Only,No,2022-06-18,Bored,Yes,25-34,1418,Medium,16
USR01824,21,Female,UAE,Designer,LinkedIn,2,1.5,5,18.0,Desktop,Morning (6-10am),370,668,2,19,3,0,10,Entertainment,Medium,0.317,Yes,36.62,Business/Marketing,Mild impact,6.9,Yes,Selected,Friends Only,No,2022-07-16,Happy,Yes,18-24,1390,Medium,22
USR01825,28,Male,Pakistan,Teacher,LinkedIn,1,1.2,2,36.0,Desktop,Afternoon (12-4pm),470,325,3,23,5,3,9,Educational,Fast,0.405,Yes,33.6,News & Updates,Mild impact,5.1,Yes,Always On,Private,No,2022-12-09,Inspired,Yes,25-34,1244,Medium,31
USR01826,30,Female,USA,Teacher,Instagram,1,2.1,7,18.0,Laptop,Evening (6-9pm),509,145,2,14,3,1,9,Videos,Fast,0.13,No,0.0,Networking,No impact,8.6,No,Selected,Public,No,2024-12-28,Relaxed,Yes,25-34,494,High,18
USR01827,18,Male,India,Doctor,Snapchat,4,5.4,7,46.3,Laptop,Evening (6-9pm),162,153,2,17,3,2,4,Reels/Shorts,Medium,0.134,Yes,109.59,News & Updates,Severe impact,5.2,No,Selected,Public,No,2022-01-16,Bored,Occasionally,18-24,1571,Medium,22
USR01828,38,Female,Pakistan,Marketer,Instagram,3,1.6,10,9.6,Smartphone,Evening (6-9pm),860,85,5,16,4,2,4,Memes,Slow,0.132,No,0.0,Entertainment,Mild impact,4.4,Yes,Do Not Disturb,Friends Only,No,2022-05-15,Inspired,Yes,35-44,1452,Medium,22
USR01829,26,Female,UAE,Teacher,LinkedIn,1,2.2,3,44.0,Tablet,Evening (6-9pm),4610,246,4,16,4,1,11,Educational,Fast,0.071,No,0.0,Entertainment,Mild impact,7.4,Yes,Selected,Public,No,2023-03-08,Relaxed,Occasionally,25-34,1155,High,21
USR01830,27,Female,India,Doctor,Pinterest,1,0.7,7,6.0,Smartphone,Night (9pm-12am),1171,565,0,19,6,1,9,News,Slow,0.043,No,0.0,Networking,Mild impact,6.1,Somewhat,Always On,Friends Only,No,2023-03-13,Happy,No,25-34,1150,Medium,26
USR01831,32,Male,Canada,Marketer,TikTok,5,2.2,6,22.0,Smartphone,Evening (6-9pm),90,102,2,15,4,4,7,Memes,Fast,0.017,Yes,13.48,News & Updates,Moderate impact,7.7,Yes,Do Not Disturb,Private,No,2024-05-18,Happy,No,25-34,718,High,23
USR01832,28,Male,Australia,Engineer,Twitter/X,1,3.0,2,90.0,Smartphone,Evening (6-9pm),357,234,4,27,5,4,7,Photos,Fast,0.127,No,0.0,Entertainment,No impact,6.5,Somewhat,Selected,Friends Only,No,2022-08-01,Stressed,No,25-34,1374,Medium,36
USR01833,34,Female,Germany,Engineer,LinkedIn,2,1.0,2,30.0,Smartphone,Morning (6-10am),246,108,5,13,5,5,10,Videos,Fast,0.15,Sometimes,8.96,Entertainment,Mild impact,3.7,Yes,Do Not Disturb,Public,No,2023-02-26,Bored,Yes,25-34,1165,Low,23
USR01834,29,Female,UAE,Doctor,Pinterest,1,5.0,3,100.0,Smartphone,Late Night (12am+),731,314,2,30,8,5,16,Photos,Fast,0.08,No,0.0,Business/Marketing,No impact,6.7,No,Do Not Disturb,Public,No,2024-06-10,Bored,Yes,25-34,695,Medium,43
USR01835,22,Male,Canada,Teacher,LinkedIn,2,3.0,4,45.0,Tablet,Night (9pm-12am),7294,126,2,18,6,0,9,Stories,Fast,0.144,Yes,109.18,Business/Marketing,No impact,4.6,Yes,Off,Public,No,2022-05-28,Stressed,Yes,18-24,1439,Medium,24
USR01836,29,Female,Australia,Student,Snapchat,1,1.8,2,54.0,Smartphone,Late Night (12am+),508,100,4,22,8,2,10,News,Medium,0.265,Sometimes,59.75,Entertainment,Mild impact,6.5,No,Selected,Friends Only,No,2022-11-11,Inspired,Occasionally,25-34,1272,Medium,32
USR01837,17,Male,USA,Doctor,Instagram,4,3.0,9,20.0,Smartphone,Afternoon (12-4pm),567,108,3,17,5,1,10,News,Medium,0.074,Yes,90.24,Learning,Mild impact,5.1,Yes,Do Not Disturb,Public,No,2022-02-18,Happy,No,Under 18,1538,Medium,23
USR01838,27,Female,India,Marketer,Twitter/X,4,3.5,7,30.0,Laptop,Morning (6-10am),16313,447,4,14,5,2,16,Reels/Shorts,Medium,0.14,Sometimes,93.45,Entertainment,Moderate impact,5.8,Yes,Always On,Friends Only,Yes,2024-07-29,Happy,No,25-34,646,Medium,21
USR01839,26,Female,Pakistan,Doctor,Instagram,5,0.6,8,4.5,Smartphone,Evening (6-9pm),3220,217,2,21,5,3,8,Memes,Medium,0.058,No,0.0,Networking,Severe impact,6.3,Somewhat,Off,Private,No,2023-11-11,Bored,Yes,25-34,907,Medium,29
USR01840,25,Female,Pakistan,Teacher,Pinterest,3,3.1,3,62.0,Tablet,Evening (6-9pm),1869,146,4,12,4,2,3,Reels/Shorts,Medium,0.101,Yes,34.27,Socializing,Moderate impact,7.5,No,Selected,Private,No,2022-03-19,Happy,Occasionally,25-34,1509,High,18
USR01841,25,Male,Germany,Researcher,TikTok,5,5.3,7,45.4,Smartphone,Night (9pm-12am),22575,334,2,19,3,4,3,Videos,Fast,0.136,Sometimes,93.12,Business/Marketing,Mild impact,5.2,Yes,Selected,Public,Yes,2022-06-29,Relaxed,Occasionally,25-34,1407,Medium,26
USR01842,13,Female,Germany,Freelancer,Pinterest,1,1.5,3,30.0,Tablet,Evening (6-9pm),1606,148,0,20,4,1,7,Stories,Medium,0.031,Yes,28.06,Learning,Mild impact,1.2,Somewhat,Off,Friends Only,No,2022-05-31,Inspired,Yes,Under 18,1436,Low,25
USR01843,22,Male,Brazil,Engineer,Twitter/X,1,1.8,10,10.8,Desktop,Evening (6-9pm),18,945,3,15,6,1,11,Stories,Fast,0.22,No,0.0,News & Updates,Mild impact,4.5,Yes,Always On,Friends Only,No,2022-04-22,Happy,No,18-24,1475,Medium,22
USR01844,27,Male,USA,Freelancer,Twitter/X,1,2.0,4,30.0,Smartphone,Evening (6-9pm),2977,76,3,16,6,1,15,Reels/Shorts,Medium,0.296,No,0.0,Socializing,No impact,6.4,Yes,Selected,Public,No,2022-12-31,Inspired,No,25-34,1222,Medium,23
USR01845,28,Male,India,Teacher,LinkedIn,1,4.2,7,36.0,Smartphone,Evening (6-9pm),37,195,5,21,1,4,9,Memes,Fast,0.151,Yes,66.83,News & Updates,Severe impact,8.3,Yes,Off,Public,No,2023-05-31,Bored,Yes,25-34,1071,High,26
USR01846,18,Male,Pakistan,Other,Snapchat,2,1.1,2,33.0,Smartphone,Evening (6-9pm),1500,45,6,19,1,2,8,Videos,Medium,0.008,No,0.0,Business/Marketing,Severe impact,6.7,Somewhat,Off,Private,No,2022-05-25,Inspired,No,18-24,1442,Medium,22
USR01847,37,Non-binary,USA,Entrepreneur,Twitter/X,3,3.4,2,102.0,Smartphone,Late Night (12am+),30,161,2,20,8,2,7,Entertainment,Slow,0.145,Sometimes,3.38,Business/Marketing,Severe impact,8.0,No,Always On,Friends Only,No,2023-04-12,Relaxed,Occasionally,35-44,1120,High,30
USR01848,20,Female,Nigeria,Freelancer,Instagram,4,2.1,5,25.2,Smartphone,Night (9pm-12am),287,32,10,21,2,4,7,Reels/Shorts,Fast,0.103,Sometimes,16.32,News & Updates,Moderate impact,6.5,Somewhat,Always On,Friends Only,No,2023-06-14,Inspired,Yes,18-24,1057,Medium,27
USR01849,34,Female,India,Freelancer,Instagram,3,6.8,10,40.8,Smartphone,Evening (6-9pm),345,599,3,13,6,3,7,Videos,Fast,0.155,Sometimes,2.88,Business/Marketing,Mild impact,6.6,Yes,Selected,Friends Only,No,2024-04-14,Neutral,Yes,25-34,752,Medium,22
USR01850,30,Female,India,Freelancer,Instagram,2,2.1,6,21.0,Tablet,Evening (6-9pm),166,613,1,24,1,1,11,Reels/Shorts,Medium,0.042,No,0.0,Business/Marketing,Moderate impact,5.8,Yes,Do Not Disturb,Public,No,2024-03-05,Stressed,No,25-34,792,Medium,26
USR01851,21,Male,UAE,Freelancer,Twitter/X,1,0.5,4,7.5,Smartphone,Afternoon (12-4pm),354,627,5,23,4,0,10,Reels/Shorts,Medium,0.14,Sometimes,6.0,Networking,Mild impact,8.1,No,Do Not Disturb,Public,No,2024-07-12,Happy,Occasionally,18-24,663,High,27
USR01852,41,Female,India,Student,TikTok,2,3.8,1,228.0,Smart TV,Late Night (12am+),4266,253,3,19,4,3,5,Reels/Shorts,Medium,0.189,No,0.0,Entertainment,Moderate impact,9.2,Yes,Selected,Friends Only,No,2024-04-08,Neutral,No,35-44,758,High,26
USR01853,17,Female,Australia,Doctor,Instagram,4,3.3,8,24.8,Smartphone,Afternoon (12-4pm),183,85,2,19,6,1,7,Videos,Medium,0.105,Sometimes,58.89,News & Updates,No impact,4.5,No,Selected,Public,No,2024-06-05,Stressed,Yes,Under 18,700,Medium,26
USR01854,34,Male,Germany,Other,YouTube,3,2.9,5,34.8,Smartphone,Late Night (12am+),1774,93,2,9,6,4,8,News,Fast,0.297,Sometimes,78.06,News & Updates,Moderate impact,6.6,Somewhat,Always On,Friends Only,No,2023-10-10,Neutral,Occasionally,25-34,939,Medium,19
USR01855,35,Non-binary,Australia,Freelancer,YouTube,1,5.2,3,104.0,Smart TV,Morning (6-10am),116,1534,6,23,6,0,9,News,Fast,0.127,No,0.0,Entertainment,Moderate impact,4.1,Somewhat,Selected,Public,No,2022-02-04,Stressed,No,35-44,1552,Medium,29
USR01856,21,Female,Pakistan,Entrepreneur,Twitter/X,5,0.7,4,10.5,Tablet,Night (9pm-12am),472,1370,1,12,3,3,8,Stories,Medium,0.072,No,0.0,Business/Marketing,No impact,9.2,Yes,Selected,Private,No,2024-03-08,Stressed,Yes,18-24,789,High,18
USR01857,38,Female,Pakistan,Marketer,YouTube,4,1.3,3,26.0,Smartphone,Afternoon (12-4pm),1191,283,2,28,5,2,6,Stories,Medium,0.063,No,0.0,Learning,Mild impact,6.5,No,Selected,Friends Only,No,2022-08-31,Inspired,Yes,35-44,1344,Medium,35
USR01858,24,Male,USA,Teacher,Instagram,1,2.5,3,50.0,Smartphone,Morning (6-10am),110,131,5,19,6,3,12,News,Slow,0.064,Sometimes,56.02,Entertainment,Moderate impact,6.2,Yes,Always On,Public,No,2024-12-31,Inspired,Occasionally,18-24,491,Medium,28
USR01859,29,Male,Pakistan,Designer,Snapchat,5,2.8,4,42.0,Smartphone,Afternoon (12-4pm),62,1264,2,22,2,1,7,Videos,Medium,0.25,No,0.0,Business/Marketing,Severe impact,4.2,Somewhat,Selected,Public,No,2022-01-13,Happy,Occasionally,25-34,1574,Medium,25
USR01860,29,Female,India,Doctor,Snapchat,4,2.3,4,34.5,Smartphone,Evening (6-9pm),1612,106,4,15,1,3,8,Memes,Fast,0.042,Sometimes,17.83,Learning,Moderate impact,5.8,No,Off,Friends Only,No,2022-05-10,Bored,Yes,25-34,1457,Medium,19
USR01861,25,Male,UK,Engineer,Snapchat,1,0.8,5,9.6,Smartphone,Morning (6-10am),5021,322,3,28,4,2,8,News,Fast,0.039,No,0.0,Entertainment,Severe impact,6.1,Yes,Do Not Disturb,Public,No,2022-04-04,Relaxed,Yes,25-34,1493,Medium,34
USR01862,33,Male,India,Doctor,Twitter/X,5,1.8,3,36.0,Smartphone,Evening (6-9pm),576,1239,3,27,2,2,5,Videos,Medium,0.136,No,0.0,Socializing,Severe impact,4.3,Somewhat,Selected,Friends Only,No,2022-05-29,Bored,No,25-34,1438,Medium,31
USR01863,33,Female,India,Doctor,Instagram,1,6.5,6,65.0,Tablet,Night (9pm-12am),292,89,3,25,7,1,6,Videos,Slow,0.045,No,0.0,Learning,Severe impact,6.5,No,Always On,Private,No,2024-01-03,Bored,Yes,25-34,854,Medium,33
USR01864,13,Male,UK,Designer,Facebook,3,1.1,4,16.5,Smartphone,Evening (6-9pm),880,661,1,17,4,1,11,Stories,Fast,0.101,No,0.0,Socializing,Mild impact,4.7,No,Do Not Disturb,Private,No,2024-10-26,Stressed,Yes,Under 18,557,Medium,22
USR01865,37,Female,Brazil,Entrepreneur,Instagram,3,2.5,6,25.0,Laptop,Evening (6-9pm),734,456,1,18,4,2,8,Reels/Shorts,Medium,0.006,No,0.0,Business/Marketing,No impact,7.0,Somewhat,Selected,Private,No,2022-08-06,Stressed,Occasionally,35-44,1369,Medium,24
USR01866,13,Male,Pakistan,Teacher,Instagram,5,3.4,6,34.0,Smartphone,Afternoon (12-4pm),1029,233,4,15,2,0,3,Reels/Shorts,Medium,0.16,Sometimes,40.2,News & Updates,Mild impact,4.4,Yes,Selected,Public,No,2023-08-17,Inspired,Occasionally,Under 18,993,Medium,17
USR01867,35,Prefer not to say,India,Freelancer,TikTok,3,4.1,5,49.2,Smartphone,Morning (6-10am),7,74,4,21,5,1,7,Videos,Medium,0.122,Yes,36.21,Business/Marketing,No impact,6.5,No,Do Not Disturb,Friends Only,No,2023-09-10,Relaxed,Yes,35-44,969,Medium,27
USR01868,36,Male,USA,Student,TikTok,3,3.8,7,32.6,Laptop,Evening (6-9pm),97,102,2,18,1,1,8,News,Medium,0.148,No,0.0,News & Updates,Mild impact,5.9,Yes,Selected,Friends Only,No,2022-06-27,Happy,No,35-44,1409,Medium,20
USR01869,18,Male,Pakistan,Researcher,TikTok,4,1.7,5,20.4,Smartphone,Morning (6-10am),145,346,4,19,9,2,7,Stories,Fast,0.058,No,0.0,Socializing,Mild impact,6.7,Yes,Selected,Friends Only,No,2023-07-31,Relaxed,No,18-24,1010,Medium,30
USR01870,23,Female,USA,Researcher,TikTok,2,1.3,6,13.0,Laptop,Evening (6-9pm),872,44,2,26,2,3,5,News,Slow,0.089,Sometimes,7.07,Socializing,Moderate impact,6.5,Yes,Always On,Friends Only,No,2024-06-15,Bored,No,18-24,690,Medium,31
USR01871,18,Female,India,Freelancer,YouTube,3,6.9,4,103.5,Tablet,Evening (6-9pm),929,286,2,18,5,1,11,News,Fast,0.131,Sometimes,6.77,Socializing,Mild impact,6.4,No,Selected,Public,No,2024-02-21,Neutral,Occasionally,18-24,805,Medium,24
USR01872,25,Female,USA,Student,LinkedIn,5,4.4,8,33.0,Smartphone,Night (9pm-12am),2090,468,3,24,1,1,10,Entertainment,Slow,0.032,No,0.0,Learning,Mild impact,4.9,Yes,Always On,Public,No,2024-03-20,Bored,No,25-34,777,Medium,26
USR01873,24,Non-binary,USA,Student,TikTok,4,2.6,11,14.2,Smartphone,Morning (6-10am),1057,798,3,14,4,1,6,Educational,Medium,0.103,No,0.0,Socializing,Severe impact,7.2,Somewhat,Always On,Private,No,2022-03-05,Happy,Yes,18-24,1523,High,19
USR01874,33,Male,Pakistan,Researcher,YouTube,5,5.8,6,58.0,Smartphone,Night (9pm-12am),63,45,2,27,2,2,8,Entertainment,Fast,0.083,Sometimes,13.54,Learning,Mild impact,6.7,Somewhat,Always On,Friends Only,No,2024-08-28,Inspired,No,25-34,616,Medium,31
USR01875,37,Female,Germany,Marketer,Instagram,3,0.7,3,14.0,Desktop,Night (9pm-12am),8996,1187,2,16,5,2,8,Reels/Shorts,Fast,0.05,Yes,25.11,Networking,Mild impact,7.3,Somewhat,Selected,Public,No,2022-11-17,Inspired,No,35-44,1266,High,23
USR01876,38,Male,UAE,Teacher,Facebook,1,0.9,4,13.5,Smartphone,Evening (6-9pm),6564,1871,2,20,6,1,4,Memes,Medium,0.249,Sometimes,84.56,Entertainment,Moderate impact,6.2,Yes,Selected,Private,No,2024-12-28,Happy,Occasionally,35-44,494,Medium,27
USR01877,22,Male,USA,Student,Facebook,1,0.5,8,3.8,Smartphone,Morning (6-10am),69,400,1,19,6,5,3,News,Fast,0.167,Yes,1.45,Entertainment,No impact,5.9,No,Selected,Public,No,2023-03-27,Bored,Yes,18-24,1136,Medium,30
USR01878,25,Male,Pakistan,Designer,Instagram,3,2.8,6,28.0,Smartphone,Late Night (12am+),1210,70,2,27,4,2,6,Videos,Fast,0.093,Yes,17.12,Learning,No impact,4.4,No,Do Not Disturb,Friends Only,No,2022-10-07,Stressed,No,25-34,1307,Medium,33
USR01879,13,Female,India,Freelancer,Instagram,1,2.9,5,34.8,Smartphone,Late Night (12am+),227,165,3,22,6,2,2,Memes,Fast,0.082,No,0.0,Networking,Moderate impact,5.0,Yes,Do Not Disturb,Public,No,2024-03-11,Happy,No,Under 18,786,Medium,30
USR01880,20,Male,India,Teacher,TikTok,2,0.8,6,8.0,Tablet,Evening (6-9pm),854,231,1,24,7,4,6,Stories,Medium,0.207,Sometimes,9.97,Networking,Mild impact,5.3,Yes,Do Not Disturb,Friends Only,No,2023-08-28,Inspired,Yes,18-24,982,Medium,35
USR01881,34,Male,UAE,Student,TikTok,5,4.3,4,64.5,Smartphone,Night (9pm-12am),4429,338,3,32,5,1,10,Photos,Medium,0.078,Sometimes,59.73,Socializing,Mild impact,7.9,No,Selected,Friends Only,No,2022-10-23,Relaxed,Occasionally,25-34,1291,High,38
USR01882,39,Male,Nigeria,Entrepreneur,Twitter/X,2,0.5,5,6.0,Smartphone,Evening (6-9pm),30766,251,1,21,0,4,9,Memes,Fast,0.171,Sometimes,17.41,Learning,Severe impact,4.0,Yes,Selected,Private,Yes,2023-09-03,Bored,No,35-44,976,Low,25
USR01883,17,Female,Pakistan,Marketer,Snapchat,4,3.2,14,13.7,Smartphone,Night (9pm-12am),2571,342,1,19,1,0,8,News,Fast,0.054,Yes,84.38,Learning,Mild impact,3.8,Yes,Off,Public,No,2024-02-04,Relaxed,Occasionally,Under 18,822,Low,20
USR01884,22,Female,UK,Entrepreneur,YouTube,3,3.7,4,55.5,Laptop,Afternoon (12-4pm),1131,219,3,23,8,4,6,Stories,Medium,0.142,Sometimes,35.46,Business/Marketing,Severe impact,6.1,No,Do Not Disturb,Private,No,2022-01-23,Inspired,No,18-24,1564,Medium,35
USR01885,26,Male,Nigeria,Student,TikTok,5,2.8,6,28.0,Smartphone,Morning (6-10am),360,336,4,21,1,2,8,Entertainment,Medium,0.124,Sometimes,78.31,Networking,No impact,4.8,No,Do Not Disturb,Private,No,2022-10-17,Neutral,Occasionally,25-34,1297,Medium,24
USR01886,29,Female,Australia,Designer,Instagram,3,0.7,2,21.0,Smart TV,Late Night (12am+),923,140,7,26,5,1,9,Educational,Medium,0.134,No,0.0,Entertainment,Mild impact,5.5,Somewhat,Always On,Public,No,2022-09-10,Relaxed,Occasionally,25-34,1334,Medium,32
USR01887,20,Female,Pakistan,Engineer,LinkedIn,3,5.2,5,62.4,Laptop,Morning (6-10am),7689,163,2,15,5,3,10,Educational,Medium,0.164,No,0.0,Entertainment,Moderate impact,5.4,Yes,Selected,Public,No,2022-03-27,Happy,Occasionally,18-24,1501,Medium,23
USR01888,30,Female,Nigeria,Entrepreneur,TikTok,2,1.8,5,21.6,Smartphone,Evening (6-9pm),613,122,3,17,2,1,3,Videos,Slow,0.146,Sometimes,82.06,Entertainment,No impact,5.1,Yes,Selected,Private,No,2022-01-11,Bored,Occasionally,25-34,1576,Medium,20
USR01889,23,Male,UAE,Freelancer,Facebook,1,1.8,4,27.0,Smartphone,Evening (6-9pm),134,2442,2,18,3,1,10,Educational,Medium,0.29,Yes,12.46,Entertainment,Mild impact,4.8,Somewhat,Selected,Friends Only,No,2024-03-18,Bored,Yes,18-24,779,Medium,22
USR01890,26,Female,Nigeria,Designer,Instagram,1,1.5,3,30.0,Tablet,Morning (6-10am),36,1417,4,22,4,1,7,Photos,Fast,0.077,Sometimes,63.88,Socializing,Moderate impact,4.5,No,Selected,Private,No,2022-06-24,Stressed,Occasionally,25-34,1412,Medium,27
USR01891,31,Female,Canada,Marketer,Instagram,5,3.9,6,39.0,Laptop,Afternoon (12-4pm),1674,476,1,23,5,0,5,Videos,Medium,0.152,Sometimes,64.15,Learning,Moderate impact,5.5,Somewhat,Selected,Private,No,2023-09-17,Stressed,Occasionally,25-34,962,Medium,28
USR01892,27,Non-binary,UAE,Researcher,Instagram,5,1.7,5,20.4,Smartphone,Late Night (12am+),1038,1200,3,17,4,2,4,Photos,Fast,0.029,No,0.0,News & Updates,No impact,3.6,No,Selected,Public,No,2023-03-07,Bored,Yes,25-34,1156,Low,23
USR01893,23,Female,Nigeria,Teacher,YouTube,5,1.0,7,8.6,Smartphone,Afternoon (12-4pm),207,637,6,20,3,2,9,Educational,Slow,0.303,Sometimes,9.66,News & Updates,Mild impact,7.3,No,Do Not Disturb,Public,No,2023-12-06,Neutral,No,18-24,882,High,25
USR01894,26,Non-binary,Canada,Teacher,Facebook,4,4.6,8,34.5,Laptop,Evening (6-9pm),4216,304,1,17,1,0,4,News,Medium,0.072,No,0.0,Socializing,Mild impact,4.6,Yes,Selected,Friends Only,No,2023-03-10,Inspired,Occasionally,25-34,1153,Medium,18
USR01895,26,Male,India,Other,TikTok,1,2.4,6,24.0,Smartphone,Evening (6-9pm),311,40,4,21,3,2,8,News,Fast,0.036,No,0.0,Business/Marketing,Moderate impact,7.0,No,Do Not Disturb,Friends Only,No,2024-04-25,Inspired,No,25-34,741,Medium,26
USR01896,24,Female,UAE,Student,Twitter/X,4,4.7,5,56.4,Desktop,Night (9pm-12am),521,178,3,22,4,0,7,Reels/Shorts,Slow,0.173,Sometimes,37.14,News & Updates,No impact,5.0,No,Selected,Friends Only,No,2024-11-15,Stressed,Occasionally,18-24,537,Medium,26
USR01897,24,Male,Australia,Freelancer,Twitter/X,5,2.6,8,19.5,Smartphone,Afternoon (12-4pm),645,163,3,17,2,4,8,Photos,Slow,0.208,Sometimes,122.99,Socializing,Mild impact,8.1,Yes,Selected,Friends Only,No,2022-10-19,Bored,Occasionally,18-24,1295,High,23
USR01898,39,Male,India,Marketer,Twitter/X,2,1.5,9,10.0,Tablet,Evening (6-9pm),353,62,2,24,5,3,6,Videos,Medium,0.347,No,0.0,News & Updates,No impact,6.3,Yes,Selected,Public,No,2022-11-26,Inspired,No,35-44,1257,Medium,32
USR01899,31,Female,Australia,Engineer,Facebook,5,0.6,3,12.0,Smartphone,Afternoon (12-4pm),1016,41,3,27,8,2,6,News,Medium,0.094,No,0.0,Learning,Mild impact,4.3,Yes,Do Not Disturb,Public,No,2023-01-12,Happy,Occasionally,25-34,1210,Medium,37
USR01900,24,Male,USA,Student,Instagram,2,2.8,5,33.6,Smartphone,Late Night (12am+),5285,441,4,21,1,2,5,Entertainment,Medium,0.126,No,0.0,Entertainment,No impact,10.0,Yes,Selected,Public,No,2023-03-29,Neutral,Occasionally,18-24,1134,High,24
USR01901,32,Non-binary,India,Marketer,TikTok,1,2.0,2,60.0,Smartphone,Morning (6-10am),85,361,1,22,1,1,9,Reels/Shorts,Fast,0.202,Sometimes,56.12,News & Updates,Mild impact,5.4,Yes,Do Not Disturb,Public,No,2023-06-02,Bored,Yes,25-34,1069,Medium,24
USR01902,24,Male,UAE,Engineer,YouTube,3,4.0,6,40.0,Smartphone,Morning (6-10am),1602,60,3,13,3,2,10,Photos,Medium,0.338,Yes,18.13,Business/Marketing,Mild impact,5.2,No,Off,Friends Only,No,2023-02-02,Inspired,Yes,18-24,1189,Medium,18
USR01903,36,Male,UK,Student,Snapchat,3,1.7,9,11.3,Smartphone,Night (9pm-12am),906,99,4,9,0,0,11,Reels/Shorts,Slow,0.151,Sometimes,9.58,News & Updates,Moderate impact,5.3,Somewhat,Selected,Public,No,2022-08-23,Inspired,No,35-44,1352,Medium,9
USR01904,29,Female,USA,Designer,Instagram,5,3.3,5,39.6,Smartphone,Afternoon (12-4pm),877,985,4,19,6,1,6,Educational,Fast,0.111,Yes,1.14,Networking,No impact,6.9,No,Always On,Friends Only,No,2023-01-07,Bored,No,25-34,1215,Medium,26
USR01905,26,Female,UAE,Freelancer,Twitter/X,1,2.5,7,21.4,Laptop,Evening (6-9pm),3194,85,3,21,4,1,6,Memes,Medium,0.069,Sometimes,49.67,Business/Marketing,Moderate impact,3.6,No,Selected,Friends Only,No,2022-04-22,Stressed,Occasionally,25-34,1475,Low,26
USR01906,30,Female,India,Researcher,YouTube,2,1.4,7,12.0,Smartphone,Morning (6-10am),726,300,2,22,10,2,5,News,Fast,0.016,Yes,17.0,News & Updates,Mild impact,6.4,Yes,Always On,Friends Only,No,2024-08-02,Happy,Yes,25-34,642,Medium,34
USR01907,14,Female,UK,Freelancer,Instagram,3,1.8,3,36.0,Smartphone,Evening (6-9pm),1578,194,4,13,1,2,6,Photos,Medium,0.081,No,0.0,News & Updates,Moderate impact,3.2,Somewhat,Do Not Disturb,Public,No,2022-05-30,Inspired,No,Under 18,1437,Low,16
USR01908,17,Female,Nigeria,Student,Twitter/X,3,0.9,5,10.8,Smartphone,Late Night (12am+),2412,449,6,22,2,2,11,Entertainment,Fast,0.183,Sometimes,141.17,Business/Marketing,Mild impact,6.1,No,Do Not Disturb,Friends Only,No,2023-08-19,Neutral,Occasionally,Under 18,991,Medium,26
USR01909,17,Male,India,Engineer,Instagram,1,7.1,5,85.2,Smartphone,Late Night (12am+),268,87,3,16,2,5,7,News,Medium,0.104,Sometimes,0.17,Business/Marketing,Severe impact,8.2,No,Do Not Disturb,Friends Only,No,2022-05-18,Stressed,Occasionally,Under 18,1449,High,23
USR01910,28,Non-binary,UAE,Freelancer,Twitter/X,2,3.2,4,48.0,Smartphone,Evening (6-9pm),1139,272,7,21,5,0,6,Educational,Fast,0.022,Yes,11.28,Socializing,No impact,5.2,Yes,Off,Public,No,2023-05-29,Inspired,Occasionally,25-34,1073,Medium,26
USR01911,40,Female,Australia,Other,Twitter/X,3,0.8,5,9.6,Smartphone,Morning (6-10am),423,299,3,16,3,3,9,Videos,Fast,0.02,No,0.0,Socializing,Mild impact,7.8,Somewhat,Do Not Disturb,Public,No,2022-07-21,Inspired,Yes,35-44,1385,High,22
USR01912,44,Male,India,Researcher,Facebook,1,6.9,4,103.5,Laptop,Evening (6-9pm),523,322,2,23,8,1,12,News,Medium,0.252,No,0.0,Entertainment,Mild impact,3.2,Yes,Off,Private,No,2023-02-09,Relaxed,Yes,35-44,1182,Low,32
USR01913,32,Male,Canada,Researcher,Instagram,1,1.1,8,8.2,Smartphone,Night (9pm-12am),372,269,2,22,3,1,6,News,Fast,0.166,No,0.0,Learning,Mild impact,5.1,No,Do Not Disturb,Friends Only,No,2024-09-24,Bored,No,25-34,589,Medium,26
USR01914,31,Male,Canada,Doctor,TikTok,4,1.6,7,13.7,Smartphone,Evening (6-9pm),1553,370,5,20,2,0,16,Educational,Fast,0.17,Sometimes,66.73,News & Updates,Moderate impact,4.0,Yes,Selected,Public,No,2023-11-09,Inspired,Occasionally,25-34,909,Low,22
USR01915,13,Female,UAE,Researcher,Twitter/X,1,2.1,6,21.0,Smartphone,Late Night (12am+),770,3395,4,21,5,2,3,Reels/Shorts,Fast,0.078,Yes,43.53,News & Updates,No impact,9.6,Somewhat,Always On,Friends Only,No,2024-01-02,Happy,No,Under 18,855,High,28
USR01916,22,Male,Pakistan,Marketer,Instagram,3,2.5,7,21.4,Smartphone,Night (9pm-12am),1353,5289,1,19,3,0,6,News,Fast,0.1,Yes,43.78,Learning,Mild impact,5.5,No,Always On,Friends Only,No,2022-09-20,Inspired,Yes,18-24,1324,Medium,22
USR01917,20,Male,USA,Researcher,Instagram,2,3.9,10,23.4,Smartphone,Late Night (12am+),644,113,3,12,1,4,9,Memes,Medium,0.033,Yes,0.16,Entertainment,Mild impact,5.0,Yes,Do Not Disturb,Public,No,2023-04-26,Bored,No,18-24,1106,Medium,17
USR01918,22,Female,India,Marketer,Facebook,1,0.5,4,7.5,Smartphone,Afternoon (12-4pm),37,15,1,20,7,1,6,Reels/Shorts,Medium,0.065,Yes,12.34,Socializing,Mild impact,5.7,Yes,Always On,Private,No,2022-07-24,Bored,Occasionally,18-24,1382,Medium,28
USR01919,25,Male,Pakistan,Freelancer,Instagram,3,2.6,9,17.3,Smartphone,Evening (6-9pm),703,499,5,30,3,2,5,News,Fast,0.023,Yes,20.35,Entertainment,Mild impact,6.2,Yes,Selected,Friends Only,No,2023-08-07,Relaxed,Yes,25-34,1003,Medium,35
USR01920,23,Non-binary,India,Marketer,Twitter/X,4,2.1,9,14.0,Laptop,Night (9pm-12am),745,305,4,16,4,4,7,Stories,Slow,0.213,Sometimes,25.67,News & Updates,No impact,5.5,Yes,Selected,Friends Only,No,2022-05-23,Inspired,No,18-24,1444,Medium,24
USR01921,13,Female,Pakistan,Engineer,YouTube,2,2.8,9,18.7,Desktop,Night (9pm-12am),1029,874,0,23,2,2,8,Videos,Medium,0.053,Yes,20.53,News & Updates,Mild impact,4.1,No,Always On,Private,No,2023-02-01,Relaxed,Occasionally,Under 18,1190,Medium,27
USR01922,32,Male,Brazil,Researcher,Twitter/X,5,2.0,3,40.0,Smartphone,Afternoon (12-4pm),228,344,2,26,5,1,4,Videos,Medium,0.022,Yes,20.07,Learning,No impact,8.6,Yes,Off,Public,No,2023-10-13,Neutral,Yes,25-34,936,High,32
USR01923,18,Male,UAE,Marketer,Twitter/X,5,1.8,3,36.0,Tablet,Night (9pm-12am),77,262,2,17,5,2,7,Entertainment,Fast,0.119,No,0.0,News & Updates,Moderate impact,8.2,Yes,Do Not Disturb,Private,No,2024-09-22,Inspired,No,18-24,591,High,24
USR01924,28,Female,Brazil,Engineer,Twitter/X,1,2.3,8,17.2,Smartphone,Evening (6-9pm),2047,948,3,13,1,0,6,Videos,Fast,0.492,Sometimes,122.27,Entertainment,Mild impact,6.8,No,Selected,Friends Only,No,2024-07-11,Relaxed,Yes,25-34,664,Medium,14
USR01925,43,Male,Canada,Entrepreneur,Instagram,5,6.7,6,67.0,Laptop,Night (9pm-12am),406,1121,6,16,1,0,10,Photos,Fast,0.113,Sometimes,65.71,Learning,Mild impact,6.7,Yes,Off,Friends Only,No,2023-11-04,Neutral,Yes,35-44,914,Medium,17
USR01926,19,Female,India,Doctor,Twitter/X,2,1.8,9,12.0,Smartphone,Night (9pm-12am),905,46,3,22,4,3,8,Stories,Fast,0.182,Sometimes,41.12,Socializing,No impact,6.6,Somewhat,Selected,Friends Only,No,2023-09-19,Happy,Occasionally,18-24,960,Medium,29
USR01927,13,Female,India,Freelancer,YouTube,2,5.1,2,153.0,Smartphone,Evening (6-9pm),400,91,3,24,8,1,4,Photos,Medium,0.119,Yes,46.65,Business/Marketing,No impact,5.4,Yes,Do Not Disturb,Public,No,2022-11-09,Inspired,Yes,Under 18,1274,Medium,33
USR01928,24,Female,UAE,Designer,YouTube,3,2.7,6,27.0,Laptop,Night (9pm-12am),657,215,3,22,2,1,9,Photos,Medium,0.083,Yes,46.79,Business/Marketing,No impact,5.2,No,Do Not Disturb,Public,No,2024-01-17,Bored,Occasionally,18-24,840,Medium,25
USR01929,35,Male,Germany,Marketer,TikTok,5,2.7,2,81.0,Laptop,Night (9pm-12am),296,275,3,20,5,3,9,Photos,Medium,0.035,No,0.0,Socializing,Moderate impact,9.1,Yes,Always On,Friends Only,No,2023-10-10,Relaxed,Occasionally,35-44,939,High,28
USR01930,42,Male,UK,Other,YouTube,5,2.8,9,18.7,Smartphone,Night (9pm-12am),116,186,2,24,4,1,6,Photos,Fast,0.221,Yes,2.01,News & Updates,Mild impact,7.3,No,Do Not Disturb,Private,No,2024-05-27,Bored,No,35-44,709,High,29
USR01931,17,Male,Nigeria,Freelancer,YouTube,3,3.4,6,34.0,Smartphone,Afternoon (12-4pm),1560,412,1,16,2,2,7,Entertainment,Fast,0.096,Sometimes,2.72,Entertainment,Mild impact,3.8,No,Do Not Disturb,Public,No,2022-12-12,Bored,No,Under 18,1241,Low,20
USR01932,30,Female,UAE,Marketer,Facebook,5,1.9,1,114.0,Smartphone,Night (9pm-12am),224,808,1,19,8,0,6,Reels/Shorts,Fast,0.126,Sometimes,3.59,Business/Marketing,Moderate impact,5.4,Yes,Selected,Public,No,2022-01-10,Neutral,Occasionally,25-34,1577,Medium,27
USR01933,23,Male,India,Teacher,Instagram,5,4.9,3,98.0,Smartphone,Evening (6-9pm),893,1933,2,21,2,2,6,Videos,Fast,0.03,Yes,84.74,Business/Marketing,No impact,7.1,Yes,Selected,Public,No,2023-10-04,Neutral,No,18-24,945,High,25
USR01934,26,Male,Pakistan,Marketer,TikTok,2,3.4,4,51.0,Smartphone,Afternoon (12-4pm),1392,490,1,21,4,3,7,Entertainment,Fast,0.023,No,0.0,Entertainment,No impact,6.9,Somewhat,Always On,Friends Only,No,2023-05-20,Happy,Yes,25-34,1082,Medium,28
USR01935,48,Female,Australia,Engineer,Instagram,5,0.9,4,13.5,Desktop,Late Night (12am+),231,87,4,24,6,2,6,Entertainment,Fast,0.062,Sometimes,21.26,Learning,Moderate impact,7.2,Yes,Selected,Friends Only,No,2023-03-30,Stressed,No,45+,1133,High,32
USR01936,14,Non-binary,India,Freelancer,Pinterest,5,0.5,6,5.0,Smartphone,Afternoon (12-4pm),76,205,5,18,2,1,13,Educational,Slow,0.191,Sometimes,51.47,Networking,No impact,3.5,Yes,Selected,Public,No,2024-06-12,Happy,No,Under 18,693,Low,21
USR01937,29,Female,India,Freelancer,LinkedIn,5,6.6,8,49.5,Smartphone,Late Night (12am+),52415,223,5,23,6,4,15,Videos,Slow,0.016,Sometimes,8.7,Networking,No impact,6.8,Yes,Off,Public,Yes,2023-07-21,Stressed,Occasionally,25-34,1020,Medium,33
USR01938,30,Male,UK,Student,Instagram,4,2.9,5,34.8,Smartphone,Late Night (12am+),257,453,2,18,5,1,9,Entertainment,Fast,0.048,Sometimes,57.22,Learning,Mild impact,8.2,No,Do Not Disturb,Friends Only,No,2024-01-07,Stressed,No,25-34,850,High,24
USR01939,35,Male,Brazil,Freelancer,LinkedIn,5,0.8,11,4.4,Smartphone,Morning (6-10am),2042,389,4,15,2,1,15,Entertainment,Fast,0.063,No,0.0,Business/Marketing,Severe impact,3.5,Yes,Selected,Friends Only,No,2022-10-03,Bored,Occasionally,35-44,1311,Low,18
USR01940,27,Male,UAE,Doctor,Instagram,4,1.8,9,12.0,Smartphone,Evening (6-9pm),21829,2865,2,26,2,4,11,Stories,Fast,0.084,Sometimes,35.22,Learning,No impact,9.3,Yes,Always On,Private,Yes,2023-11-11,Relaxed,No,25-34,907,High,32
USR01941,29,Male,India,Student,TikTok,4,4.4,5,52.8,Smartphone,Night (9pm-12am),2756,140,4,24,2,1,7,Photos,Fast,0.141,Sometimes,153.24,Networking,No impact,6.8,No,Do Not Disturb,Friends Only,No,2024-09-09,Stressed,No,25-34,604,Medium,27
USR01942,23,Female,Canada,Teacher,YouTube,5,2.2,4,33.0,Tablet,Afternoon (12-4pm),387,388,4,22,5,1,5,Reels/Shorts,Slow,0.101,No,0.0,News & Updates,Severe impact,6.4,Yes,Selected,Friends Only,No,2024-08-05,Neutral,Occasionally,18-24,639,Medium,28
USR01943,29,Female,Canada,Marketer,YouTube,3,2.4,3,48.0,Smartphone,Night (9pm-12am),589,4128,7,16,5,1,10,Reels/Shorts,Fast,0.071,No,0.0,Entertainment,Mild impact,4.5,Yes,Off,Private,No,2024-07-01,Bored,Yes,25-34,674,Medium,22
USR01944,24,Male,UAE,Researcher,Pinterest,5,3.9,12,19.5,Smartphone,Evening (6-9pm),148,121,2,17,5,0,8,Stories,Fast,0.275,Sometimes,51.1,Entertainment,No impact,5.1,Somewhat,Always On,Private,No,2024-01-05,Neutral,No,18-24,852,Medium,22
USR01945,31,Non-binary,USA,Marketer,Facebook,4,3.1,5,37.2,Smart TV,Night (9pm-12am),3252,291,2,23,7,3,12,Videos,Medium,0.222,Sometimes,20.63,News & Updates,No impact,5.5,Yes,Always On,Private,No,2023-09-18,Bored,Yes,25-34,961,Medium,33
USR01946,24,Female,India,Student,Twitter/X,5,3.6,12,18.0,Smartphone,Afternoon (12-4pm),1843,78,9,27,6,0,4,Memes,Medium,0.033,No,0.0,Networking,Mild impact,3.6,No,Selected,Private,No,2024-09-24,Inspired,No,18-24,589,Low,33
USR01947,30,Female,USA,Other,Pinterest,3,3.9,4,58.5,Tablet,Late Night (12am+),263,270,4,25,2,3,9,Videos,Medium,0.348,No,0.0,Networking,No impact,5.6,Somewhat,Off,Friends Only,No,2022-08-11,Inspired,Yes,25-34,1364,Medium,30
USR01948,26,Female,Pakistan,Other,TikTok,3,1.5,5,18.0,Smartphone,Evening (6-9pm),101,95,5,26,3,1,11,News,Medium,0.108,Yes,30.57,Socializing,Moderate impact,4.6,No,Always On,Private,No,2022-12-26,Neutral,Occasionally,25-34,1227,Medium,30
USR01949,36,Male,Australia,Freelancer,Snapchat,1,1.6,3,32.0,Smartphone,Afternoon (12-4pm),61,859,1,25,4,4,3,Entertainment,Fast,0.223,Sometimes,26.09,Socializing,Mild impact,7.4,Yes,Always On,Public,No,2022-06-17,Relaxed,No,35-44,1419,High,33
USR01950,26,Male,Pakistan,Entrepreneur,LinkedIn,2,1.4,3,28.0,Desktop,Morning (6-10am),3927,292,0,21,5,2,8,Stories,Fast,0.109,No,0.0,Business/Marketing,Moderate impact,1.0,Yes,Off,Friends Only,No,2023-07-29,Happy,No,25-34,1012,Low,28
USR01951,13,Male,India,Designer,TikTok,5,1.7,5,20.4,Smart TV,Evening (6-9pm),826,79,4,15,4,0,8,Educational,Medium,0.074,No,0.0,Socializing,Mild impact,5.8,Somewhat,Always On,Public,No,2022-10-14,Neutral,Yes,Under 18,1300,Medium,19
USR01952,37,Male,UAE,Other,Facebook,1,2.3,3,46.0,Smartphone,Evening (6-9pm),979,670,3,17,3,0,12,Videos,Slow,0.183,No,0.0,Business/Marketing,Mild impact,4.5,Somewhat,Selected,Friends Only,No,2023-02-07,Bored,Yes,35-44,1184,Medium,20
USR01953,19,Male,Pakistan,Teacher,Facebook,1,2.4,8,18.0,Tablet,Night (9pm-12am),151,303,1,20,3,0,11,Reels/Shorts,Medium,0.266,Sometimes,56.23,Business/Marketing,Severe impact,6.2,Somewhat,Always On,Friends Only,No,2023-06-24,Inspired,Yes,18-24,1047,Medium,23
USR01954,21,Male,India,Researcher,Twitter/X,1,5.7,6,57.0,Smartphone,Evening (6-9pm),47,767,6,20,4,2,5,Reels/Shorts,Fast,0.256,No,0.0,Business/Marketing,No impact,10.0,No,Always On,Public,No,2022-06-06,Neutral,Occasionally,18-24,1430,High,26
USR01955,22,Male,Pakistan,Doctor,Facebook,3,3.0,4,45.0,Smartphone,Afternoon (12-4pm),3761,61,1,24,4,2,6,Photos,Fast,0.162,Yes,36.29,News & Updates,No impact,9.2,Yes,Always On,Public,No,2022-06-04,Stressed,Occasionally,18-24,1432,High,30
USR01956,37,Female,UAE,Teacher,TikTok,5,2.3,2,69.0,Laptop,Morning (6-10am),717,380,0,18,4,0,9,News,Medium,0.11,Sometimes,15.89,News & Updates,Severe impact,5.3,No,Do Not Disturb,Friends Only,No,2022-02-08,Neutral,Occasionally,35-44,1548,Medium,22
USR01957,13,Male,Australia,Entrepreneur,Instagram,5,1.1,8,8.2,Smartphone,Afternoon (12-4pm),3405,618,1,21,1,0,6,Entertainment,Slow,0.397,Yes,35.18,Socializing,No impact,5.9,No,Do Not Disturb,Friends Only,No,2024-11-04,Inspired,Occasionally,Under 18,548,Medium,22
USR01958,52,Male,Brazil,Teacher,Twitter/X,5,2.0,7,17.1,Smartphone,Evening (6-9pm),332,147,1,15,4,3,13,Photos,Fast,0.092,Yes,51.35,News & Updates,Moderate impact,4.7,No,Always On,Friends Only,No,2022-03-05,Stressed,No,45+,1523,Medium,22
USR01959,35,Male,India,Student,Twitter/X,4,6.9,3,138.0,Smartphone,Late Night (12am+),434,54,6,9,6,3,8,Photos,Medium,0.071,Yes,7.55,News & Updates,Moderate impact,5.9,No,Always On,Public,No,2024-04-09,Bored,Occasionally,35-44,757,Medium,18
USR01960,28,Male,Pakistan,Marketer,YouTube,2,6.8,3,136.0,Tablet,Morning (6-10am),2401,232,3,13,3,2,11,Educational,Medium,0.159,No,0.0,Networking,Mild impact,7.5,Yes,Off,Friends Only,No,2023-03-12,Relaxed,No,25-34,1151,High,18
USR01961,26,Female,Canada,Teacher,TikTok,4,2.0,8,15.0,Smartphone,Afternoon (12-4pm),2485,1068,2,18,5,3,5,Educational,Slow,0.27,No,0.0,Networking,Moderate impact,3.8,No,Selected,Private,No,2022-03-17,Stressed,Occasionally,25-34,1511,Low,26
USR01962,29,Male,India,Entrepreneur,Instagram,3,0.6,5,7.2,Laptop,Night (9pm-12am),2795,944,7,21,4,1,8,News,Fast,0.307,Sometimes,113.8,Networking,No impact,9.0,No,Do Not Disturb,Private,No,2023-06-18,Inspired,No,25-34,1053,High,26
USR01963,31,Male,Canada,Teacher,Instagram,1,1.8,6,18.0,Smartphone,Evening (6-9pm),390,146,4,22,4,3,3,News,Medium,0.048,Yes,7.08,Socializing,Moderate impact,7.8,Yes,Always On,Public,No,2024-08-24,Neutral,Yes,25-34,620,High,29
USR01964,32,Female,India,Entrepreneur,TikTok,1,5.7,9,38.0,Smartphone,Night (9pm-12am),2010,52,2,17,3,3,11,Reels/Shorts,Slow,0.238,Sometimes,22.44,Socializing,Moderate impact,7.8,Yes,Always On,Private,No,2022-11-01,Neutral,Yes,25-34,1282,High,23
USR01965,31,Male,Pakistan,Entrepreneur,Facebook,4,2.3,4,34.5,Desktop,Afternoon (12-4pm),4897,145,2,10,0,1,6,News,Fast,0.241,Yes,16.36,Learning,No impact,6.9,Somewhat,Selected,Friends Only,No,2024-01-20,Stressed,Yes,25-34,837,Medium,11
USR01966,27,Female,India,Designer,Twitter/X,3,3.9,5,46.8,Smartphone,Evening (6-9pm),550,139,3,25,2,4,12,Photos,Medium,0.128,No,0.0,Networking,Mild impact,4.6,Yes,Selected,Private,No,2024-03-14,Bored,Yes,25-34,783,Medium,31
USR01967,25,Male,India,Entrepreneur,Twitter/X,2,2.5,6,25.0,Smartphone,Morning (6-10am),263,418,1,27,5,0,5,Reels/Shorts,Fast,0.326,Sometimes,45.95,Networking,Severe impact,8.0,Somewhat,Selected,Public,No,2023-04-03,Inspired,No,25-34,1129,High,32
USR01968,25,Male,USA,Teacher,Snapchat,2,0.8,7,6.9,Smartphone,Late Night (12am+),7457,215,1,26,1,3,8,Videos,Medium,0.233,No,0.0,Entertainment,Severe impact,5.6,No,Do Not Disturb,Friends Only,No,2023-08-19,Happy,No,25-34,991,Medium,30
USR01969,25,Male,UAE,Teacher,TikTok,1,2.5,3,50.0,Smartphone,Morning (6-10am),204,99,2,16,3,1,5,Memes,Fast,0.107,Sometimes,53.02,Socializing,Severe impact,3.2,No,Selected,Public,No,2022-10-02,Relaxed,No,25-34,1312,Low,20
USR01970,36,Male,India,Other,TikTok,1,4.2,4,63.0,Smartphone,Afternoon (12-4pm),2065,920,3,26,4,2,10,Entertainment,Medium,0.121,No,0.0,Business/Marketing,Moderate impact,6.3,No,Selected,Friends Only,No,2024-08-09,Happy,No,35-44,635,Medium,32
USR01971,31,Female,Germany,Marketer,TikTok,5,1.6,4,24.0,Smartphone,Night (9pm-12am),598,289,3,13,3,2,9,Stories,Medium,0.127,Sometimes,15.58,News & Updates,No impact,4.1,No,Always On,Friends Only,No,2024-10-23,Stressed,Yes,25-34,560,Medium,18
USR01972,13,Non-binary,Pakistan,Teacher,LinkedIn,4,4.2,1,252.0,Tablet,Evening (6-9pm),24,412,6,22,4,3,8,Stories,Medium,0.046,No,0.0,Socializing,Mild impact,5.1,Somewhat,Selected,Friends Only,No,2024-11-11,Stressed,Yes,Under 18,541,Medium,29
USR01973,32,Male,Nigeria,Freelancer,YouTube,1,2.7,5,32.4,Laptop,Late Night (12am+),5071,30,8,26,6,2,13,Entertainment,Fast,0.08,No,0.0,Business/Marketing,Moderate impact,7.5,Yes,Always On,Public,No,2022-07-05,Bored,No,25-34,1401,High,34
USR01974,28,Female,USA,Marketer,Instagram,3,4.0,4,60.0,Smartphone,Evening (6-9pm),4,13,2,18,6,2,12,News,Fast,0.02,Yes,107.64,Learning,No impact,6.0,Yes,Selected,Friends Only,No,2024-03-23,Happy,Yes,25-34,774,Medium,26
USR01975,26,Female,Pakistan,Doctor,YouTube,2,3.1,1,186.0,Desktop,Evening (6-9pm),18,43,2,25,4,3,12,Photos,Fast,0.176,Yes,9.35,Networking,Moderate impact,6.1,Yes,Always On,Friends Only,No,2024-01-16,Relaxed,Yes,25-34,841,Medium,32
USR01976,23,Male,USA,Other,TikTok,2,1.2,3,24.0,Smartphone,Night (9pm-12am),1718,137,2,17,5,1,6,Entertainment,Medium,0.106,No,0.0,Learning,Moderate impact,8.3,Yes,Selected,Private,No,2024-10-25,Bored,Yes,18-24,558,High,23
USR01977,35,Non-binary,UK,Entrepreneur,YouTube,3,2.0,7,17.1,Tablet,Afternoon (12-4pm),1717,488,1,22,3,2,10,Photos,Fast,0.024,No,0.0,Socializing,Moderate impact,2.1,Somewhat,Selected,Friends Only,No,2022-01-22,Stressed,Occasionally,35-44,1565,Low,27
USR01978,34,Prefer not to say,Canada,Doctor,Snapchat,2,2.0,1,120.0,Smartphone,Evening (6-9pm),211,14,3,20,0,2,8,Videos,Fast,0.131,Sometimes,65.96,Networking,Mild impact,8.2,Yes,Selected,Public,No,2023-05-05,Happy,Yes,25-34,1097,High,22
USR01979,20,Female,Germany,Engineer,Instagram,4,1.6,9,10.7,Desktop,Afternoon (12-4pm),867,1654,1,21,5,0,9,Stories,Medium,0.161,Sometimes,35.95,News & Updates,Moderate impact,6.5,Yes,Do Not Disturb,Friends Only,No,2022-12-06,Stressed,Occasionally,18-24,1247,Medium,26
USR01980,30,Male,Germany,Teacher,Instagram,3,3.0,5,36.0,Desktop,Afternoon (12-4pm),6,300,4,14,8,3,5,News,Medium,0.039,Sometimes,34.72,Networking,No impact,6.1,No,Off,Friends Only,No,2024-11-18,Happy,No,25-34,534,Medium,25
USR01981,19,Female,Germany,Other,Instagram,5,7.6,4,114.0,Smartphone,Afternoon (12-4pm),2374,1251,4,20,3,1,5,Entertainment,Fast,0.12,No,0.0,Socializing,Mild impact,6.1,Yes,Selected,Private,No,2022-10-15,Inspired,Yes,18-24,1299,Medium,24
USR01982,15,Female,Pakistan,Teacher,Instagram,2,4.9,1,294.0,Tablet,Evening (6-9pm),1042,84,4,20,4,1,4,Photos,Medium,0.091,No,0.0,Socializing,Moderate impact,7.4,Somewhat,Always On,Friends Only,No,2024-07-02,Relaxed,Occasionally,Under 18,673,High,25
USR01983,21,Male,USA,Marketer,Facebook,4,5.3,6,53.0,Smart TV,Morning (6-10am),612,447,2,26,4,1,6,Stories,Medium,0.01,Yes,119.63,Networking,Moderate impact,8.0,Yes,Selected,Private,No,2022-11-23,Bored,No,18-24,1260,High,31
USR01984,33,Female,Australia,Freelancer,YouTube,1,1.5,6,15.0,Tablet,Morning (6-10am),690,271,1,18,2,2,7,Reels/Shorts,Medium,0.274,No,0.0,Business/Marketing,Mild impact,5.8,Yes,Always On,Public,No,2023-01-02,Bored,Occasionally,25-34,1220,Medium,22
USR01985,34,Female,Canada,Student,Instagram,3,5.3,2,159.0,Smartphone,Night (9pm-12am),1616,652,2,24,3,4,6,Reels/Shorts,Fast,0.048,Yes,2.88,Learning,Severe impact,6.0,No,Selected,Private,No,2022-10-27,Stressed,No,25-34,1287,Medium,31
USR01986,31,Female,Brazil,Researcher,YouTube,1,6.4,3,128.0,Smartphone,Morning (6-10am),631,184,2,19,2,5,14,Stories,Slow,0.291,No,0.0,Business/Marketing,No impact,7.3,No,Selected,Friends Only,No,2024-09-17,Neutral,Yes,25-34,596,High,26
USR01987,32,Male,UAE,Engineer,TikTok,5,1.5,5,18.0,Desktop,Evening (6-9pm),22,431,5,23,1,1,7,Videos,Medium,0.03,No,0.0,Business/Marketing,Moderate impact,2.4,Yes,Selected,Friends Only,No,2024-01-05,Stressed,Yes,25-34,852,Low,25
USR01988,31,Female,Pakistan,Student,TikTok,1,3.3,7,28.3,Smartphone,Evening (6-9pm),34661,918,3,13,5,1,7,Educational,Slow,0.114,Yes,23.72,Entertainment,Moderate impact,6.0,No,Selected,Public,Yes,2022-03-24,Happy,Occasionally,25-34,1504,Medium,19
USR01989,21,Male,Canada,Engineer,Instagram,2,3.4,5,40.8,Smartphone,Morning (6-10am),5775,112,2,16,2,1,8,Photos,Fast,0.167,Sometimes,35.81,Entertainment,Mild impact,7.1,Yes,Selected,Public,No,2023-03-25,Bored,Occasionally,18-24,1138,High,19
USR01990,30,Male,India,Other,Snapchat,2,2.1,5,25.2,Smartphone,Late Night (12am+),65,327,6,24,4,3,10,Stories,Slow,0.066,Sometimes,175.48,Networking,Mild impact,5.3,Yes,Selected,Friends Only,No,2024-09-25,Stressed,Occasionally,25-34,588,Medium,31
USR01991,33,Female,USA,Freelancer,Instagram,2,2.8,6,28.0,Smartphone,Night (9pm-12am),357,25,4,31,2,4,13,Videos,Slow,0.116,Yes,43.06,News & Updates,No impact,4.8,No,Always On,Private,No,2023-04-20,Bored,Yes,25-34,1112,Medium,37
USR01992,33,Male,USA,Entrepreneur,Twitter/X,2,3.5,3,70.0,Desktop,Evening (6-9pm),434,568,4,15,4,2,6,Memes,Fast,0.165,Sometimes,72.31,Business/Marketing,No impact,5.9,Somewhat,Selected,Public,No,2022-05-09,Inspired,Occasionally,25-34,1458,Medium,21
USR01993,36,Male,USA,Other,TikTok,3,2.2,5,26.4,Smartphone,Late Night (12am+),4637,2554,2,20,4,1,11,Educational,Medium,0.199,No,0.0,News & Updates,No impact,5.1,Yes,Do Not Disturb,Public,No,2023-06-26,Bored,Yes,35-44,1045,Medium,25
USR01994,32,Male,UAE,Researcher,YouTube,4,4.7,4,70.5,Desktop,Morning (6-10am),13,54,1,26,3,3,7,Educational,Fast,0.123,Yes,7.62,Socializing,Mild impact,5.8,Somewhat,Do Not Disturb,Private,No,2024-01-27,Stressed,Yes,25-34,830,Medium,32
USR01995,29,Female,Pakistan,Entrepreneur,YouTube,2,0.9,3,18.0,Smartphone,Afternoon (12-4pm),270,219,2,22,3,1,6,Memes,Medium,0.188,No,0.0,Socializing,Mild impact,5.4,Somewhat,Always On,Public,No,2023-04-25,Stressed,Yes,25-34,1107,Medium,26
USR01996,35,Female,Pakistan,Designer,TikTok,5,2.0,7,17.1,Smartphone,Morning (6-10am),27,703,5,26,5,1,10,Videos,Medium,0.162,Sometimes,40.76,Learning,Moderate impact,9.0,Yes,Off,Friends Only,No,2022-03-29,Happy,Yes,35-44,1499,High,32
USR01997,26,Male,USA,Researcher,Facebook,5,3.9,4,58.5,Smartphone,Late Night (12am+),398,254,3,31,2,3,6,Videos,Fast,0.089,Sometimes,37.04,Business/Marketing,No impact,4.1,Yes,Selected,Friends Only,No,2023-02-28,Stressed,Yes,25-34,1163,Medium,36
USR01998,19,Female,Pakistan,Engineer,Facebook,2,7.1,7,60.9,Laptop,Evening (6-9pm),284,298,4,16,3,1,5,Entertainment,Fast,0.27,Yes,19.26,Learning,Moderate impact,7.7,Somewhat,Selected,Friends Only,No,2024-11-26,Stressed,Occasionally,18-24,526,High,20
USR01999,25,Male,India,Researcher,TikTok,4,4.9,6,49.0,Laptop,Night (9pm-12am),767,153,1,24,5,4,9,Educational,Medium,0.15,Sometimes,67.37,Business/Marketing,Moderate impact,5.1,Yes,Always On,Public,No,2024-01-10,Happy,No,25-34,847,Medium,33
USR02000,21,Male,Pakistan,Entrepreneur,TikTok,5,2.8,4,42.0,Laptop,Night (9pm-12am),223,146,4,16,6,0,9,Memes,Fast,0.269,No,0.0,Socializing,Mild impact,6.8,Yes,Off,Friends Only,No,2024-03-05,Neutral,Occasionally,18-24,792,Medium,22
